row_id,institution,partner_name,partner_country,partner_type,mobility_type,source_url,evidence_quote,confidence,partner_scope,verified,verify_note,scraped_at
r001,FUNDACION CANARIA GENERAL DE LA UNIVERSIDAD DE LA LAGUNA,STARS EU,unknown,network,unknown,https://www.ull.es/internacional/erasmus/,Investigadores de STARS EU exploran en la ULL proyectos de colaboración en turismo,0.9,International,yes,quote found on page,2026-10-07T17:07:26Z
r001,FUNDACION CANARIA GENERAL DE LA UNIVERSIDAD DE LA LAGUNA,Pipe,unknown,other,unknown,https://www.ull.es/internacional/erasmus/,La ULL celebra el final del proyecto europeo Pipe sobre riesgos de exclusión de personas migrantes,0.9,International,yes,quote found on page,2026-10-07T17:07:26Z
r001,FUNDACION CANARIA GENERAL DE LA UNIVERSIDAD DE LA LAGUNA,MathIA,unknown,other,unknown,https://www.ull.es/internacional/erasmus/,La ULL presenta en Madeira los cursos de formación docente del proyecto europeo MathIA,0.9,International,yes,quote found on page,2026-10-07T17:07:26Z
r001,FUNDACION CANARIA GENERAL DE LA UNIVERSIDAD DE LA LAGUNA,STARS-EU,unknown,network,unknown,https://www.ull.es/internacional/#programas-movilidad,[Blended Intensive Programs (BIPs) de la alianza STARS-EU],0.9,International,yes,quote found on page,2026-10-07T17:07:26Z
r001,FUNDACION CANARIA GENERAL DE LA UNIVERSIDAD DE LA LAGUNA,IMFAHE,unknown,network,unknown,https://www.ull.es/internacional/#programas-movilidad,[Red de Talentos IMFAHE],0.9,International,yes,quote found on page,2026-10-07T17:07:26Z
r001,FUNDACION CANARIA GENERAL DE LA UNIVERSIDAD DE LA LAGUNA,empresas y entidades colaboradoras,España,company,unknown,https://fg.ull.es/,empresas y entidades colaboradoras,0.9,National,yes,quote found on page,2026-10-07T17:07:26Z
r001,FUNDACION CANARIA GENERAL DE LA UNIVERSIDAD DE LA LAGUNA,Santander,unknown,other,unknown,https://fg.ull.es/,Actualización listados: “Becas Santander / Ayudas Predoctorales 2026” para la participación en congresos o jornadas de investigación internacional.,0.9,International,yes,quote found on page,2026-10-07T17:07:26Z
r001,FUNDACION CANARIA GENERAL DE LA UNIVERSIDAD DE LA LAGUNA,Red de Talentos IMFAHE,unknown,network,unknown,https://www.ull.es/internacional/#programas-movilidad,[Red de Talentos IMFAHE],0.9,International,yes,quote found on page,2026-10-07T17:07:26Z
r002,ECOLE NATIONALE SUPERIEURE DES ARTS DECORATIFS,L’Ecole Polytechnique,France,university,unknown,https://www.ensad.fr/fr/partenaires,La chaire Arts et Sciences en partenariat avec L’Ecole Polytechnique et la Fondation Daniel et Nina Carasso ;,0.9,National,yes,quote found on page,2026-10-07T17:10:16Z
r002,ECOLE NATIONALE SUPERIEURE DES ARTS DECORATIFS,Ecole des Mines Paris Tech,France,university,unknown,https://www.ensad.fr/fr/partenaires,"Laboratoire Mécatronique de l’Ecole des Mines Paris Tech,",0.9,National,yes,quote found on page,2026-10-07T17:10:16Z
r002,ECOLE NATIONALE SUPERIEURE DES ARTS DECORATIFS,Sorbonne Université,France,university,unknown,https://www.ensad.fr/fr/partenaires,"L’Institut des systèmes intelligents et de robotique (ISIR) de Sorbonne Université,",0.9,National,yes,quote found on page,2026-10-07T17:10:16Z
r002,ECOLE NATIONALE SUPERIEURE DES ARTS DECORATIFS,Université de Franche-Comté,France,university,unknown,https://www.ensad.fr/fr/partenaires,Laboratoire Electronique Mécanique Thermique et Optique – Sciences et Technologies –FEMTO de l’Université de Franche-Comté,0.9,National,yes,quote found on page,2026-10-07T17:10:16Z
r002,ECOLE NATIONALE SUPERIEURE DES ARTS DECORATIFS,Université Technologique de Compiègne,France,university,unknown,https://www.ensad.fr/fr/partenaires,Laboratoire Connaissance Organisation et Systèmes TECHniques (COSTECH) de l’Université Technologique de Compiègne,0.9,National,yes,quote found on page,2026-10-07T17:10:16Z
r002,ECOLE NATIONALE SUPERIEURE DES ARTS DECORATIFS,Université Paris 8 Vincennes Saint Denis,France,university,unknown,https://www.ensad.fr/fr/partenaires,Laboratoire Image Numérique &Réalité Virtuelle de L’Université Paris 8 Vincennes Saint Denis,0.9,National,yes,quote found on page,2026-10-07T17:10:16Z
r002,ECOLE NATIONALE SUPERIEURE DES ARTS DECORATIFS,Royal Danish Academy,Denmark,university,unknown,https://www.ensad.fr/fr/partenaires,Centre for Information Technologies and Architecture (CITA) de la Royal Danish Academy au Danemark,0.9,International,yes,quote found on page,2026-10-07T17:10:16Z
r002,ECOLE NATIONALE SUPERIEURE DES ARTS DECORATIFS,École Normale Supérieure,France,university,unknown,https://www.ensad.fr/fr/salt-steam-le-sel-et-la-vapeur,"Ce projet a bénéficié du soutien de la Chaire Vulnérabilités & Capabilités, Vivre avec une maladie génétique – Design, sciences et humanités au service du soin, en partenariat avec l'École Normale Supérieure et l'Institut Imagine. La chaire est soutenue par le Richard Mille Fund et la Fondation Groupama.",0.9,National,yes,quote found on page,2026-10-07T17:10:16Z
r002,ECOLE NATIONALE SUPERIEURE DES ARTS DECORATIFS,PSL,France,university,unknown,https://www.ensad.fr/fr,"Lieu de foisonnement intellectuel, créatif et artistique depuis plus de 260 ans, l’École des Arts Décoratifs - PSL a pour vocation de former les futur·es artistes et designers à être les créateur·ices du décor contemporain et les “transformateur·ices” du monde de demain.",0.9,National,yes,quote found on page,2026-10-07T17:10:16Z
r002,ECOLE NATIONALE SUPERIEURE DES ARTS DECORATIFS,ADAGP,France,other,unknown,https://www.ensad.fr/fr,10e édition du prix Révélation Design ADAGP x École des Arts Décoratifs – PSL : exposition des finalistes,0.9,National,yes,quote found on page,2026-10-07T17:10:16Z
r002,ECOLE NATIONALE SUPERIEURE DES ARTS DECORATIFS,Mobilier national,France,other,unknown,https://www.ensad.fr/fr,« Référence / Irrévérence » : Exposition Prix Mobilier National & Jeune Création 2026,0.9,National,yes,quote found on page,2026-10-07T17:10:16Z
r002,ECOLE NATIONALE SUPERIEURE DES ARTS DECORATIFS,Laboratoire d’excellence ICCA,France,other,unknown,https://www.ensad.fr/fr/partenaires,Laboratoire d’excellence ICCA autour des industries culturelles,0.9,National,yes,quote found on page,2026-10-07T17:10:16Z
r002,ECOLE NATIONALE SUPERIEURE DES ARTS DECORATIFS,École Universitaire de Recherche ArTEC,France,other,unknown,https://www.ensad.fr/fr/partenaires,"École Universitaire de Recherche ArTEC autour de « arts, technologies, numérique, médiations humaines et création »",0.9,National,yes,quote found on page,2026-10-07T17:10:16Z
r002,ECOLE NATIONALE SUPERIEURE DES ARTS DECORATIFS,Institut Carnot Cognition,France,other,unknown,https://www.ensad.fr/fr/partenaires,Institut Carnot Cognition qui regroupe les principaux laboratoires français dans le champ de la cognition,0.9,National,yes,quote found on page,2026-10-07T17:10:16Z
r002,ECOLE NATIONALE SUPERIEURE DES ARTS DECORATIFS,Programmes et équipements prioritaires de recherche (PEPR) VLAN,France,other,unknown,https://www.ensad.fr/fr/partenaires,"Programmes et équipements prioritaires de recherche (PEPR) VLAN « Recyclabilité, recyclage et réincorporation des matériaux recyclés »",0.9,National,yes,quote found on page,2026-10-07T17:10:16Z
r002,ECOLE NATIONALE SUPERIEURE DES ARTS DECORATIFS,Programmes et équipements prioritaires de recherche (PEPR) O2R,France,other,unknown,https://www.ensad.fr/fr/partenaires,Programmes et équipements prioritaires de recherche (PEPR) O2R (robotique),0.9,National,yes,quote found on page,2026-10-07T17:10:16Z
r002,ECOLE NATIONALE SUPERIEURE DES ARTS DECORATIFS,Arcintex,unknown,other,unknown,https://www.ensad.fr/fr/partenaires,"Arcintex dédié aux intersections entre Architecture, Design d’Interaction et Textile",0.9,International,yes,quote found on page,2026-10-07T17:10:16Z
r002,ECOLE NATIONALE SUPERIEURE DES ARTS DECORATIFS,Cluster Matters of Activity,unknown,other,unknown,https://www.ensad.fr/fr/partenaires,Cluster Matters of Activity dédié au développement d’une nouvelle culture matérielle,0.9,International,yes,quote found on page,2026-10-07T17:10:16Z
r002,ECOLE NATIONALE SUPERIEURE DES ARTS DECORATIFS,Hexagram,unknown,other,unknown,https://www.ensad.fr/fr/partenaires,"Hexagram dédié à la recherche-création en arts médiatiques, design, technologie et culture numérique",0.9,International,yes,quote found on page,2026-10-07T17:10:16Z
r002,ECOLE NATIONALE SUPERIEURE DES ARTS DECORATIFS,Techtera,France,other,unknown,https://www.ensad.fr/fr/partenaires,"Techtera Pôle de compétitivité dédié à la filière textile française,",0.9,National,yes,quote found on page,2026-10-07T17:10:16Z
r002,ECOLE NATIONALE SUPERIEURE DES ARTS DECORATIFS,Agence Nationale de la Recherche Technologique (ANRT),France,other,unknown,https://www.ensad.fr/fr/partenaires,L’Agence Nationale de la Recherche Technologique (ANRT).,0.9,National,yes,quote found on page,2026-10-07T17:10:16Z
r002,ECOLE NATIONALE SUPERIEURE DES ARTS DECORATIFS,Fondation Daniel et Nina Carasso,unknown,other,unknown,https://www.ensad.fr/fr/partenaires,La chaire Arts et Sciences en partenariat avec L’Ecole Polytechnique et la Fondation Daniel et Nina Carasso ;,0.9,International,yes,quote found on page,2026-10-07T17:10:16Z
r002,ECOLE NATIONALE SUPERIEURE DES ARTS DECORATIFS,CNOUS,France,other,unknown,https://www.ensad.fr/fr/partenaires,La chaire « Mutation des vies étudiantes » en partenariat avec le CNOUS ;,0.9,National,yes,quote found on page,2026-10-07T17:10:16Z
r002,ECOLE NATIONALE SUPERIEURE DES ARTS DECORATIFS,DECATHLON,France,company,unknown,https://www.ensad.fr/fr/partenaires,"La Chaire Écodesign et Création, en partenariat avec DECATHLON.",0.9,National,yes,quote found on page,2026-10-07T17:10:16Z
r002,ECOLE NATIONALE SUPERIEURE DES ARTS DECORATIFS,Laboratoire Mécatronique de l’Ecole des Mines Paris Tech,France,university,unknown,https://www.ensad.fr/fr/partenaires,"Laboratoire Mécatronique de l’Ecole des Mines Paris Tech,",0.9,National,yes,quote found on page,2026-10-07T17:10:16Z
r002,ECOLE NATIONALE SUPERIEURE DES ARTS DECORATIFS,Institut des systèmes intelligents et de robotique (ISIR) de Sorbonne Université,France,university,unknown,https://www.ensad.fr/fr/partenaires,"L’Institut des systèmes intelligents et de robotique (ISIR) de Sorbonne Université,",0.9,National,yes,quote found on page,2026-10-07T17:10:16Z
r002,ECOLE NATIONALE SUPERIEURE DES ARTS DECORATIFS,Laboratoire Electronique Mécanique Thermique et Optique – Sciences et Technologies –FEMTO de l’Université de Franche-Comté,France,university,unknown,https://www.ensad.fr/fr/partenaires,Laboratoire Electronique Mécanique Thermique et Optique – Sciences et Technologies –FEMTO de l’Université de Franche-Comté,0.9,National,yes,quote found on page,2026-10-07T17:10:16Z
r002,ECOLE NATIONALE SUPERIEURE DES ARTS DECORATIFS,Laboratoire Connaissance Organisation et Systèmes TECHniques (COSTECH) de l’Université Technologique de Compiègne,France,university,unknown,https://www.ensad.fr/fr/partenaires,Laboratoire Connaissance Organisation et Systèmes TECHniques (COSTECH) de l’Université Technologique de Compiègne,0.9,National,yes,quote found on page,2026-10-07T17:10:16Z
r002,ECOLE NATIONALE SUPERIEURE DES ARTS DECORATIFS,Laboratoire Image Numérique &Réalité Virtuelle de L’Université Paris 8 Vincennes Saint Denis,France,university,unknown,https://www.ensad.fr/fr/partenaires,Laboratoire Image Numérique &Réalité Virtuelle de L’Université Paris 8 Vincennes Saint Denis,0.9,National,yes,quote found on page,2026-10-07T17:10:16Z
r002,ECOLE NATIONALE SUPERIEURE DES ARTS DECORATIFS,Centre for Information Technologies and Architecture (CITA) de la Royal Danish Academy,Danemark,university,unknown,https://www.ensad.fr/fr/partenaires,Centre for Information Technologies and Architecture (CITA) de la Royal Danish Academy au Danemark,0.9,International,yes,quote found on page,2026-10-07T17:10:16Z
r002,ECOLE NATIONALE SUPERIEURE DES ARTS DECORATIFS,EDF,France,company,unknown,https://www.ensad.fr/fr/partenaires,"Des entreprises : EDF, Balenciaga, Hermès, Orange, DECATHLON, IBM, LECTRA, Émotic, Suricats, SCAU, …",0.9,National,yes,quote found on page,2026-10-07T17:10:16Z
r002,ECOLE NATIONALE SUPERIEURE DES ARTS DECORATIFS,Balenciaga,France,company,unknown,https://www.ensad.fr/fr/partenaires,"Des entreprises : EDF, Balenciaga, Hermès, Orange, DECATHLON, IBM, LECTRA, Émotic, Suricats, SCAU, …",0.9,National,yes,quote found on page,2026-10-07T17:10:16Z
r002,ECOLE NATIONALE SUPERIEURE DES ARTS DECORATIFS,Hermès,France,company,unknown,https://www.ensad.fr/fr/partenaires,"Des entreprises : EDF, Balenciaga, Hermès, Orange, DECATHLON, IBM, LECTRA, Émotic, Suricats, SCAU, …",0.9,National,yes,quote found on page,2026-10-07T17:10:16Z
r002,ECOLE NATIONALE SUPERIEURE DES ARTS DECORATIFS,Orange,France,company,unknown,https://www.ensad.fr/fr/partenaires,"Des entreprises : EDF, Balenciaga, Hermès, Orange, DECATHLON, IBM, LECTRA, Émotic, Suricats, SCAU, …",0.9,National,yes,quote found on page,2026-10-07T17:10:16Z
r002,ECOLE NATIONALE SUPERIEURE DES ARTS DECORATIFS,IBM,unknown,company,unknown,https://www.ensad.fr/fr/partenaires,"Des entreprises : EDF, Balenciaga, Hermès, Orange, DECATHLON, IBM, LECTRA, Émotic, Suricats, SCAU, …",0.9,International,yes,quote found on page,2026-10-07T17:10:16Z
r002,ECOLE NATIONALE SUPERIEURE DES ARTS DECORATIFS,LECTRA,unknown,company,unknown,https://www.ensad.fr/fr/partenaires,"Des entreprises : EDF, Balenciaga, Hermès, Orange, DECATHLON, IBM, LECTRA, Émotic, Suricats, SCAU, …",0.9,International,yes,quote found on page,2026-10-07T17:10:16Z
r002,ECOLE NATIONALE SUPERIEURE DES ARTS DECORATIFS,Émotic,unknown,company,unknown,https://www.ensad.fr/fr/partenaires,"Des entreprises : EDF, Balenciaga, Hermès, Orange, DECATHLON, IBM, LECTRA, Émotic, Suricats, SCAU, …",0.9,International,yes,quote found on page,2026-10-07T17:10:16Z
r002,ECOLE NATIONALE SUPERIEURE DES ARTS DECORATIFS,Suricats,unknown,company,unknown,https://www.ensad.fr/fr/partenaires,"Des entreprises : EDF, Balenciaga, Hermès, Orange, DECATHLON, IBM, LECTRA, Émotic, Suricats, SCAU, …",0.9,International,yes,quote found on page,2026-10-07T17:10:16Z
r002,ECOLE NATIONALE SUPERIEURE DES ARTS DECORATIFS,SCAU,unknown,company,unknown,https://www.ensad.fr/fr/partenaires,"Des entreprises : EDF, Balenciaga, Hermès, Orange, DECATHLON, IBM, LECTRA, Émotic, Suricats, SCAU, …",0.9,International,yes,quote found on page,2026-10-07T17:10:16Z
r002,ECOLE NATIONALE SUPERIEURE DES ARTS DECORATIFS,Conseil Départemental de Seine Saint Denis,France,other,unknown,https://www.ensad.fr/fr/partenaires,Des collectivités locales : Conseil Départemental de Seine Saint Denis,0.9,National,yes,quote found on page,2026-10-07T17:10:16Z
r002,ECOLE NATIONALE SUPERIEURE DES ARTS DECORATIFS,Institut Imagine,France,other,unknown,https://www.ensad.fr/fr/partenaires,"Des hôpitaux et instituts de recherche médicaux : Institut Imagine, Hôpital Necker, Hôpital Pitié Salpêtrière et Hôpital Cochin",0.9,National,yes,quote found on page,2026-10-07T17:10:16Z
r002,ECOLE NATIONALE SUPERIEURE DES ARTS DECORATIFS,Hôpital Necker,France,other,unknown,https://www.ensad.fr/fr/partenaires,"Des hôpitaux et instituts de recherche médicaux : Institut Imagine, Hôpital Necker, Hôpital Pitié Salpêtrière et Hôpital Cochin",0.9,National,yes,quote found on page,2026-10-07T17:10:16Z
r002,ECOLE NATIONALE SUPERIEURE DES ARTS DECORATIFS,Hôpital Pitié Salpêtrière,France,other,unknown,https://www.ensad.fr/fr/partenaires,"Des hôpitaux et instituts de recherche médicaux : Institut Imagine, Hôpital Necker, Hôpital Pitié Salpêtrière et Hôpital Cochin",0.9,National,yes,quote found on page,2026-10-07T17:10:16Z
r002,ECOLE NATIONALE SUPERIEURE DES ARTS DECORATIFS,Hôpital Cochin,France,other,unknown,https://www.ensad.fr/fr/partenaires,"Des hôpitaux et instituts de recherche médicaux : Institut Imagine, Hôpital Necker, Hôpital Pitié Salpêtrière et Hôpital Cochin",0.9,National,yes,quote found on page,2026-10-07T17:10:16Z
r002,ECOLE NATIONALE SUPERIEURE DES ARTS DECORATIFS,académie de Paris,France,other,unknown,https://www.ensad.fr/fr/campus-mode-metiers-dart-et-design,"Porté depuis 2023 par l’École des Arts Décoratifs – PSL, le Campus Mode, Métiers d’Art & Design - MoMADe est implanté au cœur de la manufacture des Gobelins du Mobilier national, cofondateur aux côtés de l’académie de Paris et de la Région Île-de-France.",0.9,National,yes,quote found on page,2026-10-07T17:10:16Z
r002,ECOLE NATIONALE SUPERIEURE DES ARTS DECORATIFS,Région Île-de-France,France,other,unknown,https://www.ensad.fr/fr/campus-mode-metiers-dart-et-design,"Porté depuis 2023 par l’École des Arts Décoratifs – PSL, le Campus Mode, Métiers d’Art & Design - MoMADe est implanté au cœur de la manufacture des Gobelins du Mobilier national, cofondateur aux côtés de l’académie de Paris et de la Région Île-de-France.",0.9,National,yes,quote found on page,2026-10-07T17:10:16Z
r002,ECOLE NATIONALE SUPERIEURE DES ARTS DECORATIFS,Richard Mille Fund,unknown,other,unknown,https://www.ensad.fr/fr/salt-steam-le-sel-et-la-vapeur,"Ce projet a bénéficié du soutien de la Chaire Vulnérabilités & Capabilités, Vivre avec une maladie génétique – Design, sciences et humanités au service du soin, en partenariat avec l'École Normale Supérieure et l'Institut Imagine. La chaire est soutenue par le Richard Mille Fund et la Fondation Groupama.",0.9,International,yes,quote found on page,2026-10-07T17:10:16Z
r002,ECOLE NATIONALE SUPERIEURE DES ARTS DECORATIFS,Fondation Groupama,unknown,other,unknown,https://www.ensad.fr/fr/salt-steam-le-sel-et-la-vapeur,"Ce projet a bénéficié du soutien de la Chaire Vulnérabilités & Capabilités, Vivre avec une maladie génétique – Design, sciences et humanités au service du soin, en partenariat avec l'École Normale Supérieure et l'Institut Imagine. La chaire est soutenue par le Richard Mille Fund et la Fondation Groupama.",0.9,International,yes,quote found on page,2026-10-07T17:10:16Z
r003,Utenos kolegija,Rėzeknės technologijų akademija,Latvia,university,unknown,https://www.utenos-kolegija.lt/visuomenei/bendradarbiavimas,"Strateginiai užsienio partneriai - Rėzeknės technologijų akademija, Daugpilio medicinos mokykla, Plovdivo medicinos universitetas, Rygos teisės kolegija, Radomo ekonomikos akademija, Talino sveikatos priežiūros kolegija ir kt.",0.9,Unknown,yes,quote found on page,2026-10-07T17:10:42Z
r003,Utenos kolegija,Daugpilio medicinos mokykla,Latvia,school,unknown,https://www.utenos-kolegija.lt/visuomenei/bendradarbiavimas,"Strateginiai užsienio partneriai - Rėzeknės technologijų akademija, Daugpilio medicinos mokykla, Plovdivo medicinos universitetas, Rygos teisės kolegija, Radomo ekonomikos akademija, Talino sveikatos priežiūros kolegija ir kt.",0.9,Unknown,yes,quote found on page,2026-10-07T17:10:42Z
r003,Utenos kolegija,Plovdivo medicinos universitetas,Bulgaria,university,unknown,https://www.utenos-kolegija.lt/visuomenei/bendradarbiavimas,"Strateginiai užsienio partneriai - Rėzeknės technologijų akademija, Daugpilio medicinos mokykla, Plovdivo medicinos universitetas, Rygos teisės kolegija, Radomo ekonomikos akademija, Talino sveikatos priežiūros kolegija ir kt.",0.9,Unknown,yes,quote found on page,2026-10-07T17:10:42Z
r003,Utenos kolegija,Rygos teisės kolegija,Latvia,college,unknown,https://www.utenos-kolegija.lt/visuomenei/bendradarbiavimas,"Strateginiai užsienio partneriai - Rėzeknės technologijų akademija, Daugpilio medicinos mokykla, Plovdivo medicinos universitetas, Rygos teisės kolegija, Radomo ekonomikos akademija, Talino sveikatos priežiūros kolegija ir kt.",0.9,Unknown,yes,quote found on page,2026-10-07T17:10:42Z
r003,Utenos kolegija,Radomo ekonomikos akademija,Poland,university,unknown,https://www.utenos-kolegija.lt/visuomenei/bendradarbiavimas,"Strateginiai užsienio partneriai - Rėzeknės technologijų akademija, Daugpilio medicinos mokykla, Plovdivo medicinos universitetas, Rygos teisės kolegija, Radomo ekonomikos akademija, Talino sveikatos priežiūros kolegija ir kt.",0.9,Unknown,yes,quote found on page,2026-10-07T17:10:42Z
r003,Utenos kolegija,Talino sveikatos priežiūros kolegija,Estonia,college,unknown,https://www.utenos-kolegija.lt/visuomenei/bendradarbiavimas,"Strateginiai užsienio partneriai - Rėzeknės technologijų akademija, Daugpilio medicinos mokykla, Plovdivo medicinos universitetas, Rygos teisės kolegija, Radomo ekonomikos akademija, Talino sveikatos priežiūros kolegija ir kt.",0.9,Unknown,yes,quote found on page,2026-10-07T17:10:42Z
r003,Utenos kolegija,Erasmus+,unknown,network,unknown,https://www.utenos-kolegija.lt/,[erasmus+],0.9,Unknown,yes,quote found on page,2026-10-07T17:10:42Z
r003,Utenos kolegija,Study in Lithuania,Lithuania,other,unknown,https://www.utenos-kolegija.lt/,[Study in Lithuania],0.9,Unknown,yes,quote found on page,2026-10-07T17:10:42Z
r003,Utenos kolegija,4icu,unknown,other,unknown,https://www.utenos-kolegija.lt/,[4icu],0.9,Unknown,yes,quote found on page,2026-10-07T17:10:42Z
r003,Utenos kolegija,Valstybinis studijų fondas,Lithuania,other,unknown,https://www.utenos-kolegija.lt/,[Valstybinis studijų fondas],0.9,Unknown,yes,quote found on page,2026-10-07T17:10:42Z
r003,Utenos kolegija,Aikos,Lithuania,other,unknown,https://www.utenos-kolegija.lt/,[Aikos],0.9,Unknown,yes,quote found on page,2026-10-07T17:10:42Z
r003,Utenos kolegija,Epale,unknown,network,unknown,https://www.utenos-kolegija.lt/,[Epale],0.9,Unknown,yes,quote found on page,2026-10-07T17:10:42Z
r003,Utenos kolegija,Erasmus+ ELPE,unknown,network,unknown,https://www.utenos-kolegija.lt/,[Erasmus+ ELPE],0.9,Unknown,yes,quote found on page,2026-10-07T17:10:42Z
r003,Utenos kolegija,Erasmus+ App,unknown,other,unknown,https://www.utenos-kolegija.lt/,[Erasmus+ App],0.9,Unknown,yes,quote found on page,2026-10-07T17:10:42Z
r003,Utenos kolegija,Europos Komisija,unknown,other,unknown,https://www.utenos-kolegija.lt/upload/file_manager/Studentams/Erasmus/Erasmus_student%C5%B3_dalyvavimo_tvarka_2024.pdf,2. Aprašas parengtas vadovaujantis Europos Komisijos (toliau – EK) dotacijos sutartimis,0.9,Unknown,yes,quote found on page,2026-10-07T17:10:42Z
r003,Utenos kolegija,Švietimo mainų paramos fondas,Lithuania,other,unknown,https://www.utenos-kolegija.lt/upload/file_manager/Studentams/Erasmus/Erasmus_student%C5%B3_dalyvavimo_tvarka_2024.pdf,"tarp Švietimo mainų paramos fondo (toliau – ŠMPF) ir Kolegijos, Lietuvos Respublikos švietimo,",0.9,Unknown,yes,quote found on page,2026-10-07T17:10:42Z
r003,Utenos kolegija,Erasmus+ Dashboard,unknown,other,unknown,https://www.utenos-kolegija.lt/upload/file_manager/Studentams/Erasmus/Erasmus_student%C5%B3_dalyvavimo_tvarka_2024.pdf,dekanas. Elektroninė studijų sutartis („Online Learning Agreement“) pasirašoma „Erasmus+,0.9,Unknown,yes,quote found on page,2026-10-07T17:10:42Z
r003,Utenos kolegija,Utenos ligoninė,Lithuania,other,unknown,https://www.utenos-kolegija.lt/visuomenei/bendradarbiavimas,"Ypač glaudus bendradarbiavimas sieja su Utenos ligonine ir Priminės sveikatos priežiūros centru, LR Odontologų rūmais, uždarosiomis akcinėmis bendrovėmis „Rokiškio sūris“, „Utenos trikotažas“, „Biovela Group“, „Umaras“, „Utenos vandenys“, „Nosted mechanika“, „Elektros tinklo paslaugos“ „Utenos šilumos tinklai“, Festo, „Švyturys – Utenos alus“ Utenos alaus darykla, Utenos vyriausiuoju policijos komisariatu, Utenos rajono savivaldybe, Panevėžio prekybos, pramonės ir amatų rūmų Utenos filialu, VšĮ ",0.9,Unknown,yes,quote found on page,2026-10-07T17:10:42Z
r003,Utenos kolegija,Priminės sveikatos priežiūros centras,Lithuania,other,unknown,https://www.utenos-kolegija.lt/visuomenei/bendradarbiavimas,"Ypač glaudus bendradarbiavimas sieja su Utenos ligonine ir Priminės sveikatos priežiūros centru, LR Odontologų rūmais, uždarosiomis akcinėmis bendrovėmis „Rokiškio sūris“, „Utenos trikotažas“, „Biovela Group“, „Umaras“, „Utenos vandenys“, „Nosted mechanika“, „Elektros tinklo paslaugos“ „Utenos šilumos tinklai“, Festo, „Švyturys – Utenos alus“ Utenos alaus darykla, Utenos vyriausiuoju policijos komisariatu, Utenos rajono savivaldybe, Panevėžio prekybos, pramonės ir amatų rūmų Utenos filialu, VšĮ ",0.9,Unknown,yes,quote found on page,2026-10-07T17:10:42Z
r003,Utenos kolegija,LR Odontologų rūmai,Lithuania,other,unknown,https://www.utenos-kolegija.lt/visuomenei/bendradarbiavimas,"Ypač glaudus bendradarbiavimas sieja su Utenos ligonine ir Priminės sveikatos priežiūros centru, LR Odontologų rūmais, uždarosiomis akcinėmis bendrovėmis „Rokiškio sūris“, „Utenos trikotažas“, „Biovela Group“, „Umaras“, „Utenos vandenys“, „Nosted mechanika“, „Elektros tinklo paslaugos“ „Utenos šilumos tinklai“, Festo, „Švyturys – Utenos alus“ Utenos alaus darykla, Utenos vyriausiuoju policijos komisariatu, Utenos rajono savivaldybe, Panevėžio prekybos, pramonės ir amatų rūmų Utenos filialu, VšĮ ",0.9,Unknown,yes,quote found on page,2026-10-07T17:10:42Z
r003,Utenos kolegija,Rokiškio sūris,Lithuania,company,unknown,https://www.utenos-kolegija.lt/visuomenei/bendradarbiavimas,"Ypač glaudus bendradarbiavimas sieja su Utenos ligonine ir Priminės sveikatos priežiūros centru, LR Odontologų rūmais, uždarosiomis akcinėmis bendrovėmis „Rokiškio sūris“, „Utenos trikotažas“, „Biovela Group“, „Umaras“, „Utenos vandenys“, „Nosted mechanika“, „Elektros tinklo paslaugos“ „Utenos šilumos tinklai“, Festo, „Švyturys – Utenos alus“ Utenos alaus darykla, Utenos vyriausiuoju policijos komisariatu, Utenos rajono savivaldybe, Panevėžio prekybos, pramonės ir amatų rūmų Utenos filialu, VšĮ ",0.9,Unknown,yes,quote found on page,2026-10-07T17:10:42Z
r003,Utenos kolegija,Utenos trikotažas,Lithuania,company,unknown,https://www.utenos-kolegija.lt/visuomenei/bendradarbiavimas,"Ypač glaudus bendradarbiavimas sieja su Utenos ligonine ir Priminės sveikatos priežiūros centru, LR Odontologų rūmais, uždarosiomis akcinėmis bendrovėmis „Rokiškio sūris“, „Utenos trikotažas“, „Biovela Group“, „Umaras“, „Utenos vandenys“, „Nosted mechanika“, „Elektros tinklo paslaugos“ „Utenos šilumos tinklai“, Festo, „Švyturys – Utenos alus“ Utenos alaus darykla, Utenos vyriausiuoju policijos komisariatu, Utenos rajono savivaldybe, Panevėžio prekybos, pramonės ir amatų rūmų Utenos filialu, VšĮ ",0.9,Unknown,yes,quote found on page,2026-10-07T17:10:42Z
r003,Utenos kolegija,Biovela Group,Lithuania,company,unknown,https://www.utenos-kolegija.lt/visuomenei/bendradarbiavimas,"Ypač glaudus bendradarbiavimas sieja su Utenos ligonine ir Priminės sveikatos priežiūros centru, LR Odontologų rūmais, uždarosiomis akcinėmis bendrovėmis „Rokiškio sūris“, „Utenos trikotažas“, „Biovela Group“, „Umaras“, „Utenos vandenys“, „Nosted mechanika“, „Elektros tinklo paslaugos“ „Utenos šilumos tinklai“, Festo, „Švyturys – Utenos alus“ Utenos alaus darykla, Utenos vyriausiuoju policijos komisariatu, Utenos rajono savivaldybe, Panevėžio prekybos, pramonės ir amatų rūmų Utenos filialu, VšĮ ",0.9,Unknown,yes,quote found on page,2026-10-07T17:10:42Z
r003,Utenos kolegija,Umaras,Lithuania,company,unknown,https://www.utenos-kolegija.lt/visuomenei/bendradarbiavimas,"Ypač glaudus bendradarbiavimas sieja su Utenos ligonine ir Priminės sveikatos priežiūros centru, LR Odontologų rūmais, uždarosiomis akcinėmis bendrovėmis „Rokiškio sūris“, „Utenos trikotažas“, „Biovela Group“, „Umaras“, „Utenos vandenys“, „Nosted mechanika“, „Elektros tinklo paslaugos“ „Utenos šilumos tinklai“, Festo, „Švyturys – Utenos alus“ Utenos alaus darykla, Utenos vyriausiuoju policijos komisariatu, Utenos rajono savivaldybe, Panevėžio prekybos, pramonės ir amatų rūmų Utenos filialu, VšĮ ",0.9,Unknown,yes,quote found on page,2026-10-07T17:10:42Z
r003,Utenos kolegija,Utenos vandenys,Lithuania,company,unknown,https://www.utenos-kolegija.lt/visuomenei/bendradarbiavimas,"Ypač glaudus bendradarbiavimas sieja su Utenos ligonine ir Priminės sveikatos priežiūros centru, LR Odontologų rūmais, uždarosiomis akcinėmis bendrovėmis „Rokiškio sūris“, „Utenos trikotažas“, „Biovela Group“, „Umaras“, „Utenos vandenys“, „Nosted mechanika“, „Elektros tinklo paslaugos“ „Utenos šilumos tinklai“, Festo, „Švyturys – Utenos alus“ Utenos alaus darykla, Utenos vyriausiuoju policijos komisariatu, Utenos rajono savivaldybe, Panevėžio prekybos, pramonės ir amatų rūmų Utenos filialu, VšĮ ",0.9,Unknown,yes,quote found on page,2026-10-07T17:10:42Z
r003,Utenos kolegija,Nosted mechanika,Lithuania,company,unknown,https://www.utenos-kolegija.lt/visuomenei/bendradarbiavimas,"Ypač glaudus bendradarbiavimas sieja su Utenos ligonine ir Priminės sveikatos priežiūros centru, LR Odontologų rūmais, uždarosiomis akcinėmis bendrovėmis „Rokiškio sūris“, „Utenos trikotažas“, „Biovela Group“, „Umaras“, „Utenos vandenys“, „Nosted mechanika“, „Elektros tinklo paslaugos“ „Utenos šilumos tinklai“, Festo, „Švyturys – Utenos alus“ Utenos alaus darykla, Utenos vyriausiuoju policijos komisariatu, Utenos rajono savivaldybe, Panevėžio prekybos, pramonės ir amatų rūmų Utenos filialu, VšĮ ",0.9,Unknown,yes,quote found on page,2026-10-07T17:10:42Z
r003,Utenos kolegija,Elektros tinklo paslaugos,Lithuania,company,unknown,https://www.utenos-kolegija.lt/visuomenei/bendradarbiavimas,"Ypač glaudus bendradarbiavimas sieja su Utenos ligonine ir Priminės sveikatos priežiūros centru, LR Odontologų rūmais, uždarosiomis akcinėmis bendrovėmis „Rokiškio sūris“, „Utenos trikotažas“, „Biovela Group“, „Umaras“, „Utenos vandenys“, „Nosted mechanika“, „Elektros tinklo paslaugos“ „Utenos šilumos tinklai“, Festo, „Švyturys – Utenos alus“ Utenos alaus darykla, Utenos vyriausiuoju policijos komisariatu, Utenos rajono savivaldybe, Panevėžio prekybos, pramonės ir amatų rūmų Utenos filialu, VšĮ ",0.9,Unknown,yes,quote found on page,2026-10-07T17:10:42Z
r003,Utenos kolegija,Utenos šilumos tinklai,Lithuania,company,unknown,https://www.utenos-kolegija.lt/visuomenei/bendradarbiavimas,"Ypač glaudus bendradarbiavimas sieja su Utenos ligonine ir Priminės sveikatos priežiūros centru, LR Odontologų rūmais, uždarosiomis akcinėmis bendrovėmis „Rokiškio sūris“, „Utenos trikotažas“, „Biovela Group“, „Umaras“, „Utenos vandenys“, „Nosted mechanika“, „Elektros tinklo paslaugos“ „Utenos šilumos tinklai“, Festo, „Švyturys – Utenos alus“ Utenos alaus darykla, Utenos vyriausiuoju policijos komisariatu, Utenos rajono savivaldybe, Panevėžio prekybos, pramonės ir amatų rūmų Utenos filialu, VšĮ ",0.9,Unknown,yes,quote found on page,2026-10-07T17:10:42Z
r003,Utenos kolegija,Festo,unknown,company,unknown,https://www.utenos-kolegija.lt/visuomenei/bendradarbiavimas,"Ypač glaudus bendradarbiavimas sieja su Utenos ligonine ir Priminės sveikatos priežiūros centru, LR Odontologų rūmais, uždarosiomis akcinėmis bendrovėmis „Rokiškio sūris“, „Utenos trikotažas“, „Biovela Group“, „Umaras“, „Utenos vandenys“, „Nosted mechanika“, „Elektros tinklo paslaugos“ „Utenos šilumos tinklai“, Festo, „Švyturys – Utenos alus“ Utenos alaus darykla, Utenos vyriausiuoju policijos komisariatu, Utenos rajono savivaldybe, Panevėžio prekybos, pramonės ir amatų rūmų Utenos filialu, VšĮ ",0.9,Unknown,yes,quote found on page,2026-10-07T17:10:42Z
r003,Utenos kolegija,Švyturys – Utenos alus,Lithuania,company,unknown,https://www.utenos-kolegija.lt/visuomenei/bendradarbiavimas,"Ypač glaudus bendradarbiavimas sieja su Utenos ligonine ir Priminės sveikatos priežiūros centru, LR Odontologų rūmais, uždarosiomis akcinėmis bendrovėmis „Rokiškio sūris“, „Utenos trikotažas“, „Biovela Group“, „Umaras“, „Utenos vandenys“, „Nosted mechanika“, „Elektros tinklo paslaugos“ „Utenos šilumos tinklai“, Festo, „Švyturys – Utenos alus“ Utenos alaus darykla, Utenos vyriausiuoju policijos komisariatu, Utenos rajono savivaldybe, Panevėžio prekybos, pramonės ir amatų rūmų Utenos filialu, VšĮ ",0.9,Unknown,yes,quote found on page,2026-10-07T17:10:42Z
r003,Utenos kolegija,Utenos vyriausiasis policijos komisariatas,Lithuania,other,unknown,https://www.utenos-kolegija.lt/visuomenei/bendradarbiavimas,"Ypač glaudus bendradarbiavimas sieja su Utenos ligonine ir Priminės sveikatos priežiūros centru, LR Odontologų rūmais, uždarosiomis akcinėmis bendrovėmis „Rokiškio sūris“, „Utenos trikotažas“, „Biovela Group“, „Umaras“, „Utenos vandenys“, „Nosted mechanika“, „Elektros tinklo paslaugos“ „Utenos šilumos tinklai“, Festo, „Švyturys – Utenos alus“ Utenos alaus darykla, Utenos vyriausiuoju policijos komisariatu, Utenos rajono savivaldybe, Panevėžio prekybos, pramonės ir amatų rūmų Utenos filialu, VšĮ ",0.9,Unknown,yes,quote found on page,2026-10-07T17:10:42Z
r003,Utenos kolegija,Utenos rajono savivaldybė,Lithuania,other,unknown,https://www.utenos-kolegija.lt/visuomenei/bendradarbiavimas,"Ypač glaudus bendradarbiavimas sieja su Utenos ligonine ir Priminės sveikatos priežiūros centru, LR Odontologų rūmais, uždarosiomis akcinėmis bendrovėmis „Rokiškio sūris“, „Utenos trikotažas“, „Biovela Group“, „Umaras“, „Utenos vandenys“, „Nosted mechanika“, „Elektros tinklo paslaugos“ „Utenos šilumos tinklai“, Festo, „Švyturys – Utenos alus“ Utenos alaus darykla, Utenos vyriausiuoju policijos komisariatu, Utenos rajono savivaldybe, Panevėžio prekybos, pramonės ir amatų rūmų Utenos filialu, VšĮ ",0.9,Unknown,yes,quote found on page,2026-10-07T17:10:42Z
r003,Utenos kolegija,"Panevėžio prekybos, pramonės ir amatų rūmų Utenos filialas",Lithuania,other,unknown,https://www.utenos-kolegija.lt/visuomenei/bendradarbiavimas,"Ypač glaudus bendradarbiavimas sieja su Utenos ligonine ir Priminės sveikatos priežiūros centru, LR Odontologų rūmais, uždarosiomis akcinėmis bendrovėmis „Rokiškio sūris“, „Utenos trikotažas“, „Biovela Group“, „Umaras“, „Utenos vandenys“, „Nosted mechanika“, „Elektros tinklo paslaugos“ „Utenos šilumos tinklai“, Festo, „Švyturys – Utenos alus“ Utenos alaus darykla, Utenos vyriausiuoju policijos komisariatu, Utenos rajono savivaldybe, Panevėžio prekybos, pramonės ir amatų rūmų Utenos filialu, VšĮ ",0.9,Unknown,yes,quote found on page,2026-10-07T17:10:42Z
r003,Utenos kolegija,Lietuvos nuotolinio ir e. mokymosi (LieDM) asociacija,Lithuania,network,unknown,https://www.utenos-kolegija.lt/visuomenei/bendradarbiavimas,"Kolegija yra Lietuvos nuotolinio ir e. mokymosi (LieDM) asociacijos, Lietuvos suaugusiųjų švietimo asociacijos (LSŠA) ir kitų asociacijų ir organizacijų narė.",0.9,Unknown,yes,quote found on page,2026-10-07T17:10:42Z
r003,Utenos kolegija,Lietuvos suaugusiųjų švietimo asociacija (LSŠA),Lithuania,network,unknown,https://www.utenos-kolegija.lt/visuomenei/bendradarbiavimas,"Kolegija yra Lietuvos nuotolinio ir e. mokymosi (LieDM) asociacijos, Lietuvos suaugusiųjų švietimo asociacijos (LSŠA) ir kitų asociacijų ir organizacijų narė.",0.9,Unknown,yes,quote found on page,2026-10-07T17:10:42Z
r003,Utenos kolegija,Kauno technologijos universitetas,Lithuania,university,unknown,https://www.utenos-kolegija.lt/visuomenei/bendradarbiavimas,"Svarbus Kolegijos veiklos aspektas - bendradarbiavimas su universitetais ir profesinio mokymo centrais - mokslinės, akademinės, projektinės, tęstinių studijų ir kitose srityse. Kolegijos bazėje ne vienerius metus vykdomos Kauno technologijos ir Mykolo Romerio universitetų magistrantūros studijos, tobulinat studijas bendrarbiaujame su Vilniaus universitetu, Vilniaus Gedimino technikos universitetu, Lietuvos sveikatos mokslų universitetu, Lietuvos edukologijos universitetu, Klaipėdos universitetu ",0.9,Unknown,yes,quote found on page,2026-10-07T17:10:42Z
r003,Utenos kolegija,Mykolo Romerio universitetas,Lithuania,university,unknown,https://www.utenos-kolegija.lt/visuomenei/bendradarbiavimas,"Svarbus Kolegijos veiklos aspektas - bendradarbiavimas su universitetais ir profesinio mokymo centrais - mokslinės, akademinės, projektinės, tęstinių studijų ir kitose srityse. Kolegijos bazėje ne vienerius metus vykdomos Kauno technologijos ir Mykolo Romerio universitetų magistrantūros studijos, tobulinat studijas bendrarbiaujame su Vilniaus universitetu, Vilniaus Gedimino technikos universitetu, Lietuvos sveikatos mokslų universitetu, Lietuvos edukologijos universitetu, Klaipėdos universitetu ",0.9,Unknown,yes,quote found on page,2026-10-07T17:10:42Z
r003,Utenos kolegija,Vilniaus universitetas,Lithuania,university,unknown,https://www.utenos-kolegija.lt/visuomenei/bendradarbiavimas,"Svarbus Kolegijos veiklos aspektas - bendradarbiavimas su universitetais ir profesinio mokymo centrais - mokslinės, akademinės, projektinės, tęstinių studijų ir kitose srityse. Kolegijos bazėje ne vienerius metus vykdomos Kauno technologijos ir Mykolo Romerio universitetų magistrantūros studijos, tobulinat studijas bendrarbiaujame su Vilniaus universitetu, Vilniaus Gedimino technikos universitetu, Lietuvos sveikatos mokslų universitetu, Lietuvos edukologijos universitetu, Klaipėdos universitetu ",0.9,Unknown,yes,quote found on page,2026-10-07T17:10:42Z
r003,Utenos kolegija,Vilniaus Gedimino technikos universitetas,Lithuania,university,unknown,https://www.utenos-kolegija.lt/visuomenei/bendradarbiavimas,"Svarbus Kolegijos veiklos aspektas - bendradarbiavimas su universitetais ir profesinio mokymo centrais - mokslinės, akademinės, projektinės, tęstinių studijų ir kitose srityse. Kolegijos bazėje ne vienerius metus vykdomos Kauno technologijos ir Mykolo Romerio universitetų magistrantūros studijos, tobulinat studijas bendrarbiaujame su Vilniaus universitetu, Vilniaus Gedimino technikos universitetu, Lietuvos sveikatos mokslų universitetu, Lietuvos edukologijos universitetu, Klaipėdos universitetu ",0.9,Unknown,yes,quote found on page,2026-10-07T17:10:42Z
r003,Utenos kolegija,Lietuvos sveikatos mokslų universitetas,Lithuania,university,unknown,https://www.utenos-kolegija.lt/visuomenei/bendradarbiavimas,"Svarbus Kolegijos veiklos aspektas - bendradarbiavimas su universitetais ir profesinio mokymo centrais - mokslinės, akademinės, projektinės, tęstinių studijų ir kitose srityse. Kolegijos bazėje ne vienerius metus vykdomos Kauno technologijos ir Mykolo Romerio universitetų magistrantūros studijos, tobulinat studijas bendrarbiaujame su Vilniaus universitetu, Vilniaus Gedimino technikos universitetu, Lietuvos sveikatos mokslų universitetu, Lietuvos edukologijos universitetu, Klaipėdos universitetu ",0.9,Unknown,yes,quote found on page,2026-10-07T17:10:42Z
r003,Utenos kolegija,Lietuvos edukologijos universitetas,Lithuania,university,unknown,https://www.utenos-kolegija.lt/visuomenei/bendradarbiavimas,"Svarbus Kolegijos veiklos aspektas - bendradarbiavimas su universitetais ir profesinio mokymo centrais - mokslinės, akademinės, projektinės, tęstinių studijų ir kitose srityse. Kolegijos bazėje ne vienerius metus vykdomos Kauno technologijos ir Mykolo Romerio universitetų magistrantūros studijos, tobulinat studijas bendrarbiaujame su Vilniaus universitetu, Vilniaus Gedimino technikos universitetu, Lietuvos sveikatos mokslų universitetu, Lietuvos edukologijos universitetu, Klaipėdos universitetu ",0.9,Unknown,yes,quote found on page,2026-10-07T17:10:42Z
r003,Utenos kolegija,Klaipėdos universitetas,Lithuania,university,unknown,https://www.utenos-kolegija.lt/visuomenei/bendradarbiavimas,"Svarbus Kolegijos veiklos aspektas - bendradarbiavimas su universitetais ir profesinio mokymo centrais - mokslinės, akademinės, projektinės, tęstinių studijų ir kitose srityse. Kolegijos bazėje ne vienerius metus vykdomos Kauno technologijos ir Mykolo Romerio universitetų magistrantūros studijos, tobulinat studijas bendrarbiaujame su Vilniaus universitetu, Vilniaus Gedimino technikos universitetu, Lietuvos sveikatos mokslų universitetu, Lietuvos edukologijos universitetu, Klaipėdos universitetu ",0.9,Unknown,yes,quote found on page,2026-10-07T17:10:42Z
r004,ECOLE D'INGENIEURS GENERALISTES -LAROCHELLE,Alten,France,company,unknown,https://www.eigsi.fr/entreprises/services/#club-partenaires-et-reseaux,Alten (2021),0.9,National,yes,quote found on page,2026-10-07T17:08:01Z
r004,ECOLE D'INGENIEURS GENERALISTES -LAROCHELLE,Ausy-Randstad digital,France,company,unknown,https://www.eigsi.fr/entreprises/services/#club-partenaires-et-reseaux,Ausy-Randstad digital (2022),0.9,National,yes,quote found on page,2026-10-07T17:08:01Z
r004,ECOLE D'INGENIEURS GENERALISTES -LAROCHELLE,Vinci Énergies et Services,France,company,unknown,https://www.eigsi.fr/entreprises/services/#club-partenaires-et-reseaux,Vinci Énergies et Services (2023),0.9,National,yes,quote found on page,2026-10-07T17:08:01Z
r004,ECOLE D'INGENIEURS GENERALISTES -LAROCHELLE,Enedis,France,company,unknown,https://www.eigsi.fr/entreprises/services/#club-partenaires-et-reseaux,Enedis (2024),0.9,National,yes,quote found on page,2026-10-07T17:08:01Z
r004,ECOLE D'INGENIEURS GENERALISTES -LAROCHELLE,Port Atlantique de La Rochelle,France,company,unknown,https://www.eigsi.fr/entreprises/services/#club-partenaires-et-reseaux,Port Atlantique de La Rochelle (2025),0.9,National,yes,quote found on page,2026-10-07T17:08:01Z
r004,ECOLE D'INGENIEURS GENERALISTES -LAROCHELLE,Akkodis,France,company,unknown,https://www.eigsi.fr/entreprises/services/#club-partenaires-et-reseaux,Akkodis (2026),0.9,National,yes,quote found on page,2026-10-07T17:08:01Z
r004,ECOLE D'INGENIEURS GENERALISTES -LAROCHELLE,ABBOTT,France,company,unknown,https://www.eigsi.fr/entreprises/services/#club-partenaires-et-reseaux,ABBOTT,0.9,National,yes,quote found on page,2026-10-07T17:08:01Z
r004,ECOLE D'INGENIEURS GENERALISTES -LAROCHELLE,ABMI,France,company,unknown,https://www.eigsi.fr/entreprises/services/#club-partenaires-et-reseaux,ABMI,0.9,National,yes,quote found on page,2026-10-07T17:08:01Z
r004,ECOLE D'INGENIEURS GENERALISTES -LAROCHELLE,AIRBUS,France,company,unknown,https://www.eigsi.fr/entreprises/services/#club-partenaires-et-reseaux,AIRBUS,0.9,National,yes,quote found on page,2026-10-07T17:08:01Z
r004,ECOLE D'INGENIEURS GENERALISTES -LAROCHELLE,ALSTOM,France,company,unknown,https://www.eigsi.fr/entreprises/services/#club-partenaires-et-reseaux,ALSTOM,0.9,National,yes,quote found on page,2026-10-07T17:08:01Z
r004,ECOLE D'INGENIEURS GENERALISTES -LAROCHELLE,ARIANE GROUP,France,company,unknown,https://www.eigsi.fr/entreprises/services/#club-partenaires-et-reseaux,ARIANE GROUP,0.9,National,yes,quote found on page,2026-10-07T17:08:01Z
r004,ECOLE D'INGENIEURS GENERALISTES -LAROCHELLE,ARMEE DE TERRE,France,company,unknown,https://www.eigsi.fr/entreprises/services/#club-partenaires-et-reseaux,ARMEE DE TERRE,0.9,National,yes,quote found on page,2026-10-07T17:08:01Z
r004,ECOLE D'INGENIEURS GENERALISTES -LAROCHELLE,ASSYSTEM,France,company,unknown,https://www.eigsi.fr/entreprises/services/#club-partenaires-et-reseaux,ASSYSTEM,0.9,National,yes,quote found on page,2026-10-07T17:08:01Z
r004,ECOLE D'INGENIEURS GENERALISTES -LAROCHELLE,BEE ENGINEERING,France,company,unknown,https://www.eigsi.fr/entreprises/services/#club-partenaires-et-reseaux,BEE ENGINEERING,0.9,National,yes,quote found on page,2026-10-07T17:08:01Z
r004,ECOLE D'INGENIEURS GENERALISTES -LAROCHELLE,BEMING GROUPE,France,company,unknown,https://www.eigsi.fr/entreprises/services/#club-partenaires-et-reseaux,BEMING GROUPE,0.9,National,yes,quote found on page,2026-10-07T17:08:01Z
r004,ECOLE D'INGENIEURS GENERALISTES -LAROCHELLE,BOUYGUES,France,company,unknown,https://www.eigsi.fr/entreprises/services/#club-partenaires-et-reseaux,BOUYGUES,0.9,National,yes,quote found on page,2026-10-07T17:08:01Z
r004,ECOLE D'INGENIEURS GENERALISTES -LAROCHELLE,CAP INGELEC,France,company,unknown,https://www.eigsi.fr/entreprises/services/#club-partenaires-et-reseaux,CAP INGELEC,0.9,National,yes,quote found on page,2026-10-07T17:08:01Z
r004,ECOLE D'INGENIEURS GENERALISTES -LAROCHELLE,CAPGEMINI,France,company,unknown,https://www.eigsi.fr/entreprises/services/#club-partenaires-et-reseaux,CAPGEMINI,0.9,National,yes,quote found on page,2026-10-07T17:08:01Z
r004,ECOLE D'INGENIEURS GENERALISTES -LAROCHELLE,CHANTIERS DE L’ATLANTIQUE,France,company,unknown,https://www.eigsi.fr/entreprises/services/#club-partenaires-et-reseaux,CHANTIERS DE L’ATLANTIQUE,0.9,National,yes,quote found on page,2026-10-07T17:08:01Z
r004,ECOLE D'INGENIEURS GENERALISTES -LAROCHELLE,CLEEVEN SE,France,company,unknown,https://www.eigsi.fr/entreprises/services/#club-partenaires-et-reseaux,CLEEVEN SE,0.9,National,yes,quote found on page,2026-10-07T17:08:01Z
r004,ECOLE D'INGENIEURS GENERALISTES -LAROCHELLE,COLAS FRANCE,France,company,unknown,https://www.eigsi.fr/entreprises/services/#club-partenaires-et-reseaux,COLAS FRANCE,0.9,National,yes,quote found on page,2026-10-07T17:08:01Z
r004,ECOLE D'INGENIEURS GENERALISTES -LAROCHELLE,DASSAULT SYSTEMES 3DS,France,company,unknown,https://www.eigsi.fr/entreprises/services/#club-partenaires-et-reseaux,DASSAULT SYSTEMES 3DS,0.9,National,yes,quote found on page,2026-10-07T17:08:01Z
r004,ECOLE D'INGENIEURS GENERALISTES -LAROCHELLE,EDF,France,company,unknown,https://www.eigsi.fr/entreprises/services/#club-partenaires-et-reseaux,EDF,0.9,National,yes,quote found on page,2026-10-07T17:08:01Z
r004,ECOLE D'INGENIEURS GENERALISTES -LAROCHELLE,EIFFAGE,France,company,unknown,https://www.eigsi.fr/entreprises/services/#club-partenaires-et-reseaux,EIFFAGE,0.9,National,yes,quote found on page,2026-10-07T17:08:01Z
r004,ECOLE D'INGENIEURS GENERALISTES -LAROCHELLE,ENGIE,France,company,unknown,https://www.eigsi.fr/entreprises/services/#club-partenaires-et-reseaux,ENGIE,0.9,National,yes,quote found on page,2026-10-07T17:08:01Z
r004,ECOLE D'INGENIEURS GENERALISTES -LAROCHELLE,EQUANS,France,company,unknown,https://www.eigsi.fr/entreprises/services/#club-partenaires-et-reseaux,EQUANS,0.9,National,yes,quote found on page,2026-10-07T17:08:01Z
r004,ECOLE D'INGENIEURS GENERALISTES -LAROCHELLE,EXCENT FRANCE,France,company,unknown,https://www.eigsi.fr/entreprises/services/#club-partenaires-et-reseaux,EXCENT FRANCE,0.9,National,yes,quote found on page,2026-10-07T17:08:01Z
r004,ECOLE D'INGENIEURS GENERALISTES -LAROCHELLE,EXPLEO,France,company,unknown,https://www.eigsi.fr/entreprises/services/#club-partenaires-et-reseaux,EXPLEO,0.9,National,yes,quote found on page,2026-10-07T17:08:01Z
r004,ECOLE D'INGENIEURS GENERALISTES -LAROCHELLE,FONROCHE LIGHTING,France,company,unknown,https://www.eigsi.fr/entreprises/services/#club-partenaires-et-reseaux,FONROCHE LIGHTING,0.9,National,yes,quote found on page,2026-10-07T17:08:01Z
r004,ECOLE D'INGENIEURS GENERALISTES -LAROCHELLE,FOUNTAINE PAJOT,France,company,unknown,https://www.eigsi.fr/entreprises/services/#club-partenaires-et-reseaux,FOUNTAINE PAJOT |,0.9,National,yes,quote found on page,2026-10-07T17:08:01Z
r004,ECOLE D'INGENIEURS GENERALISTES -LAROCHELLE,GROUPE ATLANTIC,France,company,unknown,https://www.eigsi.fr/entreprises/services/#club-partenaires-et-reseaux,GROUPE ATLANTIC,0.9,National,yes,quote found on page,2026-10-07T17:08:01Z
r004,ECOLE D'INGENIEURS GENERALISTES -LAROCHELLE,GROUPE HOSPITALIER LA R.,France,company,unknown,https://www.eigsi.fr/entreprises/services/#club-partenaires-et-reseaux,GROUPE HOSPITALIER LA R.,0.9,National,yes,quote found on page,2026-10-07T17:08:01Z
r004,ECOLE D'INGENIEURS GENERALISTES -LAROCHELLE,IKOS CONSULTING,France,company,unknown,https://www.eigsi.fr/entreprises/services/#club-partenaires-et-reseaux,IKOS CONSULTING,0.9,National,yes,quote found on page,2026-10-07T17:08:01Z
r004,ECOLE D'INGENIEURS GENERALISTES -LAROCHELLE,INNOVIA,France,company,unknown,https://www.eigsi.fr/entreprises/services/#club-partenaires-et-reseaux,INNOVIA,0.9,National,yes,quote found on page,2026-10-07T17:08:01Z
r004,ECOLE D'INGENIEURS GENERALISTES -LAROCHELLE,MARELLI,France,company,unknown,https://www.eigsi.fr/entreprises/services/#club-partenaires-et-reseaux,MARELLI,0.9,National,yes,quote found on page,2026-10-07T17:08:01Z
r004,ECOLE D'INGENIEURS GENERALISTES -LAROCHELLE,MARINE NATIONALE,France,company,unknown,https://www.eigsi.fr/entreprises/services/#club-partenaires-et-reseaux,MARINE NATIONALE,0.9,National,yes,quote found on page,2026-10-07T17:08:01Z
r004,ECOLE D'INGENIEURS GENERALISTES -LAROCHELLE,MENUISERIES ELVA,France,company,unknown,https://www.eigsi.fr/entreprises/services/#club-partenaires-et-reseaux,MENUISERIES ELVA,0.9,National,yes,quote found on page,2026-10-07T17:08:01Z
r004,ECOLE D'INGENIEURS GENERALISTES -LAROCHELLE,MIGSO PCUBED,France,company,unknown,https://www.eigsi.fr/entreprises/services/#club-partenaires-et-reseaux,MIGSO PCUBED,0.9,National,yes,quote found on page,2026-10-07T17:08:01Z
r004,ECOLE D'INGENIEURS GENERALISTES -LAROCHELLE,NAVAL GROUP,France,company,unknown,https://www.eigsi.fr/entreprises/services/#club-partenaires-et-reseaux,NAVAL GROUP,0.9,National,yes,quote found on page,2026-10-07T17:08:01Z
r004,ECOLE D'INGENIEURS GENERALISTES -LAROCHELLE,NEEL TRIMARANS,France,company,unknown,https://www.eigsi.fr/entreprises/services/#club-partenaires-et-reseaux,NEEL TRIMARANS,0.9,National,yes,quote found on page,2026-10-07T17:08:01Z
r004,ECOLE D'INGENIEURS GENERALISTES -LAROCHELLE,ORANGE GROUPE,France,company,unknown,https://www.eigsi.fr/entreprises/services/#club-partenaires-et-reseaux,ORANGE GROUPE,0.9,National,yes,quote found on page,2026-10-07T17:08:01Z
r004,ECOLE D'INGENIEURS GENERALISTES -LAROCHELLE,PIERRE GUERIN,France,company,unknown,https://www.eigsi.fr/entreprises/services/#club-partenaires-et-reseaux,PIERRE GUERIN,0.9,National,yes,quote found on page,2026-10-07T17:08:01Z
r004,ECOLE D'INGENIEURS GENERALISTES -LAROCHELLE,PORT ATLANTIQUE LA R.,France,company,unknown,https://www.eigsi.fr/entreprises/services/#club-partenaires-et-reseaux,PORT ATLANTIQUE LA R.,0.9,National,yes,quote found on page,2026-10-07T17:08:01Z
r004,ECOLE D'INGENIEURS GENERALISTES -LAROCHELLE,RENAULT,France,company,unknown,https://www.eigsi.fr/entreprises/services/#club-partenaires-et-reseaux,RENAULT,0.9,National,yes,quote found on page,2026-10-07T17:08:01Z
r004,ECOLE D'INGENIEURS GENERALISTES -LAROCHELLE,ROBINETS PRESTO,France,company,unknown,https://www.eigsi.fr/entreprises/services/#club-partenaires-et-reseaux,ROBINETS PRESTO,0.9,National,yes,quote found on page,2026-10-07T17:08:01Z
r004,ECOLE D'INGENIEURS GENERALISTES -LAROCHELLE,SAFRAN,France,company,unknown,https://www.eigsi.fr/entreprises/services/#club-partenaires-et-reseaux,SAFRAN,0.9,National,yes,quote found on page,2026-10-07T17:08:01Z
r004,ECOLE D'INGENIEURS GENERALISTES -LAROCHELLE,SAFT,France,company,unknown,https://www.eigsi.fr/entreprises/services/#club-partenaires-et-reseaux,SAFT,0.9,National,yes,quote found on page,2026-10-07T17:08:01Z
r004,ECOLE D'INGENIEURS GENERALISTES -LAROCHELLE,SHARK ROBOTICS,France,company,unknown,https://www.eigsi.fr/entreprises/services/#club-partenaires-et-reseaux,SHARK ROBOTICS,0.9,National,yes,quote found on page,2026-10-07T17:08:01Z
r004,ECOLE D'INGENIEURS GENERALISTES -LAROCHELLE,SIDEL BLOWING AND SERVICES,France,company,unknown,https://www.eigsi.fr/entreprises/services/#club-partenaires-et-reseaux,SIDEL BLOWING AND SERVICES,0.9,National,yes,quote found on page,2026-10-07T17:08:01Z
r004,ECOLE D'INGENIEURS GENERALISTES -LAROCHELLE,SNCF,France,company,unknown,https://www.eigsi.fr/entreprises/services/#club-partenaires-et-reseaux,SNCF,0.9,National,yes,quote found on page,2026-10-07T17:08:01Z
r004,ECOLE D'INGENIEURS GENERALISTES -LAROCHELLE,SOLVAY,France,company,unknown,https://www.eigsi.fr/entreprises/services/#club-partenaires-et-reseaux,SOLVAY,0.9,National,yes,quote found on page,2026-10-07T17:08:01Z
r004,ECOLE D'INGENIEURS GENERALISTES -LAROCHELLE,THALES,France,company,unknown,https://www.eigsi.fr/entreprises/services/#club-partenaires-et-reseaux,THALES,0.9,National,yes,quote found on page,2026-10-07T17:08:01Z
r004,ECOLE D'INGENIEURS GENERALISTES -LAROCHELLE,TOTALENERGIES,France,company,unknown,https://www.eigsi.fr/entreprises/services/#club-partenaires-et-reseaux,TOTALENERGIES,0.9,National,yes,quote found on page,2026-10-07T17:08:01Z
r004,ECOLE D'INGENIEURS GENERALISTES -LAROCHELLE,TRANSDEV,France,company,unknown,https://www.eigsi.fr/entreprises/services/#club-partenaires-et-reseaux,TRANSDEV,0.9,National,yes,quote found on page,2026-10-07T17:08:01Z
r004,ECOLE D'INGENIEURS GENERALISTES -LAROCHELLE,VALEO,France,company,unknown,https://www.eigsi.fr/entreprises/services/#club-partenaires-et-reseaux,VALEO,0.9,National,yes,quote found on page,2026-10-07T17:08:01Z
r004,ECOLE D'INGENIEURS GENERALISTES -LAROCHELLE,VINCI ENERGIES,France,company,unknown,https://www.eigsi.fr/entreprises/services/#club-partenaires-et-reseaux,VINCI ENERGIES,0.9,National,yes,quote found on page,2026-10-07T17:08:01Z
r004,ECOLE D'INGENIEURS GENERALISTES -LAROCHELLE,WARTSILA,France,company,unknown,https://www.eigsi.fr/entreprises/services/#club-partenaires-et-reseaux,WARTSILA |,0.9,National,yes,quote found on page,2026-10-07T17:08:01Z
r004,ECOLE D'INGENIEURS GENERALISTES -LAROCHELLE,ENGIE SOLUTIONS,France,company,unknown,https://www.eigsi.fr/entreprises/services/#club-partenaires-et-reseaux,"TOTALENERGIES, ENGIE SOLUTIONS, EVA, UMN, La bourse Pierre DUBOIS",0.9,National,yes,quote found on page,2026-10-07T17:08:01Z
r004,ECOLE D'INGENIEURS GENERALISTES -LAROCHELLE,EVA,France,company,unknown,https://www.eigsi.fr/entreprises/services/#club-partenaires-et-reseaux,"TOTALENERGIES, ENGIE SOLUTIONS, EVA, UMN, La bourse Pierre DUBOIS",0.9,National,yes,quote found on page,2026-10-07T17:08:01Z
r004,ECOLE D'INGENIEURS GENERALISTES -LAROCHELLE,UMN,France,company,unknown,https://www.eigsi.fr/entreprises/services/#club-partenaires-et-reseaux,"TOTALENERGIES, ENGIE SOLUTIONS, EVA, UMN, La bourse Pierre DUBOIS",0.9,National,yes,quote found on page,2026-10-07T17:08:01Z
r004,ECOLE D'INGENIEURS GENERALISTES -LAROCHELLE,Université Grenoble Alpes,France,university,unknown,https://www.eigsi.fr/dba/,Le rôle de l’Université Grenoble Alpes,0.9,National,yes,quote found on page,2026-10-07T17:08:01Z
r004,ECOLE D'INGENIEURS GENERALISTES -LAROCHELLE,Campus France,France,other,unknown,https://www.eigsi.fr/erasmus-label-bonne-pratique-13172/,"Le label Bonne pratique fait écho au label Bienvenue en France, remis à l’EIGSI par Campus France.",0.9,National,yes,quote found on page,2026-10-07T17:08:01Z
r004,ECOLE D'INGENIEURS GENERALISTES -LAROCHELLE,La bourse Pierre DUBOIS,unknown,other,unknown,https://www.eigsi.fr/entreprises/services/#club-partenaires-et-reseaux,"TOTALENERGIES, ENGIE SOLUTIONS, EVA, UMN, La bourse Pierre DUBOIS",0.9,International,yes,quote found on page,2026-10-07T17:08:01Z
r004,ECOLE D'INGENIEURS GENERALISTES -LAROCHELLE,Conférence des Grandes Écoles (CGE),France,network,unknown,https://www.eigsi.fr/entreprises/services/#club-partenaires-et-reseaux,"Chaque année, l’enquête Premier Emploi menée par l’EIGSI en partenariat avec la Conférence des Grandes Écoles (CGE) évalue l’insertion professionnelle des jeunes diplômés.",0.9,National,yes,quote found on page,2026-10-07T17:08:01Z
r004,ECOLE D'INGENIEURS GENERALISTES -LAROCHELLE,Université de La Rochelle,France,university,unknown,https://www.eigsi.fr/soushome/vie-sur-le-campus/,"Cette situation privilégiée permet aux élèves-ingénieurs de l’école de vivre pleinement leur vie d’étudiant. Ils ont accès à la fois à des infrastructures de l’Université de La Rochelle (Bibliothèque universitaire, salles de sports, etc.), à des activités culturelles et de loisir qu’offre la proximité du Centre-Ville historique de La Rochelle, à plus de 100 km de pistes cyclables ainsi qu’à des plages locales.",0.9,National,yes,quote found on page,2026-10-07T17:08:01Z
r005,HOCHSCHULE FUER MUSIK UND THEATER HAMBURG,European Opera Academy,Europe,network,study,https://www.hfmt-hamburg.de/hochschule/netzwerk/kooperationen,European Opera Academy,0.9,International,yes,quote found on page,2026-10-07T17:07:34Z
r005,HOCHSCHULE FUER MUSIK UND THEATER HAMBURG,Deutsches SchauSpielHaus Hamburg,Germany,other,unknown,https://www.hfmt-hamburg.de/hochschule/netzwerk/kooperationen,"Deutsches SchauSpielHaus Hamburg, HfBK - Bühnenraumklasse der Hochschule für Bildende Künste in Hamburg, HAW - Fachbereiche Gestaltung/Kostümdesign der Hochschule für Angewandte Wissenschaften Hamburg, Kampnagel Hamburg, LICHTHOF Theater, Staatsoper Hamburg, St. Pauli Theater, Thalia Theater, Theater Bremen, Theater Osnabrück - die Theaterakademie ist stolz auf ein langjährig gewachsenes Netzwerk vertrauensvoller Partnerschaften. Produzierend und mit Praxisbezug gelingt zusammen mit den regional",0.9,National,yes,quote found on page,2026-10-07T17:07:34Z
r005,HOCHSCHULE FUER MUSIK UND THEATER HAMBURG,Hochschule für Bildende Künste in Hamburg,Germany,university,unknown,https://www.hfmt-hamburg.de/hochschule/netzwerk/kooperationen,"Deutsches SchauSpielHaus Hamburg, HfBK - Bühnenraumklasse der Hochschule für Bildende Künste in Hamburg, HAW - Fachbereiche Gestaltung/Kostümdesign der Hochschule für Angewandte Wissenschaften Hamburg, Kampnagel Hamburg, LICHTHOF Theater, Staatsoper Hamburg, St. Pauli Theater, Thalia Theater, Theater Bremen, Theater Osnabrück - die Theaterakademie ist stolz auf ein langjährig gewachsenes Netzwerk vertrauensvoller Partnerschaften. Produzierend und mit Praxisbezug gelingt zusammen mit den regional",0.9,National,yes,quote found on page,2026-10-07T17:07:34Z
r005,HOCHSCHULE FUER MUSIK UND THEATER HAMBURG,Hochschule für Angewandte Wissenschaften Hamburg,Germany,university,unknown,https://www.hfmt-hamburg.de/hochschule/netzwerk/kooperationen,"Deutsches SchauSpielHaus Hamburg, HfBK - Bühnenraumklasse der Hochschule für Bildende Künste in Hamburg, HAW - Fachbereiche Gestaltung/Kostümdesign der Hochschule für Angewandte Wissenschaften Hamburg, Kampnagel Hamburg, LICHTHOF Theater, Staatsoper Hamburg, St. Pauli Theater, Thalia Theater, Theater Bremen, Theater Osnabrück - die Theaterakademie ist stolz auf ein langjährig gewachsenes Netzwerk vertrauensvoller Partnerschaften. Produzierend und mit Praxisbezug gelingt zusammen mit den regional",0.9,National,yes,quote found on page,2026-10-07T17:07:34Z
r005,HOCHSCHULE FUER MUSIK UND THEATER HAMBURG,Kampnagel Hamburg,Germany,other,unknown,https://www.hfmt-hamburg.de/hochschule/netzwerk/kooperationen,"Deutsches SchauSpielHaus Hamburg, HfBK - Bühnenraumklasse der Hochschule für Bildende Künste in Hamburg, HAW - Fachbereiche Gestaltung/Kostümdesign der Hochschule für Angewandte Wissenschaften Hamburg, Kampnagel Hamburg, LICHTHOF Theater, Staatsoper Hamburg, St. Pauli Theater, Thalia Theater, Theater Bremen, Theater Osnabrück - die Theaterakademie ist stolz auf ein langjährig gewachsenes Netzwerk vertrauensvoller Partnerschaften. Produzierend und mit Praxisbezug gelingt zusammen mit den regional",0.9,National,yes,quote found on page,2026-10-07T17:07:34Z
r005,HOCHSCHULE FUER MUSIK UND THEATER HAMBURG,LICHTHOF Theater,Germany,other,unknown,https://www.hfmt-hamburg.de/hochschule/netzwerk/kooperationen,"Deutsches SchauSpielHaus Hamburg, HfBK - Bühnenraumklasse der Hochschule für Bildende Künste in Hamburg, HAW - Fachbereiche Gestaltung/Kostümdesign der Hochschule für Angewandte Wissenschaften Hamburg, Kampnagel Hamburg, LICHTHOF Theater, Staatsoper Hamburg, St. Pauli Theater, Thalia Theater, Theater Bremen, Theater Osnabrück - die Theaterakademie ist stolz auf ein langjährig gewachsenes Netzwerk vertrauensvoller Partnerschaften. Produzierend und mit Praxisbezug gelingt zusammen mit den regional",0.9,National,yes,quote found on page,2026-10-07T17:07:34Z
r005,HOCHSCHULE FUER MUSIK UND THEATER HAMBURG,Staatsoper Hamburg,Germany,other,unknown,https://www.hfmt-hamburg.de/hochschule/netzwerk/kooperationen,"Deutsches SchauSpielHaus Hamburg, HfBK - Bühnenraumklasse der Hochschule für Bildende Künste in Hamburg, HAW - Fachbereiche Gestaltung/Kostümdesign der Hochschule für Angewandte Wissenschaften Hamburg, Kampnagel Hamburg, LICHTHOF Theater, Staatsoper Hamburg, St. Pauli Theater, Thalia Theater, Theater Bremen, Theater Osnabrück - die Theaterakademie ist stolz auf ein langjährig gewachsenes Netzwerk vertrauensvoller Partnerschaften. Produzierend und mit Praxisbezug gelingt zusammen mit den regional",0.9,National,yes,quote found on page,2026-10-07T17:07:34Z
r005,HOCHSCHULE FUER MUSIK UND THEATER HAMBURG,St. Pauli Theater,Germany,other,unknown,https://www.hfmt-hamburg.de/hochschule/netzwerk/kooperationen,"Deutsches SchauSpielHaus Hamburg, HfBK - Bühnenraumklasse der Hochschule für Bildende Künste in Hamburg, HAW - Fachbereiche Gestaltung/Kostümdesign der Hochschule für Angewandte Wissenschaften Hamburg, Kampnagel Hamburg, LICHTHOF Theater, Staatsoper Hamburg, St. Pauli Theater, Thalia Theater, Theater Bremen, Theater Osnabrück - die Theaterakademie ist stolz auf ein langjährig gewachsenes Netzwerk vertrauensvoller Partnerschaften. Produzierend und mit Praxisbezug gelingt zusammen mit den regional",0.9,National,yes,quote found on page,2026-10-07T17:07:34Z
r005,HOCHSCHULE FUER MUSIK UND THEATER HAMBURG,Thalia Theater,Germany,other,unknown,https://www.hfmt-hamburg.de/hochschule/netzwerk/kooperationen,"Deutsches SchauSpielHaus Hamburg, HfBK - Bühnenraumklasse der Hochschule für Bildende Künste in Hamburg, HAW - Fachbereiche Gestaltung/Kostümdesign der Hochschule für Angewandte Wissenschaften Hamburg, Kampnagel Hamburg, LICHTHOF Theater, Staatsoper Hamburg, St. Pauli Theater, Thalia Theater, Theater Bremen, Theater Osnabrück - die Theaterakademie ist stolz auf ein langjährig gewachsenes Netzwerk vertrauensvoller Partnerschaften. Produzierend und mit Praxisbezug gelingt zusammen mit den regional",0.9,National,yes,quote found on page,2026-10-07T17:07:34Z
r005,HOCHSCHULE FUER MUSIK UND THEATER HAMBURG,Theater Bremen,Germany,other,unknown,https://www.hfmt-hamburg.de/hochschule/netzwerk/kooperationen,"Deutsches SchauSpielHaus Hamburg, HfBK - Bühnenraumklasse der Hochschule für Bildende Künste in Hamburg, HAW - Fachbereiche Gestaltung/Kostümdesign der Hochschule für Angewandte Wissenschaften Hamburg, Kampnagel Hamburg, LICHTHOF Theater, Staatsoper Hamburg, St. Pauli Theater, Thalia Theater, Theater Bremen, Theater Osnabrück - die Theaterakademie ist stolz auf ein langjährig gewachsenes Netzwerk vertrauensvoller Partnerschaften. Produzierend und mit Praxisbezug gelingt zusammen mit den regional",0.9,National,yes,quote found on page,2026-10-07T17:07:34Z
r005,HOCHSCHULE FUER MUSIK UND THEATER HAMBURG,Theater Osnabrück,Germany,other,unknown,https://www.hfmt-hamburg.de/hochschule/netzwerk/kooperationen,"Deutsches SchauSpielHaus Hamburg, HfBK - Bühnenraumklasse der Hochschule für Bildende Künste in Hamburg, HAW - Fachbereiche Gestaltung/Kostümdesign der Hochschule für Angewandte Wissenschaften Hamburg, Kampnagel Hamburg, LICHTHOF Theater, Staatsoper Hamburg, St. Pauli Theater, Thalia Theater, Theater Bremen, Theater Osnabrück - die Theaterakademie ist stolz auf ein langjährig gewachsenes Netzwerk vertrauensvoller Partnerschaften. Produzierend und mit Praxisbezug gelingt zusammen mit den regional",0.9,National,yes,quote found on page,2026-10-07T17:07:34Z
r005,HOCHSCHULE FUER MUSIK UND THEATER HAMBURG,école des écoles,Europe,network,unknown,https://www.hfmt-hamburg.de/hochschule/netzwerk/kooperationen,École des Écoles,0.9,International,yes,quote found on page,2026-10-07T17:07:34Z
r005,HOCHSCHULE FUER MUSIK UND THEATER HAMBURG,Netzwerk der Musikhochschulen,Germany,network,unknown,https://www.hfmt-hamburg.de/hochschule/netzwerk/kooperationen,Netzwerk der Musikhochschulen,0.9,National,yes,quote found on page,2026-10-07T17:07:34Z
r005,HOCHSCHULE FUER MUSIK UND THEATER HAMBURG,L'Université d'Aix-Marseille,France,university,unknown,https://www.hfmt-hamburg.de/hochschule/netzwerk/partnerhochschulen,L'Université d'Aix-Marseille,0.9,International,yes,quote found on page,2026-10-07T17:07:34Z
r005,HOCHSCHULE FUER MUSIK UND THEATER HAMBURG,Conservatorium van Amsterdam,Netherlands,university,unknown,https://www.hfmt-hamburg.de/hochschule/netzwerk/partnerhochschulen,Conservatorium van Amsterdam,0.9,International,yes,quote found on page,2026-10-07T17:07:34Z
r005,HOCHSCHULE FUER MUSIK UND THEATER HAMBURG,Peabody Institute of the Johns Hopkins University Baltimore,USA,university,unknown,https://www.hfmt-hamburg.de/hochschule/netzwerk/partnerhochschulen,Peabody Institute of the Johns Hopkins University Baltimore,0.9,International,yes,quote found on page,2026-10-07T17:07:34Z
r005,HOCHSCHULE FUER MUSIK UND THEATER HAMBURG,Royal Conservatoire Birmingham,UK,university,unknown,https://www.hfmt-hamburg.de/hochschule/netzwerk/partnerhochschulen,Royal Conservatoire Birmingham,0.9,International,yes,quote found on page,2026-10-07T17:07:34Z
r005,HOCHSCHULE FUER MUSIK UND THEATER HAMBURG,Universitá di Bologna,Italy,university,unknown,https://www.hfmt-hamburg.de/hochschule/netzwerk/partnerhochschulen,Universitá di Bologna,0.9,International,yes,quote found on page,2026-10-07T17:07:34Z
r005,HOCHSCHULE FUER MUSIK UND THEATER HAMBURG,Prins Claus Conservatorium Groningen,Netherlands,university,unknown,https://www.hfmt-hamburg.de/hochschule/netzwerk/partnerhochschulen,Prins Claus Conservatorium Groningen,0.9,International,yes,quote found on page,2026-10-07T17:07:34Z
r005,HOCHSCHULE FUER MUSIK UND THEATER HAMBURG,Sibelius Academy Helsinki,Finland,university,unknown,https://www.hfmt-hamburg.de/hochschule/netzwerk/partnerhochschulen,Sibelius Academy Helsinki,0.9,International,yes,quote found on page,2026-10-07T17:07:34Z
r005,HOCHSCHULE FUER MUSIK UND THEATER HAMBURG,Royal Danish Academy of Music Kopenhagen,Denmark,university,unknown,https://www.hfmt-hamburg.de/hochschule/netzwerk/partnerhochschulen,Royal Danish Academy of Music Kopenhagen,0.9,International,yes,quote found on page,2026-10-07T17:07:34Z
r005,HOCHSCHULE FUER MUSIK UND THEATER HAMBURG,Conservatoire Superior de Musique et Danse Lyon,France,university,unknown,https://www.hfmt-hamburg.de/hochschule/netzwerk/partnerhochschulen,Conservatoire Superior de Musique et Danse Lyon,0.9,International,yes,quote found on page,2026-10-07T17:07:34Z
r005,HOCHSCHULE FUER MUSIK UND THEATER HAMBURG,Aichi Prefectural University of the Arts Nagoya,Japan,university,unknown,https://www.hfmt-hamburg.de/hochschule/netzwerk/partnerhochschulen,Aichi Prefectural University of the Arts Nagoya,0.9,International,yes,quote found on page,2026-10-07T17:07:34Z
r005,HOCHSCHULE FUER MUSIK UND THEATER HAMBURG,Norwegian State Academy of Music Oslo,Norway,university,unknown,https://www.hfmt-hamburg.de/hochschule/netzwerk/partnerhochschulen,Norwegian State Academy of Music Oslo,0.9,International,yes,quote found on page,2026-10-07T17:07:34Z
r005,HOCHSCHULE FUER MUSIK UND THEATER HAMBURG,Central Conservatory of Music Peking,China,university,unknown,https://www.hfmt-hamburg.de/hochschule/netzwerk/partnerhochschulen,Central Conservatory of Music Peking,0.9,International,yes,quote found on page,2026-10-07T17:07:34Z
r005,HOCHSCHULE FUER MUSIK UND THEATER HAMBURG,La Universidad Nacional Pedro Henríquez Ureña Santo Domingo,Dominican Republic,university,unknown,https://www.hfmt-hamburg.de/hochschule/netzwerk/partnerhochschulen,La Universidad Nacional Pedro Henríquez Ureña Santo Domingo,0.9,International,yes,quote found on page,2026-10-07T17:07:34Z
r005,HOCHSCHULE FUER MUSIK UND THEATER HAMBURG,Shanghai Conservatory of Music,China,university,unknown,https://www.hfmt-hamburg.de/hochschule/netzwerk/partnerhochschulen,Shanghai Conservatory of Music,0.9,International,yes,quote found on page,2026-10-07T17:07:34Z
r005,HOCHSCHULE FUER MUSIK UND THEATER HAMBURG,Royal University College of Music Stockholm,Sweden,university,unknown,https://www.hfmt-hamburg.de/hochschule/netzwerk/partnerhochschulen,Royal University College of Music Stockholm,0.9,International,yes,quote found on page,2026-10-07T17:07:34Z
r005,HOCHSCHULE FUER MUSIK UND THEATER HAMBURG,Estonian Academy of Music Tallinn,Estonia,university,unknown,https://www.hfmt-hamburg.de/hochschule/netzwerk/partnerhochschulen,Estonian Academy of Music Tallinn,0.9,International,yes,quote found on page,2026-10-07T17:07:34Z
r005,HOCHSCHULE FUER MUSIK UND THEATER HAMBURG,Universität für Musik und darstellende Kunst Wien,Austria,university,unknown,https://www.hfmt-hamburg.de/hochschule/netzwerk/partnerhochschulen,Universität für Musik und darstellende Kunst Wien,0.9,International,yes,quote found on page,2026-10-07T17:07:34Z
r005,HOCHSCHULE FUER MUSIK UND THEATER HAMBURG,UKE,Germany,other,unknown,https://www.hfmt-hamburg.de/hochschule/organisation/oeffnungszeiten,"Das ligeti zentrum ist ein interdisziplinares Transferzentrum der HfMT im Verbund mit der TU Hamburg, der HAW Hamburg und dem UKE.",0.9,National,yes,quote found on page,2026-10-07T17:07:34Z
r005,HOCHSCHULE FUER MUSIK UND THEATER HAMBURG,HfBK - Bühnenraumklasse der Hochschule für Bildende Künste in Hamburg,Germany,university,unknown,https://www.hfmt-hamburg.de/hochschule/netzwerk/kooperationen,"Deutsches SchauSpielHaus Hamburg, HfBK - Bühnenraumklasse der Hochschule für Bildende Künste in Hamburg, HAW - Fachbereiche Gestaltung/Kostümdesign der Hochschule für Angewandte Wissenschaften Hamburg, Kampnagel Hamburg, LICHTHOF Theater, Staatsoper Hamburg, St. Pauli Theater, Thalia Theater, Theater Bremen, Theater Osnabrück - die Theaterakademie ist stolz auf ein langjährig gewachsenes Netzwerk vertrauensvoller Partnerschaften. Produzierend und mit Praxisbezug gelingt zusammen mit den regional",0.9,National,yes,quote found on page,2026-10-07T17:07:34Z
r005,HOCHSCHULE FUER MUSIK UND THEATER HAMBURG,HAW - Fachbereiche Gestaltung/Kostümdesign der Hochschule für Angewandte Wissenschaften Hamburg,Germany,university,unknown,https://www.hfmt-hamburg.de/hochschule/netzwerk/kooperationen,"Deutsches SchauSpielHaus Hamburg, HfBK - Bühnenraumklasse der Hochschule für Bildende Künste in Hamburg, HAW - Fachbereiche Gestaltung/Kostümdesign der Hochschule für Angewandte Wissenschaften Hamburg, Kampnagel Hamburg, LICHTHOF Theater, Staatsoper Hamburg, St. Pauli Theater, Thalia Theater, Theater Bremen, Theater Osnabrück - die Theaterakademie ist stolz auf ein langjährig gewachsenes Netzwerk vertrauensvoller Partnerschaften. Produzierend und mit Praxisbezug gelingt zusammen mit den regional",0.9,National,yes,quote found on page,2026-10-07T17:07:34Z
r005,HOCHSCHULE FUER MUSIK UND THEATER HAMBURG,Behörde für Schule und Berufsbildung,Germany,other,unknown,https://www.hfmt-hamburg.de/hochschule/netzwerk/kooperationen,"Hinter diesem ambitionierten Titel verbirgt sich ein Angebot, das Grundschulkinder in die faszinierende Welt der Musik begleitet. Es führt sie an das aktive Musizieren heran und leitet die Kinder dazu an, ein von ihnen selbst gewähltes Instrument zu erlernen. Bereits 2007 starteten die ersten Pilotschulen mit dem von der Hochschule für Musik und Theater erarbeiteten Curriculum. Mittlerweile läuft das Projekt in Kooperation mit der Behörde für Schule und Berufsbildung an über 70 Schulen in Hambur",0.9,National,yes,quote found on page,2026-10-07T17:07:34Z
r005,HOCHSCHULE FUER MUSIK UND THEATER HAMBURG,Hochschule für Musik und Tanz Köln,France,university,study,https://www.hfmt-hamburg.de/hochschule/netzwerk/partnerhochschulen,"Die HfMT Hamburg ist in ein großes Netzwerk internationaler Partnerhochschulen eingebunden. Neben Partnerhochschulen in vielen europäischen Ländern hat sich seit Beginn der 2000er Jahre ein Schwerpunkt der internationalen Arbeit im ostasiatischen Raum etabliert. Neben dem Austausch von Studierenden und Lehrenden gibt es auch internationale Studiengänge, wie CoPeCo („Contemporary Performance and Composition“) mit den Hochschulen in Lyon, Stockholm und Tallinn, oder „Claviorganum“, gemeinsam mit d",0.9,International,yes,quote found on page,2026-10-07T17:07:34Z
r005,HOCHSCHULE FUER MUSIK UND THEATER HAMBURG,Kungliga Musikhögskolan i Stockholm,Sweden,university,study,https://www.hfmt-hamburg.de/hochschule/netzwerk/partnerhochschulen,"Die HfMT Hamburg ist in ein großes Netzwerk internationaler Partnerhochschulen eingebunden. Neben Partnerhochschulen in vielen europäischen Ländern hat sich seit Beginn der 2000er Jahre ein Schwerpunkt der internationalen Arbeit im ostasiatischen Raum etabliert. Neben dem Austausch von Studierenden und Lehrenden gibt es auch internationale Studiengänge, wie CoPeCo („Contemporary Performance and Composition“) mit den Hochschulen in Lyon, Stockholm und Tallinn, oder „Claviorganum“, gemeinsam mit d",0.9,International,yes,quote found on page,2026-10-07T17:07:34Z
r005,HOCHSCHULE FUER MUSIK UND THEATER HAMBURG,Écoles des Écoles,unknown,network,unknown,https://www.hfmt-hamburg.de/hochschule/netzwerk/partnerhochschulen,Écoles des Écoles,0.9,International,yes,quote found on page,2026-10-07T17:07:34Z
r005,HOCHSCHULE FUER MUSIK UND THEATER HAMBURG,Andreas Franke,unknown,other,unknown,https://www.hfmt-hamburg.de/hochschule/netzwerk/foerdern-und-spenden,- Durchführung und finanzielle Förderung gemeinsam mit Andreas Franke der „Andreas Franke Akademie“ (Förderung hochbegabter Schülerinnen und Schüler),0.9,International,yes,quote found on page,2026-10-07T17:07:34Z
r005,HOCHSCHULE FUER MUSIK UND THEATER HAMBURG,Elke und Horst Dörner,unknown,other,unknown,https://www.hfmt-hamburg.de/hochschule/netzwerk/foerdern-und-spenden,- Gemeinsam mit Elke und Horst Dörner Anschaffung von Instrumenten und finanzielle Förderung des Projektes „Jedem Kind ein Instrument“,0.9,International,yes,quote found on page,2026-10-07T17:07:34Z
r005,HOCHSCHULE FUER MUSIK UND THEATER HAMBURG,KPMG,Germany,company,unknown,https://www.hfmt-hamburg.de/hochschule/netzwerk/foerdern-und-spenden,Prof. Dr. Zieger war langjährig Partner bei der Wirtschaftsprüfungsgesellschaft KPMG in Hamburg. Nach Eintritt in den Ruhestand ist er weiterhin als Professor in der Ausbildung des Berufsnachwuchses tätig. In seiner Freizeit wirkt er als Mitglied der Kantorei St. Michaelis an der Gestaltung von Gottesdiensten mit. Daneben widmet er sich als Geiger der Kammermusik und am Klavier neben klassischer Literatur insbesondere der Improvisation oder der Liedbegleitung.,0.9,National,yes,quote found on page,2026-10-07T17:07:34Z
r005,HOCHSCHULE FUER MUSIK UND THEATER HAMBURG,Stormarnschule Ahrensburg,Germany,school,unknown,https://www.hfmt-hamburg.de/hochschule/netzwerk/foerdern-und-spenden,"Michael Klaue war Fachleiter Musik an dem Gymnasium mit Musikzweig „Stormarnschule Ahrensburg“, Fachaufsicht Musik des Bildungsministeriums Schleswig-Holstein, hatte 10 Jahre lang einen Lehrauftrag für Ensembleleitung an der Hochschule für Musik und Theater Hamburg inne und leitete zahlreiche Chöre und Orchester, sowohl in Deutschland als auch in den USA. Im Sommer 2020 übernahm Michael Klaue die Leitung der Konzertreihe und den Vorsitz des Vereins „Theater und Musik in Ahrensburg e.V.",0.9,National,yes,quote found on page,2026-10-07T17:07:34Z
r005,HOCHSCHULE FUER MUSIK UND THEATER HAMBURG,Theater und Musik in Ahrensburg e.V.,Germany,other,unknown,https://www.hfmt-hamburg.de/hochschule/netzwerk/foerdern-und-spenden,"Michael Klaue war Fachleiter Musik an dem Gymnasium mit Musikzweig „Stormarnschule Ahrensburg“, Fachaufsicht Musik des Bildungsministeriums Schleswig-Holstein, hatte 10 Jahre lang einen Lehrauftrag für Ensembleleitung an der Hochschule für Musik und Theater Hamburg inne und leitete zahlreiche Chöre und Orchester, sowohl in Deutschland als auch in den USA. Im Sommer 2020 übernahm Michael Klaue die Leitung der Konzertreihe und den Vorsitz des Vereins „Theater und Musik in Ahrensburg e.V.",0.9,National,yes,quote found on page,2026-10-07T17:07:34Z
r007,ARKITEKTUR OG DESIGNHOGSKOLEN I OSLO,Universitetet i Tromsø,Norway,university,unknown,https://www.aho.no/om/bygg-og-fasiliteter/campusprosjektet/2022-10-01_konseptvalgnotat_arkitektur-_og_designhogskolen_i_oslo.pdf,samarbeid med Universitetet i Tromsø,0.9,Unknown,yes,quote found on page,2026-10-07T17:09:23Z
r007,ARKITEKTUR OG DESIGNHOGSKOLEN I OSLO,Kunsthøgskolen (KHiO),Norway,university,unknown,https://www.aho.no/om/bygg-og-fasiliteter/campusprosjektet/2022-10-01_konseptvalgnotat_arkitektur-_og_designhogskolen_i_oslo.pdf,utdanningsinstitusjoner. Kunsthøgskolen (KHiO) ligger,0.9,Unknown,yes,quote found on page,2026-10-07T17:09:23Z
r008,"DUN LAOGHAIRE INSTITUTE OF ART, DESIGN & TECHNOLOGY",George Brown College,Canada,college,unknown,https://iadt.ie/wp-content/uploads/2021/03/IADT-International-Policy-Statement-Erasmus-Policy-Statement.pdf," MA in Interdisciplinary Design Strategies – with George Brown College, Ontario, Canada",0.9,International,no,cited page was not read by the fetcher (cannot check),2026-10-07T17:10:08Z
r008,"DUN LAOGHAIRE INSTITUTE OF ART, DESIGN & TECHNOLOGY",Sheridan College,Canada,college,unknown,https://iadt.ie/wp-content/uploads/2021/03/IADT-International-Policy-Statement-Erasmus-Policy-Statement.pdf," MA in 3D Animation – with Sheridan College, Ontario, Canada",0.9,International,no,cited page was not read by the fetcher (cannot check),2026-10-07T17:10:08Z
r008,"DUN LAOGHAIRE INSTITUTE OF ART, DESIGN & TECHNOLOGY",FilmEU,unknown,network,unknown,https://iadt.ie/,FilmEU,0.9,International,no,cited page was not read by the fetcher (cannot check),2026-10-07T17:10:08Z
r008,"DUN LAOGHAIRE INSTITUTE OF ART, DESIGN & TECHNOLOGY",DLR County Council,Ireland,other,unknown,https://iadt.ie/,IADT and DLR County Council Sports Awards,0.9,National,no,cited page was not read by the fetcher (cannot check),2026-10-07T17:10:08Z
r008,"DUN LAOGHAIRE INSTITUTE OF ART, DESIGN & TECHNOLOGY",N-TUTORR,unknown,network,unknown,https://iadt.ie/,N-TUTORR,0.9,International,no,cited page was not read by the fetcher (cannot check),2026-10-07T17:10:08Z
r008,"DUN LAOGHAIRE INSTITUTE OF ART, DESIGN & TECHNOLOGY",DIFF,Ireland,other,unknown,https://iadt.ie/,IADT + DIFF,0.9,National,no,cited page was not read by the fetcher (cannot check),2026-10-07T17:10:08Z
r008,"DUN LAOGHAIRE INSTITUTE OF ART, DESIGN & TECHNOLOGY",Dublin International Film Festival,Ireland,other,unknown,https://iadt.ie/,IADT + Dublin International Film Festival,0.9,National,no,cited page was not read by the fetcher (cannot check),2026-10-07T17:10:08Z
r008,"DUN LAOGHAIRE INSTITUTE OF ART, DESIGN & TECHNOLOGY",RIAM,Ireland,university,unknown,https://iadt.ie/,RIAM Opera and IADT present enchanting double bill,0.9,National,no,cited page was not read by the fetcher (cannot check),2026-10-07T17:10:08Z
r008,"DUN LAOGHAIRE INSTITUTE OF ART, DESIGN & TECHNOLOGY",Ontario Colleges,Canada,college,unknown,https://iadt.ie/,3D Animation – Ontario Colleges Pathway,0.9,International,no,cited page was not read by the fetcher (cannot check),2026-10-07T17:10:08Z
r008,"DUN LAOGHAIRE INSTITUTE OF ART, DESIGN & TECHNOLOGY",Education Ireland,Ireland,other,unknown,https://iadt.ie/wp-content/uploads/2021/03/IADT-International-Policy-Statement-Erasmus-Policy-Statement.pdf,"We engage in internationalisation activity through Education Ireland, THEA, Enterprise",0.9,National,no,cited page was not read by the fetcher (cannot check),2026-10-07T17:10:08Z
r008,"DUN LAOGHAIRE INSTITUTE OF ART, DESIGN & TECHNOLOGY",THEA,Ireland,network,unknown,https://iadt.ie/wp-content/uploads/2021/03/IADT-International-Policy-Statement-Erasmus-Policy-Statement.pdf,"We engage in internationalisation activity through Education Ireland, THEA, Enterprise",0.9,National,no,cited page was not read by the fetcher (cannot check),2026-10-07T17:10:08Z
r008,"DUN LAOGHAIRE INSTITUTE OF ART, DESIGN & TECHNOLOGY",Enterprise Ireland,Ireland,other,unknown,https://iadt.ie/wp-content/uploads/2021/03/IADT-International-Policy-Statement-Erasmus-Policy-Statement.pdf,"Ireland, IDA as well as directly with the Department of Foreign Affairs, for example Alumni",0.9,National,no,cited page was not read by the fetcher (cannot check),2026-10-07T17:10:08Z
r008,"DUN LAOGHAIRE INSTITUTE OF ART, DESIGN & TECHNOLOGY",IDA,Ireland,other,unknown,https://iadt.ie/wp-content/uploads/2021/03/IADT-International-Policy-Statement-Erasmus-Policy-Statement.pdf,"Ireland, IDA as well as directly with the Department of Foreign Affairs, for example Alumni",0.9,National,no,cited page was not read by the fetcher (cannot check),2026-10-07T17:10:08Z
r008,"DUN LAOGHAIRE INSTITUTE OF ART, DESIGN & TECHNOLOGY",Department of Foreign Affairs,Ireland,other,unknown,https://iadt.ie/wp-content/uploads/2021/03/IADT-International-Policy-Statement-Erasmus-Policy-Statement.pdf,"Ireland, IDA as well as directly with the Department of Foreign Affairs, for example Alumni",0.9,National,no,cited page was not read by the fetcher (cannot check),2026-10-07T17:10:08Z
r008,"DUN LAOGHAIRE INSTITUTE OF ART, DESIGN & TECHNOLOGY",Viewfinder,unknown,network,unknown,https://iadt.ie/wp-content/uploads/2021/03/IADT-International-Policy-Statement-Erasmus-Policy-Statement.pdf, MA in Cinematography (joint programme) - through Erasmus Mundus/Viewfinder,0.9,International,no,cited page was not read by the fetcher (cannot check),2026-10-07T17:10:08Z
r009,HAUTE ECOLE CHARLEMAGNE HE CH,Pôle Académique Liège Luxembourg,Belgium,network,unknown,https://www.hech.be/fr,[Logo Pôle Académique Liège Luxembourg],0.9,Unknown,no,cited page was not read by the fetcher (cannot check),2026-10-07T17:10:29Z
r009,HAUTE ECOLE CHARLEMAGNE HE CH,Pôle académique de Namur,Belgium,network,unknown,https://www.hech.be/fr,[Pôle académique de Namur],0.9,Unknown,no,cited page was not read by the fetcher (cannot check),2026-10-07T17:10:29Z
r009,HAUTE ECOLE CHARLEMAGNE HE CH,Globule Bleu,unknown,company,unknown,https://www.hech.be/fr,Made by Globule Bleu,0.9,Unknown,no,cited page was not read by the fetcher (cannot check),2026-10-07T17:10:29Z
r009,HAUTE ECOLE CHARLEMAGNE HE CH,Ville de Liège,Belgium,other,unknown,https://www.hech.be/fr/nos-services/relations-internationales,Ville de Liège,0.9,Unknown,no,cited page was not read by the fetcher (cannot check),2026-10-07T17:10:29Z
r009,HAUTE ECOLE CHARLEMAGNE HE CH,Pôles Liège-Luxembourg,Belgium,network,unknown,https://www.hech.be/fr/nos-services/relations-internationales,"Le BRI de la HECh est membre de la Commission ""Relations internationales"" des Pôles Liège-Luxembourg et Namur",0.9,Unknown,no,cited page was not read by the fetcher (cannot check),2026-10-07T17:10:29Z
r009,HAUTE ECOLE CHARLEMAGNE HE CH,Namur,Belgium,network,unknown,https://www.hech.be/fr/nos-services/relations-internationales,"Le BRI de la HECh est membre de la Commission ""Relations internationales"" des Pôles Liège-Luxembourg et Namur",0.9,Unknown,no,cited page was not read by the fetcher (cannot check),2026-10-07T17:10:29Z
r010,EVANGELISCHE HOCHSCHULE DARMSTADT,HELMo Haute Ecole Libre Mosane,Belgien,university,unknown,https://www.eh-hessen.de/internationales/partnerhochschulen/,HELMo Haute Ecole Libre Mosane,0.9,International,no,cited page was not read by the fetcher (cannot check),2026-10-07T17:10:44Z
r010,EVANGELISCHE HOCHSCHULE DARMSTADT,Sofiiki Universitet 'Sveti Kliment Ohridski',Bulgarien,university,unknown,https://www.eh-hessen.de/internationales/partnerhochschulen/,Sofiiki Universitet 'Sveti Kliment Ohridski',0.9,International,no,cited page was not read by the fetcher (cannot check),2026-10-07T17:10:44Z
r010,EVANGELISCHE HOCHSCHULE DARMSTADT,Nov Bulgarski Universitet (NBU),Bulgarien,university,unknown,https://www.eh-hessen.de/internationales/partnerhochschulen/,Nov Bulgarski Universitet (NBU),0.9,International,no,cited page was not read by the fetcher (cannot check),2026-10-07T17:10:44Z
r010,EVANGELISCHE HOCHSCHULE DARMSTADT,VIA University College Denmark,Dänemark,college,unknown,https://www.eh-hessen.de/internationales/partnerhochschulen/,VIA University College Denmark,0.9,International,no,cited page was not read by the fetcher (cannot check),2026-10-07T17:10:44Z
r010,EVANGELISCHE HOCHSCHULE DARMSTADT,Lapland University of Applied Sciences,Finnland,university,unknown,https://www.eh-hessen.de/internationales/partnerhochschulen/,Lapland University of Applied Sciences,0.9,International,no,cited page was not read by the fetcher (cannot check),2026-10-07T17:10:44Z
r010,EVANGELISCHE HOCHSCHULE DARMSTADT,Satakunta University of Applied Sciences,Finnland,university,unknown,https://www.eh-hessen.de/internationales/partnerhochschulen/,Satakunta University of Applied Sciences,0.9,International,no,cited page was not read by the fetcher (cannot check),2026-10-07T17:10:44Z
r010,EVANGELISCHE HOCHSCHULE DARMSTADT,Diaconia University of Applied Sciences,Finnland,university,unknown,https://www.eh-hessen.de/internationales/partnerhochschulen/,Diaconia University of Applied Sciences,0.9,International,no,cited page was not read by the fetcher (cannot check),2026-10-07T17:10:44Z
r010,EVANGELISCHE HOCHSCHULE DARMSTADT,Novia University of Applied Sciences,Finnland,university,unknown,https://www.eh-hessen.de/internationales/partnerhochschulen/,Novia University of Applied Sciences,0.9,International,no,cited page was not read by the fetcher (cannot check),2026-10-07T17:10:44Z
r010,EVANGELISCHE HOCHSCHULE DARMSTADT,University of Eastern Finnland,Finnland,university,unknown,https://www.eh-hessen.de/internationales/partnerhochschulen/,University of Eastern Finnland,0.9,International,no,cited page was not read by the fetcher (cannot check),2026-10-07T17:10:44Z
r010,EVANGELISCHE HOCHSCHULE DARMSTADT,Institut Régional du Travail Social Nouvelle-Aquitaine (IRTS),Frankreich,university,unknown,https://www.eh-hessen.de/internationales/partnerhochschulen/,Institut Régional du Travail Social Nouvelle-Aquitaine (IRTS),0.9,International,no,cited page was not read by the fetcher (cannot check),2026-10-07T17:10:44Z
r010,EVANGELISCHE HOCHSCHULE DARMSTADT,École Supérieure Européenne de l'Intervention Sociale (ESEIS),Frankreich,university,unknown,https://www.eh-hessen.de/internationales/partnerhochschulen/,École Supérieure Européenne de l'Intervention Sociale (ESEIS),0.9,International,no,cited page was not read by the fetcher (cannot check),2026-10-07T17:10:44Z
r010,EVANGELISCHE HOCHSCHULE DARMSTADT,University of Patras,Griechenland,university,unknown,https://www.eh-hessen.de/internationales/partnerhochschulen/,University of Patras,0.9,International,no,cited page was not read by the fetcher (cannot check),2026-10-07T17:10:44Z
r010,EVANGELISCHE HOCHSCHULE DARMSTADT,Munster University of Technology,Irland,university,unknown,https://www.eh-hessen.de/internationales/partnerhochschulen/,Munster University of Technology,0.9,International,no,cited page was not read by the fetcher (cannot check),2026-10-07T17:10:44Z
r010,EVANGELISCHE HOCHSCHULE DARMSTADT,Università degli Studi di Milano – Bicocca,Italien,university,unknown,https://www.eh-hessen.de/internationales/partnerhochschulen/,Università degli Studi di Milano – Bicocca,0.9,International,no,cited page was not read by the fetcher (cannot check),2026-10-07T17:10:44Z
r010,EVANGELISCHE HOCHSCHULE DARMSTADT,Università degli Studi di Trieste,Italien,university,unknown,https://www.eh-hessen.de/internationales/partnerhochschulen/,Università degli Studi di Trieste,0.9,International,no,cited page was not read by the fetcher (cannot check),2026-10-07T17:10:44Z
r010,EVANGELISCHE HOCHSCHULE DARMSTADT,Sapienza – Università di Roma,Italien,university,unknown,https://www.eh-hessen.de/internationales/partnerhochschulen/,Sapienza – Università di Roma,0.9,International,no,cited page was not read by the fetcher (cannot check),2026-10-07T17:10:44Z
r010,EVANGELISCHE HOCHSCHULE DARMSTADT,Hogeschool Leiden,Niederlande,university,unknown,https://www.eh-hessen.de/internationales/partnerhochschulen/,Hogeschool Leiden,0.9,International,no,cited page was not read by the fetcher (cannot check),2026-10-07T17:10:44Z
r010,EVANGELISCHE HOCHSCHULE DARMSTADT,Fachhochschule Joanneum,Österreich,university,unknown,https://www.eh-hessen.de/internationales/partnerhochschulen/,Fachhochschule Joanneum,0.9,International,no,cited page was not read by the fetcher (cannot check),2026-10-07T17:10:44Z
r010,EVANGELISCHE HOCHSCHULE DARMSTADT,Pädagogische Hochschule Oberösterreich,Österreich,university,unknown,https://www.eh-hessen.de/internationales/partnerhochschulen/,Pädagogische Hochschule Oberösterreich,0.9,International,no,cited page was not read by the fetcher (cannot check),2026-10-07T17:10:44Z
r010,EVANGELISCHE HOCHSCHULE DARMSTADT,Adam Mickiewicz University of Poznan,Polen,university,unknown,https://www.eh-hessen.de/internationales/partnerhochschulen/,Adam Mickiewicz University of Poznan,0.9,International,no,cited page was not read by the fetcher (cannot check),2026-10-07T17:10:44Z
r010,EVANGELISCHE HOCHSCHULE DARMSTADT,The Jan Kochanowski University,Polen,university,unknown,https://www.eh-hessen.de/internationales/partnerhochschulen/,The Jan Kochanowski University,0.9,International,no,cited page was not read by the fetcher (cannot check),2026-10-07T17:10:44Z
r010,EVANGELISCHE HOCHSCHULE DARMSTADT,Uniwersytet Wroclawski,Polen,university,unknown,https://www.eh-hessen.de/internationales/partnerhochschulen/,Uniwersytet Wroclawski,0.9,International,no,cited page was not read by the fetcher (cannot check),2026-10-07T17:10:44Z
r010,EVANGELISCHE HOCHSCHULE DARMSTADT,Uniwersytet Warszawski,Polen,university,unknown,https://www.eh-hessen.de/internationales/partnerhochschulen/,Uniwersytet Warszawski,0.9,International,no,cited page was not read by the fetcher (cannot check),2026-10-07T17:10:44Z
r010,EVANGELISCHE HOCHSCHULE DARMSTADT,Universitatea 'Babes-Bolyai' din Cluj-Napoca,Rumänien,university,unknown,https://www.eh-hessen.de/internationales/partnerhochschulen/,Universitatea 'Babes-Bolyai' din Cluj-Napoca,0.9,International,no,cited page was not read by the fetcher (cannot check),2026-10-07T17:10:44Z
r010,EVANGELISCHE HOCHSCHULE DARMSTADT,Universitatea 'Lucian Blaga' din Sibiu,Rumänien,university,unknown,https://www.eh-hessen.de/internationales/partnerhochschulen/,Universitatea 'Lucian Blaga' din Sibiu,0.9,International,no,cited page was not read by the fetcher (cannot check),2026-10-07T17:10:44Z
r010,EVANGELISCHE HOCHSCHULE DARMSTADT,Universidad de la Rioja,Spanien,university,unknown,https://www.eh-hessen.de/internationales/partnerhochschulen/,Universidad de la Rioja,0.9,International,no,cited page was not read by the fetcher (cannot check),2026-10-07T17:10:44Z
r010,EVANGELISCHE HOCHSCHULE DARMSTADT,FH Nordwest-Schweiz,Schweiz,university,unknown,https://www.eh-hessen.de/internationales/partnerhochschulen/,"FH Nordwest-Schweiz,",0.9,International,no,cited page was not read by the fetcher (cannot check),2026-10-07T17:10:44Z
r010,EVANGELISCHE HOCHSCHULE DARMSTADT,University of Ostrava,Tschechien,university,unknown,https://www.eh-hessen.de/internationales/partnerhochschulen/,University of Ostrava,0.9,International,no,cited page was not read by the fetcher (cannot check),2026-10-07T17:10:44Z
r010,EVANGELISCHE HOCHSCHULE DARMSTADT,Cumhuriyet University,Türkei,university,unknown,https://www.eh-hessen.de/internationales/partnerhochschulen/,Cumhuriyet University,0.9,International,no,cited page was not read by the fetcher (cannot check),2026-10-07T17:10:44Z
r010,EVANGELISCHE HOCHSCHULE DARMSTADT,Universität Ankara,Türkei,university,unknown,https://www.eh-hessen.de/internationales/partnerhochschulen/,Universität Ankara,0.9,International,no,cited page was not read by the fetcher (cannot check),2026-10-07T17:10:44Z
r010,EVANGELISCHE HOCHSCHULE DARMSTADT,Eötvös Loránd Tudományegyetem,Ungarn,university,unknown,https://www.eh-hessen.de/internationales/partnerhochschulen/,Eötvös Loránd Tudományegyetem,0.9,International,no,cited page was not read by the fetcher (cannot check),2026-10-07T17:10:44Z
r010,EVANGELISCHE HOCHSCHULE DARMSTADT,Kodolanyi Janos University of Applied Sciences,Ungarn,university,unknown,https://www.eh-hessen.de/internationales/partnerhochschulen/,Kodolanyi Janos University of Applied Sciences,0.9,International,no,cited page was not read by the fetcher (cannot check),2026-10-07T17:10:44Z
r010,EVANGELISCHE HOCHSCHULE DARMSTADT,Sapientia College of Theology of Religious Orders,Ungarn,college,unknown,https://www.eh-hessen.de/internationales/partnerhochschulen/,Sapientia College of Theology of Religious Orders,0.9,International,no,cited page was not read by the fetcher (cannot check),2026-10-07T17:10:44Z
r010,EVANGELISCHE HOCHSCHULE DARMSTADT,Faculdades EST,Brasilien,university,unknown,https://www.eh-hessen.de/internationales/partnerhochschulen/,Faculdades EST,0.9,International,no,cited page was not read by the fetcher (cannot check),2026-10-07T17:10:44Z
r010,EVANGELISCHE HOCHSCHULE DARMSTADT,Universidade do Vale do Rio dos Sinos (UNISINOS),Brasilien,university,unknown,https://www.eh-hessen.de/internationales/partnerhochschulen/,Universidade do Vale do Rio dos Sinos (UNISINOS),0.9,International,no,cited page was not read by the fetcher (cannot check),2026-10-07T17:10:44Z
r010,EVANGELISCHE HOCHSCHULE DARMSTADT,Vanadsor State Pedagogical Institute named after Hovh. Toumanyan,Republik Armenien,university,unknown,https://www.eh-hessen.de/internationales/partnerhochschulen/,Vanadsor State Pedagogical Institute named after Hovh. Toumanyan,0.9,International,no,cited page was not read by the fetcher (cannot check),2026-10-07T17:10:44Z
r010,EVANGELISCHE HOCHSCHULE DARMSTADT,Uzhhorod Academy of Culture and Arts,Ukraine,university,unknown,https://www.eh-hessen.de/internationales/partnerhochschulen/,"Uzhhorod Academy of Culture and Arts, Ukraine",0.9,International,no,cited page was not read by the fetcher (cannot check),2026-10-07T17:10:44Z
r010,EVANGELISCHE HOCHSCHULE DARMSTADT,Staatliche Linguistische Universität,Republik Belarus,university,unknown,https://www.eh-hessen.de/internationales/partnerhochschulen/,Staatliche Linguistische Universität,0.9,International,no,cited page was not read by the fetcher (cannot check),2026-10-07T17:10:44Z
r010,EVANGELISCHE HOCHSCHULE DARMSTADT,Protestant Institute of Arts and Social Sciences / Protestant University of Rwanda,Ruanda,university,unknown,https://www.eh-hessen.de/internationales/partnerhochschulen/,Protestant Institute of Arts and Social Sciences / Protestant University of Rwanda,0.9,International,no,cited page was not read by the fetcher (cannot check),2026-10-07T17:10:44Z
r010,EVANGELISCHE HOCHSCHULE DARMSTADT,Russische Staatliche Sozialuniversität,Russische Föderation,university,unknown,https://www.eh-hessen.de/internationales/partnerhochschulen/,Russische Staatliche Sozialuniversität,0.9,International,no,cited page was not read by the fetcher (cannot check),2026-10-07T17:10:44Z
r010,EVANGELISCHE HOCHSCHULE DARMSTADT,Staatliche Universität Kostroma,Russische Föderation,university,unknown,https://www.eh-hessen.de/internationales/partnerhochschulen/,Staatliche Universität Kostroma,0.9,International,no,cited page was not read by the fetcher (cannot check),2026-10-07T17:10:44Z
r010,EVANGELISCHE HOCHSCHULE DARMSTADT,Staatliche Universität Kursk,Russische Föderation,university,unknown,https://www.eh-hessen.de/internationales/partnerhochschulen/,Staatliche Universität Kursk,0.9,International,no,cited page was not read by the fetcher (cannot check),2026-10-07T17:10:44Z
r010,EVANGELISCHE HOCHSCHULE DARMSTADT,Staatliche Universität Omsk,Russische Föderation,university,unknown,https://www.eh-hessen.de/internationales/partnerhochschulen/,Staatliche Universität Omsk,0.9,International,no,cited page was not read by the fetcher (cannot check),2026-10-07T17:10:44Z
r010,EVANGELISCHE HOCHSCHULE DARMSTADT,Staatliche Universität Wologda,Russische Föderation,university,unknown,https://www.eh-hessen.de/internationales/partnerhochschulen/,Staatliche Universität Wologda,0.9,International,no,cited page was not read by the fetcher (cannot check),2026-10-07T17:10:44Z
r010,EVANGELISCHE HOCHSCHULE DARMSTADT,University of the Western Cape,Südafrika,university,unknown,https://www.eh-hessen.de/internationales/partnerhochschulen/,University of the Western Cape,0.9,International,no,cited page was not read by the fetcher (cannot check),2026-10-07T17:10:44Z
r010,EVANGELISCHE HOCHSCHULE DARMSTADT,Fachhochschule Nordwestschweiz,Schweiz,university,unknown,https://www.eh-hessen.de/internationales/partnerhochschulen/,Fachhochschule Nordwestschweiz,0.9,International,no,cited page was not read by the fetcher (cannot check),2026-10-07T17:10:44Z
r010,EVANGELISCHE HOCHSCHULE DARMSTADT,Universidad Centroamericana (UCA),Nicaragua,university,study,https://www.eh-hessen.de/hochschule/einrichtungen/international-office/erasmus/,Universidad Centroamericana (UCA),0.9,International,no,cited page was not read by the fetcher (cannot check),2026-10-07T17:10:44Z
r010,EVANGELISCHE HOCHSCHULE DARMSTADT,Campus 3L gGmbH,unknown,company,unknown,https://www.eh-hessen.de/studium/nonprofit-management-ma/,"Alle Informationen zum Studiengang und zur Bewerbung finden Sie auf den Seiten der Campus 3L gGmbH, welche den Studiengang als Tochtergesellschaft der Evangelischen Hochschule durchführt.",0.9,International,no,cited page was not read by the fetcher (cannot check),2026-10-07T17:10:44Z
r010,EVANGELISCHE HOCHSCHULE DARMSTADT,Hephata,Deutschland,other,unknown,https://www.eh-hessen.de/hochschule/standorte/,"Hephata ist eine große Diakonische Einrichtung mit über 2000 Mitarbeitern, die in einer eigenen Akademie Mitarbeitende für verschiedene Berufe der sozialen und pflegerischen Arbeit ausbildet.",0.9,International,no,cited page was not read by the fetcher (cannot check),2026-10-07T17:10:44Z
r010,EVANGELISCHE HOCHSCHULE DARMSTADT,CVJM Verband,Deutschland,network,unknown,https://www.eh-hessen.de/hochschule/standorte/,"Der Standort ist dem CVJM Verband, der weltweit größten christlichen Jugendorganisation, eng verbunden.",0.9,International,no,cited page was not read by the fetcher (cannot check),2026-10-07T17:10:44Z
r011,GAL FERENC EGYETEM,Szegedi Tudományegyetem,Hungary,university,unknown,https://gfe.hu/kateketa-lelkipasztori-munkatars-alapszak/,"vagy pedig a második tanári szakot megalapozó minor szak a Szegedi Tudományegyetemen (SZTE), mivel a KLM alapszakra épülő HN-T mesterszak tanárképes szak.",0.9,National,no,cited page was not read by the fetcher (cannot check),2026-10-07T17:10:48Z
r011,GAL FERENC EGYETEM,SoCaTel,unknown,network,unknown,https://gfe.hu/socatel-hackathon-versenyt-tartottak-a-gal-ferenc-foiskolan-a-h2020-socatel-projekt-magyar-konzorciumi-partnerenel/,"SoCaTel hackathon versenyt tartottak a Gál Ferenc Főiskolán, a H2020 SoCaTel projekt magyar konzorciumi partnerénél - Gál Ferenc Egyetem",0.9,International,no,cited page was not read by the fetcher (cannot check),2026-10-07T17:10:48Z
r012,BULGARIAN ACADEMY OF SCIENCES,Austrian Academy of Sciences,Austria,university,unknown,https://www.bas.bg/?page_id=23,Австрия | Австрийска академия на науките | Актуално споразумение от 2022 г. - безсрочно | | |,0.9,Unknown,no,cited page was not read by the fetcher (cannot check),2026-10-07T17:11:05Z
r012,BULGARIAN ACADEMY OF SCIENCES,Azerbaijan National Academy of Sciences,Azerbaijan,university,unknown,https://www.bas.bg/?page_id=23,Азербайджан | Азербайджанска национална академия на науките | Актуално споразумение от 2023 г. - валидно до юли 2028 г. | | |,0.9,Unknown,no,cited page was not read by the fetcher (cannot check),2026-10-07T17:11:05Z
r012,BULGARIAN ACADEMY OF SCIENCES,Academy of Sciences of Albania,Albania,university,unknown,https://www.bas.bg/?page_id=23,Албания | Академия на науките на Албания | Актуално споразумение от 2023 г. - безсрочно | | ЕБР |,0.9,Unknown,no,cited page was not read by the fetcher (cannot check),2026-10-07T17:11:05Z
r012,BULGARIAN ACADEMY OF SCIENCES,National Academy of Sciences of the Republic of Armenia,Armenia,university,unknown,https://www.bas.bg/?page_id=23,Армения | Национална академия на науките на Република Армения | Актуален меморандум от 2024 г. - валиден до март 2027 г. | Обсъжда се | ЕБР |,0.9,Unknown,no,cited page was not read by the fetcher (cannot check),2026-10-07T17:11:05Z
r012,BULGARIAN ACADEMY OF SCIENCES,Academy of Sciences and Arts of Bosnia and Herzegovina,Bosnia and Herzegovina,university,unknown,https://www.bas.bg/?page_id=23,Босна и Херцеговина | Академия на науките и изкуствата на Босна и Херцеговина | Първо подписване през 2016 г. - безсрочно | | ЕБР |,0.9,Unknown,no,cited page was not read by the fetcher (cannot check),2026-10-07T17:11:05Z
r012,BULGARIAN ACADEMY OF SCIENCES,Vietnam Academy of Science and Technology,Vietnam,university,unknown,https://www.bas.bg/?page_id=23,Виетнам | Виетнамска академия на науките и технологиите | Актуално споразумение от 2022 г. - безсрочно | На всеки две години | Грантова схема |,0.9,Unknown,no,cited page was not read by the fetcher (cannot check),2026-10-07T17:11:05Z
r012,BULGARIAN ACADEMY OF SCIENCES,Aristotle University of Thessaloniki,Greece,university,unknown,https://www.bas.bg/?page_id=23,Гърция | Солунски университет „Аристотел“ | Първо подписване през 2006 г. - безсрочно | Ежегодно | ЕБР |,0.9,Unknown,no,cited page was not read by the fetcher (cannot check),2026-10-07T17:11:05Z
r012,BULGARIAN ACADEMY OF SCIENCES,Egyptian Academy of Scientific Research and Technology,Egypt,university,unknown,https://www.bas.bg/?page_id=23,Египет | Египетска академия за научни изследвания и технологии | Актуално споразумение от 2021 г. - безсрочно | На всеки две години | Грантова схема |,0.9,Unknown,no,cited page was not read by the fetcher (cannot check),2026-10-07T17:11:05Z
r012,BULGARIAN ACADEMY OF SCIENCES,Estonian Academy of Sciences,Estonia,university,unknown,https://www.bas.bg/?page_id=23,Естония | Естонска академия на науките | Първо подписване през 1996 г. - безсрочно | На всеки две години | ЕБР |,0.9,Unknown,no,cited page was not read by the fetcher (cannot check),2026-10-07T17:11:05Z
r012,BULGARIAN ACADEMY OF SCIENCES,Israel Academy of Sciences and Humanities,Israel,university,unknown,https://www.bas.bg/?page_id=23,Израел | Израелска академия | Актуално споразумение от 2023 г. - валидно до март 2028 г. | Целогодишно | ЕБР |,0.9,Unknown,no,cited page was not read by the fetcher (cannot check),2026-10-07T17:11:05Z
r012,BULGARIAN ACADEMY OF SCIENCES,National Research Council of Italy,Italy,university,unknown,https://www.bas.bg/?page_id=23,Италия | Национален съвет за научни изследвания | Актуално споразумение от 2022 г. - валидно до 2028 г. | На всеки три години | Грантова схема |,0.9,Unknown,no,cited page was not read by the fetcher (cannot check),2026-10-07T17:11:05Z
r012,BULGARIAN ACADEMY OF SCIENCES,Academy of Sciences of the Islamic Republic of Iran,Iran,university,unknown,https://www.bas.bg/?page_id=23,Иран | Академия на науките на Ислямска република Иран | Актуален меморандум от 2024 г. - валиден до май 2027 г. | | |,0.9,Unknown,no,cited page was not read by the fetcher (cannot check),2026-10-07T17:11:05Z
r012,BULGARIAN ACADEMY OF SCIENCES,National Academy of Sciences of the Republic of Kazakhstan,Kazakhstan,university,unknown,https://www.bas.bg/?page_id=23,Казахстан | Национална академия на науките на Република Казахстан | Актуален меморандум от 2023 г. - валиден до юни 2026 г. | | |,0.9,Unknown,no,cited page was not read by the fetcher (cannot check),2026-10-07T17:11:05Z
r012,BULGARIAN ACADEMY OF SCIENCES,Qatar University,Qatar,university,unknown,https://www.bas.bg/?page_id=23,Катар | Катарски университет | Актуален меморандум от 2015 г. - валиден до октомври 2025 г. | | |,0.9,Unknown,no,cited page was not read by the fetcher (cannot check),2026-10-07T17:11:05Z
r012,BULGARIAN ACADEMY OF SCIENCES,Chinese Academy of Social Sciences,China,university,unknown,https://www.bas.bg/?page_id=23,Китай | Китайска академия за обществени науки | Актуално споразумение от 2022 г. - валидно до 2026 г. | На всеки две години | Грантова схема |,0.9,Unknown,no,cited page was not read by the fetcher (cannot check),2026-10-07T17:11:05Z
r012,BULGARIAN ACADEMY OF SCIENCES,Chinese Academy of Sciences,China,university,unknown,https://www.bas.bg/?page_id=23,Китай | Китайска академия на науките | Актуално споразумение от 2021 г. - валидно до юни 2026 г. | На всеки две години | Грантова схема |,0.9,Unknown,no,cited page was not read by the fetcher (cannot check),2026-10-07T17:11:05Z
r012,BULGARIAN ACADEMY OF SCIENCES,Latvian Academy of Sciences,Latvia,university,unknown,https://www.bas.bg/?page_id=23,Латвия | Латвийска академия на науките | Актуално споразумение от 2021 г. | На всеки две години | Грантова схема |,0.9,Unknown,no,cited page was not read by the fetcher (cannot check),2026-10-07T17:11:05Z
r012,BULGARIAN ACADEMY OF SCIENCES,Lithuanian Academy of Sciences,Lithuania,university,unknown,https://www.bas.bg/?page_id=23,Литва | Литовска академия на науките | Първо подписване през 2007 г. -безсрочно | На всеки три години | ЕБР |,0.9,Unknown,no,cited page was not read by the fetcher (cannot check),2026-10-07T17:11:05Z
r012,BULGARIAN ACADEMY OF SCIENCES,Mohammed V University in Rabat,Morocco,university,unknown,https://www.bas.bg/?page_id=23,Мароко | Университет Мохамед V в Рабат | Първо подписване през 2019 г. - безсрочно | | |,0.9,Unknown,no,cited page was not read by the fetcher (cannot check),2026-10-07T17:11:05Z
r012,BULGARIAN ACADEMY OF SCIENCES,Mongolian Academy of Sciences,Mongolia,university,unknown,https://www.bas.bg/?page_id=23,Монголия | Монголска академия на науките | Актуално споразумение от 2015 г. - безсрочно | Обсъжда се | |,0.9,Unknown,no,cited page was not read by the fetcher (cannot check),2026-10-07T17:11:05Z
r012,BULGARIAN ACADEMY OF SCIENCES,Polish Academy of Sciences,Poland,university,unknown,https://www.bas.bg/?page_id=23,Полша | Полска академия на науките | Актуално споразумение от 2024 г. - валидно до декември 2025 г. | На всеки две години | Грантова схема |,0.9,Unknown,no,cited page was not read by the fetcher (cannot check),2026-10-07T17:11:05Z
r012,BULGARIAN ACADEMY OF SCIENCES,Korea Institute of Science and Technology,South Korea,university,unknown,https://www.bas.bg/?page_id=23,Република Корея | Корейски институт за наука и технологии | Актуално споразумение от 2020 г. - безсрочно | БАН предлага двойна дипломна програма за докторантите на академията | |,0.9,Unknown,no,cited page was not read by the fetcher (cannot check),2026-10-07T17:11:05Z
r012,BULGARIAN ACADEMY OF SCIENCES,Academy of Sciences and Arts of the Republika Srpska in Bosnia and Herzegovina,Bosnia and Herzegovina,university,unknown,https://www.bas.bg/?page_id=23,Република Сръбска в Босна и Херцеговина | Академия на науките и изкуствата на Република Сръбска в Босна и Херцеговина | Първо подписване през 2015 г. - безсрочно | | ЕБР |,0.9,Unknown,no,cited page was not read by the fetcher (cannot check),2026-10-07T17:11:05Z
r012,BULGARIAN ACADEMY OF SCIENCES,Romanian Academy,Romania,university,unknown,https://www.bas.bg/?page_id=23,Румъния | Румънска академия | Актуално споразумение от 2024 г. - подновява се автоматично на всеки пет години | На всеки три години | ЕБР |,0.9,Unknown,no,cited page was not read by the fetcher (cannot check),2026-10-07T17:11:05Z
r012,BULGARIAN ACADEMY OF SCIENCES,Slovak Academy of Sciences,Slovakia,university,unknown,https://www.bas.bg/?page_id=23,Словакия | Словашка академия на науките | Актуално споразумение от 2020 г. - безсрочно | На всеки две години | Грантова схема |,0.9,Unknown,no,cited page was not read by the fetcher (cannot check),2026-10-07T17:11:05Z
r012,BULGARIAN ACADEMY OF SCIENCES,Slovenian Academy of Sciences and Arts,Slovenia,university,unknown,https://www.bas.bg/?page_id=23,Словения | Словенска академия на науките и изкуствата | Първо подписване през 2007 г. - безсрочно | Целогодишно | ЕБР |,0.9,Unknown,no,cited page was not read by the fetcher (cannot check),2026-10-07T17:11:05Z
r012,BULGARIAN ACADEMY OF SCIENCES,Serbian Academy of Sciences and Arts,Serbia,university,unknown,https://www.bas.bg/?page_id=23,Сърбия | Сръбска академия на науките и изкуствата | Актуално споразумение от 2007 г. - безсрочно | На всеки три години | ЕБР |,0.9,Unknown,no,cited page was not read by the fetcher (cannot check),2026-10-07T17:11:05Z
r012,BULGARIAN ACADEMY OF SCIENCES,National Science and Technology Council of Taiwan,Taiwan,university,unknown,https://www.bas.bg/?page_id=23,Тайван | Националния съвет за наука и технологии | Първо подписване през 2001 г. - безсрочно | Ежегодно | ЕБР |,0.9,Unknown,no,cited page was not read by the fetcher (cannot check),2026-10-07T17:11:05Z
r012,BULGARIAN ACADEMY OF SCIENCES,"Arab League Educational, Cultural and Scientific Organization",Tunisia,university,unknown,https://www.bas.bg/?page_id=23,"Тунис | Арабска организация за образование, култура и науки | Първо подписване през 2016 г. -безсрочно | | |",0.9,Unknown,no,cited page was not read by the fetcher (cannot check),2026-10-07T17:11:05Z
r012,BULGARIAN ACADEMY OF SCIENCES,Scientific and Technological Research Council of Turkey (TUBITAK),Turkey,university,unknown,https://www.bas.bg/?page_id=23,Турция | Национален съвет за научно-технически изследвания (ТЮБИТАК) | Първо подписване през 2002 г. - безсрочно | Три пъти в годината | Грантова схема |,0.9,Unknown,no,cited page was not read by the fetcher (cannot check),2026-10-07T17:11:05Z
r012,BULGARIAN ACADEMY OF SCIENCES,National Academy of Sciences of Ukraine,Ukraine,university,unknown,https://www.bas.bg/?page_id=23,Украйна | Национална академия на науките на Украйна | Актуално споразумение от 2016 г. - безсрочно | | ЕБР |,0.9,Unknown,no,cited page was not read by the fetcher (cannot check),2026-10-07T17:11:05Z
r012,BULGARIAN ACADEMY OF SCIENCES,V. N. Karazin Kharkiv National University,Ukraine,university,unknown,https://www.bas.bg/?page_id=23,Украйна | Харковски национален университет | Актуално споразумение от 2017 г. - безсрочно | | ЕБР |,0.9,Unknown,no,cited page was not read by the fetcher (cannot check),2026-10-07T17:11:05Z
r012,BULGARIAN ACADEMY OF SCIENCES,Hungarian Academy of Sciences,Hungary,university,unknown,https://www.bas.bg/?page_id=23,Унгария | Унгарска академия на науките | Актуално споразумение от 2022 г. - безсрочно | На всеки две години | Грантова схема |,0.9,Unknown,no,cited page was not read by the fetcher (cannot check),2026-10-07T17:11:05Z
r012,BULGARIAN ACADEMY OF SCIENCES,French National Centre for Scientific Research (CNRS),France,university,unknown,https://www.bas.bg/?page_id=23,Франция | Национален център за научни изследвания на Франция (CNRS) | Предстои преподписване | | |,0.9,Unknown,no,cited page was not read by the fetcher (cannot check),2026-10-07T17:11:05Z
r012,BULGARIAN ACADEMY OF SCIENCES,Croatian Academy of Sciences and Arts,Croatia,university,unknown,https://www.bas.bg/?page_id=23,Хърватия | Хърватска академия на науките и изкуствата | Първо подписване през 1997 г. - безсрочно | Обсъжда се | ЕБР |,0.9,Unknown,no,cited page was not read by the fetcher (cannot check),2026-10-07T17:11:05Z
r012,BULGARIAN ACADEMY OF SCIENCES,Montenegrin Academy of Sciences and Arts,Montenegro,university,unknown,https://www.bas.bg/?page_id=23,Черна гора | Черногорска академия на науките и изкуствата | Актуално споразумение от 2009 г. - безсрочно | | ЕБР |,0.9,Unknown,no,cited page was not read by the fetcher (cannot check),2026-10-07T17:11:05Z
r012,BULGARIAN ACADEMY OF SCIENCES,Czech Academy of Sciences,Czech Republic,university,unknown,https://www.bas.bg/?page_id=23,Чешка република | Чешка академия на науките | Актуално споразумение от 2022 г. - безсрочно | На всеки две години | Грантова схема |,0.9,Unknown,no,cited page was not read by the fetcher (cannot check),2026-10-07T17:11:05Z
r012,BULGARIAN ACADEMY OF SCIENCES,ALLEA,unknown,network,unknown,https://www.bas.bg/?lang=en,BAS condemns the Russian drone strike on the National Academy of Sciences of Ukraine in Kyiv and joins the appeal issued by ALLEA (https://allea.org/allea-condemns-russian-drone-strike-on-the-national-academy-of-sciences-of-ukraine/). Attacks targeting Ukraine’s scientific and cultural infrastructure constitute not only [...],0.9,Unknown,no,cited page was not read by the fetcher (cannot check),2026-10-07T17:11:05Z
r018,EVANGELISCHE HOCHSCHULE DARMSTADT EHD,Universität Coventry,Großbritannien,university,unknown,https://h-da.de/forschung/allianzen/global-partners-european-alliance,"Universität Coventry, Coventry, Großbritannien",0.9,Unknown,no,cited page was not read by the fetcher (cannot check),2026-10-07T17:11:37Z
r018,EVANGELISCHE HOCHSCHULE DARMSTADT EHD,Technologische Universität Dublin,Irland,university,unknown,https://h-da.de/forschung/allianzen/global-partners-european-alliance,"Technologische Universität Dublin, Irland",0.9,Unknown,no,cited page was not read by the fetcher (cannot check),2026-10-07T17:11:37Z
r018,EVANGELISCHE HOCHSCHULE DARMSTADT EHD,Hochschule für Technik und Wirtschaft Luzern,Schweiz,university,unknown,https://h-da.de/forschung/allianzen/global-partners-european-alliance,"Hochschule für Technik und Wirtschaft Luzern, Luzern, Schweiz",0.9,Unknown,no,cited page was not read by the fetcher (cannot check),2026-10-07T17:11:37Z
r018,EVANGELISCHE HOCHSCHULE DARMSTADT EHD,Purdue Universität,USA,university,unknown,https://h-da.de/forschung/allianzen/global-partners-european-alliance,"Purdue Universität, Indiana, USA",0.9,Unknown,no,cited page was not read by the fetcher (cannot check),2026-10-07T17:11:37Z
r018,EVANGELISCHE HOCHSCHULE DARMSTADT EHD,Universität von Wisconsin - Stout,USA,university,unknown,https://h-da.de/forschung/allianzen/global-partners-european-alliance,"Universität von Wisconsin - Stout, Wisconsin, USA",0.9,Unknown,no,cited page was not read by the fetcher (cannot check),2026-10-07T17:11:37Z
r018,EVANGELISCHE HOCHSCHULE DARMSTADT EHD,Schwarz Global Services Bulgaria EOOD,Bulgaria,company,unknown,https://h-da.de/hochschule/eut/partner-unterstuetzer,Schwarz Global Services Bulgaria EOOD - MoU TUS,0.9,Unknown,no,cited page was not read by the fetcher (cannot check),2026-10-07T17:11:37Z
r018,EVANGELISCHE HOCHSCHULE DARMSTADT EHD,Melexis Bulgaria EOOD,Bulgaria,company,unknown,https://h-da.de/hochschule/eut/partner-unterstuetzer,Melexis Bulgaria EOOD - MoU TUS,0.9,Unknown,no,cited page was not read by the fetcher (cannot check),2026-10-07T17:11:37Z
r018,EVANGELISCHE HOCHSCHULE DARMSTADT EHD,The United Nations Institute for Training and Research (UNITAR),unknown,other,unknown,https://h-da.de/hochschule/eut/partner-unterstuetzer,The United Nations Institute for Training and Research (“UNITAR”) - MoU TUDublin,0.9,Unknown,no,cited page was not read by the fetcher (cannot check),2026-10-07T17:11:37Z
r018,EVANGELISCHE HOCHSCHULE DARMSTADT EHD,SABIC Global Technologies B.V.,unknown,company,unknown,https://h-da.de/hochschule/eut/partner-unterstuetzer,SABIC Global Technologies B.V. - MoU UPCT,0.9,Unknown,no,cited page was not read by the fetcher (cannot check),2026-10-07T17:11:37Z
r018,EVANGELISCHE HOCHSCHULE DARMSTADT EHD,E-lectra s.r.l.,unknown,company,unknown,https://h-da.de/hochschule/eut/partner-unterstuetzer,E-lectra s.r.l. - MoU UNICAS,0.9,Unknown,no,cited page was not read by the fetcher (cannot check),2026-10-07T17:11:37Z
r018,EVANGELISCHE HOCHSCHULE DARMSTADT EHD,Sensata Technologies Bulgaria EOOD,Bulgaria,company,unknown,https://h-da.de/hochschule/eut/partner-unterstuetzer,Sensata Technologies Bulgaria EOOD - MoU TUS,0.9,Unknown,no,cited page was not read by the fetcher (cannot check),2026-10-07T17:11:37Z
r018,EVANGELISCHE HOCHSCHULE DARMSTADT EHD,EUROPEAN UNIVERSITY OF TECHNOLOGY,unknown,network,unknown,https://h-da.de/,[Link: EUROPEAN UNIVERSITY OF TECHNOLOGY],0.9,Unknown,no,cited page was not read by the fetcher (cannot check),2026-10-07T17:11:37Z
r018,EVANGELISCHE HOCHSCHULE DARMSTADT EHD,Erasmus Student Network (ESN),unknown,network,unknown,https://h-da.de/,Newbie-Events Erasmus Student Network (ESN),0.9,Unknown,no,cited page was not read by the fetcher (cannot check),2026-10-07T17:11:37Z
r018,EVANGELISCHE HOCHSCHULE DARMSTADT EHD,eut+,unknown,network,unknown,https://h-da.de/,[Logo eut+],0.9,Unknown,no,cited page was not read by the fetcher (cannot check),2026-10-07T17:11:37Z
r018,EVANGELISCHE HOCHSCHULE DARMSTADT EHD,Hochschulallianz HAWtech,unknown,network,unknown,https://h-da.de/,[Das Hochschulallianz HAWtech Logo],0.9,Unknown,no,cited page was not read by the fetcher (cannot check),2026-10-07T17:11:37Z
r018,EVANGELISCHE HOCHSCHULE DARMSTADT EHD,EUA,unknown,network,unknown,https://h-da.de/,[Das EUA Logo],0.9,Unknown,no,cited page was not read by the fetcher (cannot check),2026-10-07T17:11:37Z
r018,EVANGELISCHE HOCHSCHULE DARMSTADT EHD,International Association of Universities,unknown,network,unknown,https://h-da.de/,[Logo International Association of Universities],0.9,Unknown,no,cited page was not read by the fetcher (cannot check),2026-10-07T17:11:37Z
r018,EVANGELISCHE HOCHSCHULE DARMSTADT EHD,Cyprus University of Technology,Cyprus,university,unknown,https://international.h-da.de/en/,"The EUt+ partner university, Cyprus University of…",0.9,Unknown,no,cited page was not read by the fetcher (cannot check),2026-10-07T17:11:37Z
r018,EVANGELISCHE HOCHSCHULE DARMSTADT EHD,Erasmus+,unknown,network,unknown,https://international.h-da.de/en/,"🤝 Programs & Partners → Erasmus+, EUt+ & global networks.",0.9,Unknown,no,cited page was not read by the fetcher (cannot check),2026-10-07T17:11:37Z
r018,EVANGELISCHE HOCHSCHULE DARMSTADT EHD,OAMK,Finland,university,staff,https://international.h-da.de/wege-ins-ausland/mitarbeitenden-lehrenden,[Besuch an der OAMK Finnland],0.9,Unknown,no,cited page was not read by the fetcher (cannot check),2026-10-07T17:11:37Z
r018,EVANGELISCHE HOCHSCHULE DARMSTADT EHD,Erasmus Student Network Darmstadt,Germany,network,unknown,https://h-da.de/hochschule/eut/eut-mobilitaet,Erasmus Student Network Darmstadt,0.9,Unknown,no,cited page was not read by the fetcher (cannot check),2026-10-07T17:11:37Z
r018,EVANGELISCHE HOCHSCHULE DARMSTADT EHD,DAAD,Germany,other,unknown,https://h-da.de/hochschule/eut/eut-mobilitaet,DAAD - Forschungsstipendien für Doktorandinnen und Doktoranden,0.9,Unknown,no,cited page was not read by the fetcher (cannot check),2026-10-07T17:11:37Z
r018,EVANGELISCHE HOCHSCHULE DARMSTADT EHD,Global Partners European Alliance,unknown,network,unknown,https://h-da.de/forschung/allianzen/global-partners-european-alliance,Global Partners European Alliance – h_da,0.9,Unknown,no,cited page was not read by the fetcher (cannot check),2026-10-07T17:11:37Z
r018,EVANGELISCHE HOCHSCHULE DARMSTADT EHD,Erasmus Student Network (ESN) Darmstadt,Germany,network,unknown,https://h-da.de/en/about-us/research/alliances/european-university-of-technology/translate-to-english-eut-mobilitaet,"The Erasmus Student Network (ESN) Darmstadt supports the needs of international students, organizes events, and connects exchange students with local students.",0.9,Unknown,no,cited page was not read by the fetcher (cannot check),2026-10-07T17:11:37Z
r019,FUNDACION CEIMAR,Universidad del Magdalena,Colombia,university,unknown,https://campusdelmar.com/,CEIMAR y la Universidad del Magdalena refuerzan la cooperación eurocaribeña en ‘InnovAzul Caribe 2026: El mar que nos une’,0.9,Unknown,no,cited page was not read by the fetcher (cannot check),2026-10-07T17:14:42Z
r019,FUNDACION CEIMAR,Université de Toulon,Francia,university,unknown,https://campusdelmar.com/convenios-internacionales/,Francia | Université de Toulon |,0.9,Unknown,no,cited page was not read by the fetcher (cannot check),2026-10-07T17:14:42Z
r019,FUNDACION CEIMAR,"Radboud University, Nijmegen",Holanda,university,unknown,https://campusdelmar.com/convenios-internacionales/,"Holanda | Radboud University, Nijmegen |",0.9,Unknown,no,cited page was not read by the fetcher (cannot check),2026-10-07T17:14:42Z
r019,FUNDACION CEIMAR,Università degli Studi de Ferrara,Italia,university,unknown,https://campusdelmar.com/convenios-internacionales/,Italia | Università degli Studi de Ferrara |,0.9,Unknown,no,cited page was not read by the fetcher (cannot check),2026-10-07T17:14:42Z
r019,FUNDACION CEIMAR,Latvian Maritime Academy,Letonia,university,unknown,https://campusdelmar.com/convenios-internacionales/,Letonia | Latvian Maritime Academy |,0.9,Unknown,no,cited page was not read by the fetcher (cannot check),2026-10-07T17:14:42Z
r019,FUNDACION CEIMAR,Akademia Górniczo-Hutnicza,Polonia,university,unknown,https://campusdelmar.com/convenios-internacionales/,Polonia | Akademia Górniczo-Hutnicza |,0.9,Unknown,no,cited page was not read by the fetcher (cannot check),2026-10-07T17:14:42Z
r019,FUNDACION CEIMAR,Universidad do Algarve,Portugal,university,unknown,https://campusdelmar.com/convenios-internacionales/,Portugal | Universidad do Algarve |,0.9,Unknown,no,cited page was not read by the fetcher (cannot check),2026-10-07T17:14:42Z
r019,FUNDACION CEIMAR,Universidad Lusófona de Humanidades e Tecnológica,Portugal,university,unknown,https://campusdelmar.com/convenios-internacionales/,Portugal | Universidad Lusófona de Humanidades e Tecnológica |,0.9,Unknown,no,cited page was not read by the fetcher (cannot check),2026-10-07T17:14:42Z
r019,FUNDACION CEIMAR,Universidad do Tras-os-Montes e Alto Douro,Portugal,university,unknown,https://campusdelmar.com/convenios-internacionales/,Portugal | Universidad do Tras-os-Montes e Alto Douro |,0.9,Unknown,no,cited page was not read by the fetcher (cannot check),2026-10-07T17:14:42Z
r019,FUNDACION CEIMAR,Université de Lille,Francia,university,unknown,https://campusdelmar.com/convenios-internacionales/,Francia | Université de Lille |,0.9,Unknown,no,cited page was not read by the fetcher (cannot check),2026-10-07T17:14:42Z
r019,FUNDACION CEIMAR,Université Bretagne Sud,Francia,university,unknown,https://campusdelmar.com/convenios-internacionales/,Francia | Université Bretagne Sud |,0.9,Unknown,no,cited page was not read by the fetcher (cannot check),2026-10-07T17:14:42Z
r019,FUNDACION CEIMAR,"Delta Academy, HZ University of Applied Sciences",Holanda,university,unknown,https://campusdelmar.com/convenios-internacionales/,"Holanda | Delta Academy, HZ University of Applied Sciences |",0.9,Unknown,no,cited page was not read by the fetcher (cannot check),2026-10-07T17:14:42Z
r019,FUNDACION CEIMAR,Università degli Studi di Palermo,Italia,university,unknown,https://campusdelmar.com/convenios-internacionales/,Italia | Università degli Studi di Palermo |,0.9,Unknown,no,cited page was not read by the fetcher (cannot check),2026-10-07T17:14:42Z
r019,FUNDACION CEIMAR,"Universidad Nacional Autónoma de México, UNAM",México,university,unknown,https://campusdelmar.com/convenios-internacionales/,"Universidad Nacional Autónoma de México, UNAM.",0.9,Unknown,no,cited page was not read by the fetcher (cannot check),2026-10-07T17:14:42Z
r019,FUNDACION CEIMAR,Instituto OCeanográfico de la ARmada de Ecuador (INOCAR),Ecuador,other,unknown,https://campusdelmar.com/convenios-internacionales/,Instituto OCeanográfico de la ARmada de Ecuador (INOCAR).,0.9,Unknown,no,cited page was not read by the fetcher (cannot check),2026-10-07T17:14:42Z
r019,FUNDACION CEIMAR,Universidad do Rio Grande do Sul,Brasil,university,unknown,https://campusdelmar.com/convenios-internacionales/,"Universidad do Rio Grande do Sul (Marco, Universidad Federal de Santa Catarina (Marco, de movilidad de estudiantes, de co-tutela de tesis doctorales), Universidad Estadual de Santa Catarina (marco y de movilidad de estudiantes). La Universidad Federal de Santa Catarina es ahora la sede rotatoria de la red IBERMAR y mediante los acuerdos existentes se están realizando tesis doctorales en co-dirección. Por otra parte, y a través del programa Ciencia Sin Fronteras, actualmente existen tres doctoran",0.9,Unknown,no,cited page was not read by the fetcher (cannot check),2026-10-07T17:14:42Z
r019,FUNDACION CEIMAR,Universidad Federal de Santa Catarina,Brasil,university,unknown,https://campusdelmar.com/convenios-internacionales/,"Universidad do Rio Grande do Sul (Marco, Universidad Federal de Santa Catarina (Marco, de movilidad de estudiantes, de co-tutela de tesis doctorales), Universidad Estadual de Santa Catarina (marco y de movilidad de estudiantes). La Universidad Federal de Santa Catarina es ahora la sede rotatoria de la red IBERMAR y mediante los acuerdos existentes se están realizando tesis doctorales en co-dirección. Por otra parte, y a través del programa Ciencia Sin Fronteras, actualmente existen tres doctoran",0.9,Unknown,no,cited page was not read by the fetcher (cannot check),2026-10-07T17:14:42Z
r019,FUNDACION CEIMAR,Universidad Estadual de Santa Catarina,Brasil,university,unknown,https://campusdelmar.com/convenios-internacionales/,"Universidad do Rio Grande do Sul (Marco, Universidad Federal de Santa Catarina (Marco, de movilidad de estudiantes, de co-tutela de tesis doctorales), Universidad Estadual de Santa Catarina (marco y de movilidad de estudiantes). La Universidad Federal de Santa Catarina es ahora la sede rotatoria de la red IBERMAR y mediante los acuerdos existentes se están realizando tesis doctorales en co-dirección. Por otra parte, y a través del programa Ciencia Sin Fronteras, actualmente existen tres doctoran",0.9,Unknown,no,cited page was not read by the fetcher (cannot check),2026-10-07T17:14:42Z
r019,FUNDACION CEIMAR,Universidad de Cartagena,Colombia,university,unknown,https://campusdelmar.com/convenios-internacionales/,"Universidad del Magdalena (convenio marco), Universidad de Cartagena (marco y de Co-tutela de Tesis Doctorales); Universidad de Antioquia (Marco y para el desarrollo de un Máster en Economía y Desarrollo Territorial y su posterior coordinación mediante un acuerdo de doble titulación); Universidad de la Costa (marco, de movilidad de estudiantes y de reciprocidad de tasas); Universidad Simón Bolívar (Convenio para la formación de doctores en cooperación con la Asociación Universitaria Iberoamerica",0.9,Unknown,no,cited page was not read by the fetcher (cannot check),2026-10-07T17:14:42Z
r019,FUNDACION CEIMAR,Universidad de Antioquia,Colombia,university,unknown,https://campusdelmar.com/convenios-internacionales/,"Universidad del Magdalena (convenio marco), Universidad de Cartagena (marco y de Co-tutela de Tesis Doctorales); Universidad de Antioquia (Marco y para el desarrollo de un Máster en Economía y Desarrollo Territorial y su posterior coordinación mediante un acuerdo de doble titulación); Universidad de la Costa (marco, de movilidad de estudiantes y de reciprocidad de tasas); Universidad Simón Bolívar (Convenio para la formación de doctores en cooperación con la Asociación Universitaria Iberoamerica",0.9,Unknown,no,cited page was not read by the fetcher (cannot check),2026-10-07T17:14:42Z
r019,FUNDACION CEIMAR,Universidad de la Costa,Colombia,university,unknown,https://campusdelmar.com/convenios-internacionales/,"Universidad del Magdalena (convenio marco), Universidad de Cartagena (marco y de Co-tutela de Tesis Doctorales); Universidad de Antioquia (Marco y para el desarrollo de un Máster en Economía y Desarrollo Territorial y su posterior coordinación mediante un acuerdo de doble titulación); Universidad de la Costa (marco, de movilidad de estudiantes y de reciprocidad de tasas); Universidad Simón Bolívar (Convenio para la formación de doctores en cooperación con la Asociación Universitaria Iberoamerica",0.9,Unknown,no,cited page was not read by the fetcher (cannot check),2026-10-07T17:14:42Z
r019,FUNDACION CEIMAR,Universidad Simón Bolívar,Colombia,university,unknown,https://campusdelmar.com/convenios-internacionales/,"Universidad del Magdalena (convenio marco), Universidad de Cartagena (marco y de Co-tutela de Tesis Doctorales); Universidad de Antioquia (Marco y para el desarrollo de un Máster en Economía y Desarrollo Territorial y su posterior coordinación mediante un acuerdo de doble titulación); Universidad de la Costa (marco, de movilidad de estudiantes y de reciprocidad de tasas); Universidad Simón Bolívar (Convenio para la formación de doctores en cooperación con la Asociación Universitaria Iberoamerica",0.9,Unknown,no,cited page was not read by the fetcher (cannot check),2026-10-07T17:14:42Z
r019,FUNDACION CEIMAR,Universidad de Valparaíso,Chile,university,study,https://campusdelmar.com/convenios-internacionales/,"Universidad de Valparaíso (movilidad e intercambio de estudiantes), dirigido principalmente al área de acuicultura y oceanografía; Universidad Católica del Norte, específico de investigación y de colaboración con EIDEMAR en el ámbito del doctorado en acuicultura;",0.9,Unknown,no,cited page was not read by the fetcher (cannot check),2026-10-07T17:14:42Z
r019,FUNDACION CEIMAR,Universidad Católica del Norte,Chile,university,unknown,https://campusdelmar.com/convenios-internacionales/,"Universidad de Valparaíso (movilidad e intercambio de estudiantes), dirigido principalmente al área de acuicultura y oceanografía; Universidad Católica del Norte, específico de investigación y de colaboración con EIDEMAR en el ámbito del doctorado en acuicultura;",0.9,Unknown,no,cited page was not read by the fetcher (cannot check),2026-10-07T17:14:42Z
r019,FUNDACION CEIMAR,Universidad Laica Eloy Alfaro de Manabí,Ecuador,university,study,https://campusdelmar.com/convenios-internacionales/,"Instituto Oceanográfico de la Armada de Ecuador –INOCAR– (ya mencionado); Universidad Laica Eloy Alfaro de Manabí (marco, movilidad de estudiantes, reciprocidad de tasas, Convenio para la formación de doctores en cooperación con la AUIP); Escuela Politécnica del Ejército (Marco, Convenio para la formación de doctores en cooperación con la AUIP), etc.",0.9,Unknown,no,cited page was not read by the fetcher (cannot check),2026-10-07T17:14:42Z
r019,FUNDACION CEIMAR,Escuela Politécnica del Ejército,Ecuador,university,unknown,https://campusdelmar.com/convenios-internacionales/,"Instituto Oceanográfico de la Armada de Ecuador –INOCAR– (ya mencionado); Universidad Laica Eloy Alfaro de Manabí (marco, movilidad de estudiantes, reciprocidad de tasas, Convenio para la formación de doctores en cooperación con la AUIP); Escuela Politécnica del Ejército (Marco, Convenio para la formación de doctores en cooperación con la AUIP), etc.",0.9,Unknown,no,cited page was not read by the fetcher (cannot check),2026-10-07T17:14:42Z
r019,FUNDACION CEIMAR,Universidad San Carlos de Guatemala,Guatemala,university,unknown,https://campusdelmar.com/convenios-internacionales/,"Universidad San Carlos de Guatemala (convenio Marco), que es además la mayor Universidad del país (200.000 estudiantes), la única Universidad pública y que, además, participa en la elaboración de las leyes relativas a la regulación de la Educación Superior.",0.9,Unknown,no,cited page was not read by the fetcher (cannot check),2026-10-07T17:14:42Z
r019,FUNDACION CEIMAR,Universidad Autónoma de Baja California,México,university,study,https://campusdelmar.com/convenios-internacionales/,"De la misma forma que se ha singularizado el caso de la UNAM, CEI·MAR ha firmado a través de la UCA convenios de colaboración marco o específicos con distintas Universidades mejicanas: Universidad Autónoma de Baja California (Marco, movilidad de estudiantes, Universidad Autónoma de Campeche (Marco); Universidad de Sinaloa (Convenio Marco, de Movilidad de Estudiantes y de Reciprocidad de Tasas de Máster y Doctorado); Universidad de Colima (marco, movilidad de estudiantes y Co-tutela de Tesis, ini",0.9,Unknown,no,cited page was not read by the fetcher (cannot check),2026-10-07T17:14:42Z
r019,FUNDACION CEIMAR,Universidad Autónoma de Campeche,México,university,unknown,https://campusdelmar.com/convenios-internacionales/,"De la misma forma que se ha singularizado el caso de la UNAM, CEI·MAR ha firmado a través de la UCA convenios de colaboración marco o específicos con distintas Universidades mejicanas: Universidad Autónoma de Baja California (Marco, movilidad de estudiantes, Universidad Autónoma de Campeche (Marco); Universidad de Sinaloa (Convenio Marco, de Movilidad de Estudiantes y de Reciprocidad de Tasas de Máster y Doctorado); Universidad de Colima (marco, movilidad de estudiantes y Co-tutela de Tesis, ini",0.9,Unknown,no,cited page was not read by the fetcher (cannot check),2026-10-07T17:14:42Z
r019,FUNDACION CEIMAR,Universidad de Sinaloa,México,university,study,https://campusdelmar.com/convenios-internacionales/,"De la misma forma que se ha singularizado el caso de la UNAM, CEI·MAR ha firmado a través de la UCA convenios de colaboración marco o específicos con distintas Universidades mejicanas: Universidad Autónoma de Baja California (Marco, movilidad de estudiantes, Universidad Autónoma de Campeche (Marco); Universidad de Sinaloa (Convenio Marco, de Movilidad de Estudiantes y de Reciprocidad de Tasas de Máster y Doctorado); Universidad de Colima (marco, movilidad de estudiantes y Co-tutela de Tesis, ini",0.9,Unknown,no,cited page was not read by the fetcher (cannot check),2026-10-07T17:14:42Z
r019,FUNDACION CEIMAR,Universidad de Colima,México,university,study,https://campusdelmar.com/convenios-internacionales/,"De la misma forma que se ha singularizado el caso de la UNAM, CEI·MAR ha firmado a través de la UCA convenios de colaboración marco o específicos con distintas Universidades mejicanas: Universidad Autónoma de Baja California (Marco, movilidad de estudiantes, Universidad Autónoma de Campeche (Marco); Universidad de Sinaloa (Convenio Marco, de Movilidad de Estudiantes y de Reciprocidad de Tasas de Máster y Doctorado); Universidad de Colima (marco, movilidad de estudiantes y Co-tutela de Tesis, ini",0.9,Unknown,no,cited page was not read by the fetcher (cannot check),2026-10-07T17:14:42Z
r019,FUNDACION CEIMAR,Université 20 Aout- Skikda,Argelia,university,unknown,https://campusdelmar.com/convenios-internacionales/,Université 20 Aout- Skikda |,0.9,Unknown,no,cited page was not read by the fetcher (cannot check),2026-10-07T17:14:42Z
r019,FUNDACION CEIMAR,Universitéd`Oran,Argelia,university,unknown,https://campusdelmar.com/convenios-internacionales/,Universitéd`Oran |,0.9,Unknown,no,cited page was not read by the fetcher (cannot check),2026-10-07T17:14:42Z
r019,FUNDACION CEIMAR,Universidad Abdel Malek Essädi,Marruecos,university,unknown,https://campusdelmar.com/convenios-internacionales/,Universidad Abdel Malek Essädi |,0.9,Unknown,no,cited page was not read by the fetcher (cannot check),2026-10-07T17:14:42Z
r019,FUNDACION CEIMAR,Université International de rabat,Marruecos,university,unknown,https://campusdelmar.com/convenios-internacionales/,Université International de rabat |,0.9,Unknown,no,cited page was not read by the fetcher (cannot check),2026-10-07T17:14:42Z
r019,FUNDACION CEIMAR,Institut des Sciences de l’Archeólogieet du Patrimoine,Marruecos,other,unknown,https://campusdelmar.com/convenios-internacionales/,Institut des Sciences de l’Archeólogieet du Patrimoine |,0.9,Unknown,no,cited page was not read by the fetcher (cannot check),2026-10-07T17:14:42Z
r019,FUNDACION CEIMAR,Universidad de Massachussets en Boston (UMass),Estados Unidos,university,unknown,https://campusdelmar.com/convenios-internacionales/,"Las relaciones con EE.UU. se van desarrollando y asentando con mayor lentitud, dada la tradicional dificultad de alcanzar convenios de colaboración específicos con las universidades del país, en particular en orden a gestionar la movilidad de estudiantes. No obstante, en la actualidad existen convenios firmados con la Universidad de Massachussets en Boston (UMass) y con la Universidad de Southern Mississippi, estando también en negociaciones otro convenio con la Universidad DePaul en Chicago (es",0.9,Unknown,no,cited page was not read by the fetcher (cannot check),2026-10-07T17:14:42Z
r019,FUNDACION CEIMAR,Universidad de Southern Mississippi,Estados Unidos,university,unknown,https://campusdelmar.com/convenios-internacionales/,"Las relaciones con EE.UU. se van desarrollando y asentando con mayor lentitud, dada la tradicional dificultad de alcanzar convenios de colaboración específicos con las universidades del país, en particular en orden a gestionar la movilidad de estudiantes. No obstante, en la actualidad existen convenios firmados con la Universidad de Massachussets en Boston (UMass) y con la Universidad de Southern Mississippi, estando también en negociaciones otro convenio con la Universidad DePaul en Chicago (es",0.9,Unknown,no,cited page was not read by the fetcher (cannot check),2026-10-07T17:14:42Z
r019,FUNDACION CEIMAR,Universidad DePaul,Estados Unidos,university,unknown,https://campusdelmar.com/convenios-internacionales/,"Las relaciones con EE.UU. se van desarrollando y asentando con mayor lentitud, dada la tradicional dificultad de alcanzar convenios de colaboración específicos con las universidades del país, en particular en orden a gestionar la movilidad de estudiantes. No obstante, en la actualidad existen convenios firmados con la Universidad de Massachussets en Boston (UMass) y con la Universidad de Southern Mississippi, estando también en negociaciones otro convenio con la Universidad DePaul en Chicago (es",0.9,Unknown,no,cited page was not read by the fetcher (cannot check),2026-10-07T17:14:42Z
r019,FUNDACION CEIMAR,Universidad de Cabo Verde,Cabo Verde,university,unknown,https://campusdelmar.com/convenios-internacionales/,A petición de docentes que realizan actividades de investigación en el Archipiélago de Cabo Verde en el área de zoología marina (malacología) se ha firmado un convenio marco de colaboración con la Universidad de Cabo Verde que formalice y permita expansión de las actividades de investigación que allí ya se realizan.,0.9,Unknown,no,cited page was not read by the fetcher (cannot check),2026-10-07T17:14:42Z
r019,FUNDACION CEIMAR,Università di Bologna,Italia,university,unknown,https://campusdelmar.com/eidemar-escuela-internacional-de-doctorado-de-estudios-del-mar/,"Con posterioridad se incorporó el Programa de Doctorado Erasmus Mundus en Gestión Marina y Costera, cuyo acrónimo es MACOMA (Marine & Coastal Management), integrado por la Università di Bologna (Alma Mater Studiorum Italia), la Russian State Hydrometeorological University (Rusia), la Universidade de Aveiro y Universidade do Algarve (Portugal) y la Universidad de Cádiz.",0.9,Unknown,no,cited page was not read by the fetcher (cannot check),2026-10-07T17:14:42Z
r019,FUNDACION CEIMAR,Russian State Hydrometeorological University,Rusia,university,unknown,https://campusdelmar.com/eidemar-escuela-internacional-de-doctorado-de-estudios-del-mar/,"Con posterioridad se incorporó el Programa de Doctorado Erasmus Mundus en Gestión Marina y Costera, cuyo acrónimo es MACOMA (Marine & Coastal Management), integrado por la Università di Bologna (Alma Mater Studiorum Italia), la Russian State Hydrometeorological University (Rusia), la Universidade de Aveiro y Universidade do Algarve (Portugal) y la Universidad de Cádiz.",0.9,Unknown,no,cited page was not read by the fetcher (cannot check),2026-10-07T17:14:42Z
r019,FUNDACION CEIMAR,Universidade de Aveiro,Portugal,university,unknown,https://campusdelmar.com/eidemar-escuela-internacional-de-doctorado-de-estudios-del-mar/,"Con posterioridad se incorporó el Programa de Doctorado Erasmus Mundus en Gestión Marina y Costera, cuyo acrónimo es MACOMA (Marine & Coastal Management), integrado por la Università di Bologna (Alma Mater Studiorum Italia), la Russian State Hydrometeorological University (Rusia), la Universidade de Aveiro y Universidade do Algarve (Portugal) y la Universidad de Cádiz.",0.9,Unknown,no,cited page was not read by the fetcher (cannot check),2026-10-07T17:14:42Z
r019,FUNDACION CEIMAR,Universidade do Algarve,Portugal,university,unknown,https://campusdelmar.com/eidemar-escuela-internacional-de-doctorado-de-estudios-del-mar/,"Con posterioridad se incorporó el Programa de Doctorado Erasmus Mundus en Gestión Marina y Costera, cuyo acrónimo es MACOMA (Marine & Coastal Management), integrado por la Università di Bologna (Alma Mater Studiorum Italia), la Russian State Hydrometeorological University (Rusia), la Universidade de Aveiro y Universidade do Algarve (Portugal) y la Universidad de Cádiz.",0.9,Unknown,no,cited page was not read by the fetcher (cannot check),2026-10-07T17:14:42Z
r019,FUNDACION CEIMAR,Universidad de Cádiz,Spain,university,staff,https://campusdelmar.com/convocatoria/ceimar-research-erasmus-mobility-grants-colombia-y-marruecos/,"Almería, la Universidad de Cádiz, la Universidad de Granada, la Universidad de Huelva y la",0.9,Unknown,no,cited page was not read by the fetcher (cannot check),2026-10-07T17:14:42Z
r019,FUNDACION CEIMAR,Universidad de Granada,Spain,university,staff,https://campusdelmar.com/convocatoria/ceimar-research-erasmus-mobility-grants-colombia-y-marruecos/,"Almería, la Universidad de Cádiz, la Universidad de Granada, la Universidad de Huelva y la",0.9,Unknown,no,cited page was not read by the fetcher (cannot check),2026-10-07T17:14:42Z
r019,FUNDACION CEIMAR,Universidad de Huelva,Spain,university,staff,https://campusdelmar.com/convocatoria/ceimar-research-erasmus-mobility-grants-colombia-y-marruecos/,"Almería, la Universidad de Cádiz, la Universidad de Granada, la Universidad de Huelva y la",0.9,Unknown,no,cited page was not read by the fetcher (cannot check),2026-10-07T17:14:42Z
r019,FUNDACION CEIMAR,IBERMAR,,network,unknown,https://campusdelmar.com/convenios-internacionales/,Consolidación de la red IBERMAR,0.9,International,no,cited page was not read by the fetcher (cannot check),2026-10-07T17:14:42Z
r019,FUNDACION CEIMAR,Asociación Universitaria Iberoamericana,,network,unknown,https://campusdelmar.com/convenios-internacionales/,"Universidad del Magdalena (convenio marco), Universidad de Cartagena (marco y de Co-tutela de Tesis Doctorales); Universidad de Antioquia (Marco y para el desarrollo de un Máster en Economía y Desarrollo Territorial y su posterior coordinación mediante un acuerdo de doble titulación); Universidad de la Costa (marco, de movilidad de estudiantes y de reciprocidad de tasas); Universidad Simón Bolívar (Convenio para la formación de doctores en cooperación con la Asociación Universitaria Iberoamerica",0.9,International,no,cited page was not read by the fetcher (cannot check),2026-10-07T17:14:42Z
r019,FUNDACION CEIMAR,Instituto Oceanográfico de la Armada de Ecuador –INOCAR–,Ecuador,other,unknown,https://campusdelmar.com/convenios-internacionales/,"Instituto Oceanográfico de la Armada de Ecuador –INOCAR– (ya mencionado); Universidad Laica Eloy Alfaro de Manabí (marco, movilidad de estudiantes, reciprocidad de tasas, Convenio para la formación de doctores en cooperación con la AUIP); Escuela Politécnica del Ejército (Marco, Convenio para la formación de doctores en cooperación con la AUIP), etc.",0.9,Unknown,no,cited page was not read by the fetcher (cannot check),2026-10-07T17:14:42Z
r019,FUNDACION CEIMAR,Universidad AbdelMalek Essâdi,Morocco,university,unknown,https://campusdelmar.com/convenios-internacionales/,"La presencia de la Universidad AbdelMalek Essâdi como socio fundador de CEI·MAR, el carácter transfronterizo del Campus y la vecindad a través del Estrecho de Gibraltar y del Norte de África, ha hecho que CEI·MAR, además de su apuesta estratégica por consolidad sus relaciones en Europa y con Iberoamérica, haya comenzado a establecer nuevos puentes con esta zona de África, seleccionando para tal fin preferentemente a Marruecos, país aliado económicamente de la UE y con fuertes vínculos con las Un",0.9,Unknown,no,cited page was not read by the fetcher (cannot check),2026-10-07T17:14:42Z
r019,FUNDACION CEIMAR,Cádiz,Spain,university,unknown,https://campusdelmar.com/erasmus/,"El Campus de Excelencia Internacional del Mar (CEI·Mar), a través de la oficina técnica de coordinación de la Fundación CEI·Mar, gestiona un presupuesto propio para Movilidad Internacional Erasmus+. Somos un consorcio de movilidad internacional acreditado por SEPIE, formado por las cinco universidades públicas andaluzas con mar; Cádiz, Almería, Granada, Málaga y Huelva.",0.9,Unknown,no,cited page was not read by the fetcher (cannot check),2026-10-07T17:14:42Z
r019,FUNDACION CEIMAR,Almería,Spain,university,unknown,https://campusdelmar.com/erasmus/,"El Campus de Excelencia Internacional del Mar (CEI·Mar), a través de la oficina técnica de coordinación de la Fundación CEI·Mar, gestiona un presupuesto propio para Movilidad Internacional Erasmus+. Somos un consorcio de movilidad internacional acreditado por SEPIE, formado por las cinco universidades públicas andaluzas con mar; Cádiz, Almería, Granada, Málaga y Huelva.",0.9,Unknown,no,cited page was not read by the fetcher (cannot check),2026-10-07T17:14:42Z
r019,FUNDACION CEIMAR,Granada,Spain,university,unknown,https://campusdelmar.com/erasmus/,"El Campus de Excelencia Internacional del Mar (CEI·Mar), a través de la oficina técnica de coordinación de la Fundación CEI·Mar, gestiona un presupuesto propio para Movilidad Internacional Erasmus+. Somos un consorcio de movilidad internacional acreditado por SEPIE, formado por las cinco universidades públicas andaluzas con mar; Cádiz, Almería, Granada, Málaga y Huelva.",0.9,Unknown,no,cited page was not read by the fetcher (cannot check),2026-10-07T17:14:42Z
r019,FUNDACION CEIMAR,Málaga,Spain,university,unknown,https://campusdelmar.com/erasmus/,"El Campus de Excelencia Internacional del Mar (CEI·Mar), a través de la oficina técnica de coordinación de la Fundación CEI·Mar, gestiona un presupuesto propio para Movilidad Internacional Erasmus+. Somos un consorcio de movilidad internacional acreditado por SEPIE, formado por las cinco universidades públicas andaluzas con mar; Cádiz, Almería, Granada, Málaga y Huelva.",0.9,Unknown,no,cited page was not read by the fetcher (cannot check),2026-10-07T17:14:42Z
r019,FUNDACION CEIMAR,Huelva,Spain,university,unknown,https://campusdelmar.com/erasmus/,"El Campus de Excelencia Internacional del Mar (CEI·Mar), a través de la oficina técnica de coordinación de la Fundación CEI·Mar, gestiona un presupuesto propio para Movilidad Internacional Erasmus+. Somos un consorcio de movilidad internacional acreditado por SEPIE, formado por las cinco universidades públicas andaluzas con mar; Cádiz, Almería, Granada, Málaga y Huelva.",0.9,Unknown,no,cited page was not read by the fetcher (cannot check),2026-10-07T17:14:42Z
r019,FUNDACION CEIMAR,Universidad de Almería,Spain,university,unknown,https://campusdelmar.com/erasmus/,"Las universidades públicas que componen el consorcio de movilidad Erasmus+ del CEI·Mar (Universidad de Almería, Universidad de Cádiz, Universidad de Granda, Universidad de Huelva y Universidad de Málaga) organizan Staff Weeks para personal entrante con sesiones de formación, intercambio de buenas prácticas y networking. Actualizaremos la información de las próximas ediciones tan pronto como esté disponible. Hasta entonces, las personas interesadas pueden consultar en las webs de dichas universid",0.9,Unknown,no,cited page was not read by the fetcher (cannot check),2026-10-07T17:14:42Z
r019,FUNDACION CEIMAR,Universidad de Granda,Spain,university,unknown,https://campusdelmar.com/erasmus/,"Las universidades públicas que componen el consorcio de movilidad Erasmus+ del CEI·Mar (Universidad de Almería, Universidad de Cádiz, Universidad de Granda, Universidad de Huelva y Universidad de Málaga) organizan Staff Weeks para personal entrante con sesiones de formación, intercambio de buenas prácticas y networking. Actualizaremos la información de las próximas ediciones tan pronto como esté disponible. Hasta entonces, las personas interesadas pueden consultar en las webs de dichas universid",0.9,Unknown,no,cited page was not read by the fetcher (cannot check),2026-10-07T17:14:42Z
r019,FUNDACION CEIMAR,Universidad de Málaga,Spain,university,unknown,https://campusdelmar.com/erasmus/,"Las universidades públicas que componen el consorcio de movilidad Erasmus+ del CEI·Mar (Universidad de Almería, Universidad de Cádiz, Universidad de Granda, Universidad de Huelva y Universidad de Málaga) organizan Staff Weeks para personal entrante con sesiones de formación, intercambio de buenas prácticas y networking. Actualizaremos la información de las próximas ediciones tan pronto como esté disponible. Hasta entonces, las personas interesadas pueden consultar en las webs de dichas universid",0.9,Unknown,no,cited page was not read by the fetcher (cannot check),2026-10-07T17:14:42Z
r019,FUNDACION CEIMAR,UAL,Spain,university,unknown,https://campusdelmar.com/wp-content/uploads/2026/04/260430_Bases_Movilidad-Internacional-de-Personal_Erasmus_def.pdf,"de movilidad CEI·MAR (UAL, UCA, UGR, UHU o UMA) , para la realización de dos modalidades de",0.9,Unknown,no,cited page was not read by the fetcher (cannot check),2026-10-07T17:14:42Z
r019,FUNDACION CEIMAR,UCA,Spain,university,unknown,https://campusdelmar.com/wp-content/uploads/2026/04/260430_Bases_Movilidad-Internacional-de-Personal_Erasmus_def.pdf,"de movilidad CEI·MAR (UAL, UCA, UGR, UHU o UMA) , para la realización de dos modalidades de",0.9,Unknown,no,cited page was not read by the fetcher (cannot check),2026-10-07T17:14:42Z
r019,FUNDACION CEIMAR,UGR,Spain,university,unknown,https://campusdelmar.com/wp-content/uploads/2026/04/260430_Bases_Movilidad-Internacional-de-Personal_Erasmus_def.pdf,"de movilidad CEI·MAR (UAL, UCA, UGR, UHU o UMA) , para la realización de dos modalidades de",0.9,Unknown,no,cited page was not read by the fetcher (cannot check),2026-10-07T17:14:42Z
r019,FUNDACION CEIMAR,UHU,Spain,university,unknown,https://campusdelmar.com/wp-content/uploads/2026/04/260430_Bases_Movilidad-Internacional-de-Personal_Erasmus_def.pdf,"de movilidad CEI·MAR (UAL, UCA, UGR, UHU o UMA) , para la realización de dos modalidades de",0.9,Unknown,no,cited page was not read by the fetcher (cannot check),2026-10-07T17:14:42Z
r019,FUNDACION CEIMAR,UMA,Spain,university,unknown,https://campusdelmar.com/wp-content/uploads/2026/04/260430_Bases_Movilidad-Internacional-de-Personal_Erasmus_def.pdf,"de movilidad CEI·MAR (UAL, UCA, UGR, UHU o UMA) , para la realización de dos modalidades de",0.9,Unknown,no,cited page was not read by the fetcher (cannot check),2026-10-07T17:14:42Z
r019,FUNDACION CEIMAR,Servicio Español para la Internacionalización de la Educación (SEPIE),Spain,other,unknown,https://campusdelmar.com/wp-content/uploads/2026/04/260430_Bases_Movilidad-Internacional-de-Personal_Erasmus_def.pdf,"Servicio Español para la Internacionalización de la Educación (SEPIE), distribuidas de la siguiente",0.9,Unknown,no,cited page was not read by the fetcher (cannot check),2026-10-07T17:14:42Z
r019,FUNDACION CEIMAR,Comisión Europea,European Union,other,unknown,https://campusdelmar.com/wp-content/uploads/2026/04/260430_Bases_Movilidad-Internacional-de-Personal_Erasmus_def.pdf,realizará por medio de la calculadora de distancias de la Comisión Europea y disponible,0.9,Unknown,no,cited page was not read by the fetcher (cannot check),2026-10-07T17:14:42Z
r019,FUNDACION CEIMAR,EUROCEAN,,network,unknown,https://campusdelmar.com/otras-redes-internacionales/,EUROCEAN,0.9,International,no,cited page was not read by the fetcher (cannot check),2026-10-07T17:14:42Z
r019,FUNDACION CEIMAR,MARBEF,,network,unknown,https://campusdelmar.com/otras-redes-internacionales/,MARBEF,0.9,International,no,cited page was not read by the fetcher (cannot check),2026-10-07T17:14:42Z
r019,FUNDACION CEIMAR,Cátedra Internacional UNESCO,,other,unknown,https://campusdelmar.com/otras-redes-internacionales/,Cátedra Internacional UNESCO,0.9,Unknown,no,cited page was not read by the fetcher (cannot check),2026-10-07T17:14:42Z
r019,FUNDACION CEIMAR,GLOBEC,,network,unknown,https://campusdelmar.com/otras-redes-internacionales/,GLOBEC,0.9,International,no,cited page was not read by the fetcher (cannot check),2026-10-07T17:14:42Z
r019,FUNDACION CEIMAR,MGE,,network,unknown,https://campusdelmar.com/otras-redes-internacionales/,MGE,0.9,International,no,cited page was not read by the fetcher (cannot check),2026-10-07T17:14:42Z
r019,FUNDACION CEIMAR,IUGG,,network,unknown,https://campusdelmar.com/otras-redes-internacionales/,IUGG,0.9,International,no,cited page was not read by the fetcher (cannot check),2026-10-07T17:14:42Z
r019,FUNDACION CEIMAR,Redes ILRS,,network,unknown,https://campusdelmar.com/otras-redes-internacionales/,Redes ILRS,0.9,International,no,cited page was not read by the fetcher (cannot check),2026-10-07T17:14:42Z
r019,FUNDACION CEIMAR,WEGENER,,network,unknown,https://campusdelmar.com/otras-redes-internacionales/,WEGENER,0.9,International,no,cited page was not read by the fetcher (cannot check),2026-10-07T17:14:42Z
r019,FUNDACION CEIMAR,INTERMAGNET,,network,unknown,https://campusdelmar.com/otras-redes-internacionales/,INTERMAGNET,0.9,International,no,cited page was not read by the fetcher (cannot check),2026-10-07T17:14:42Z
r019,FUNDACION CEIMAR,GEOFON,,network,unknown,https://campusdelmar.com/otras-redes-internacionales/,Geofon,0.9,International,no,cited page was not read by the fetcher (cannot check),2026-10-07T17:14:42Z
r019,FUNDACION CEIMAR,ORFEUS,,network,unknown,https://campusdelmar.com/otras-redes-internacionales/,Orfeus,0.9,International,no,cited page was not read by the fetcher (cannot check),2026-10-07T17:14:42Z
r019,FUNDACION CEIMAR,IRIS,,network,unknown,https://campusdelmar.com/otras-redes-internacionales/,Iris,0.9,International,no,cited page was not read by the fetcher (cannot check),2026-10-07T17:14:42Z
r019,FUNDACION CEIMAR,LOICZ,,network,unknown,https://campusdelmar.com/otras-redes-internacionales/,LOICZ,0.9,International,no,cited page was not read by the fetcher (cannot check),2026-10-07T17:14:42Z
r019,FUNDACION CEIMAR,EURAMET,,network,unknown,https://campusdelmar.com/otras-redes-internacionales/,EURAMET,0.9,International,no,cited page was not read by the fetcher (cannot check),2026-10-07T17:14:42Z
r019,FUNDACION CEIMAR,CYTED BIORECA,,network,unknown,https://campusdelmar.com/otras-redes-internacionales/,CYTED BIORECA,0.9,International,no,cited page was not read by the fetcher (cannot check),2026-10-07T17:14:42Z
r019,FUNDACION CEIMAR,EuroMarine,,network,unknown,https://campusdelmar.com/euromarine-network/,"El Campus de Excelencia Internacional Global del Mar (CEIMar) amplió sus horizontes al acceder a la organización EuroMarine, como miembro de pleno derecho. Dicha integración se produjo durante la celebración de la V Asamblea General EuroMarine, celebrada los días 30 y 31 de enero de 2019, acogida por el propio CEIMar y la Universidad de Cádiz, promotora de este Campus, y en la que participaron unas 60 universidades y entidades de investigación marinas de 23 países diferentes.",0.9,International,no,cited page was not read by the fetcher (cannot check),2026-10-07T17:14:42Z
r019,FUNDACION CEIMAR,Universidad del Algarve,,university,unknown,https://campusdelmar.com/euromarine-network/,"La Universidad de Cádiz y la del Algarve, así como el Centro Superior de Investigaciones Científicas (CSIC) ya pertenecían a EuroMarine, pero al acceder el Campus de Excelencia Internacional Global del Mar se ofrece la posibilidad a otras universidades miembros del patronato de este CEI como las universidades de Almería, Granada, Huelva y Málaga de beneficiarse de las ventajas de participar en una agrupación internacional con fuertes vínculos europeos.",0.9,Unknown,no,cited page was not read by the fetcher (cannot check),2026-10-07T17:14:42Z
r019,FUNDACION CEIMAR,Centro Superior de Investigaciones Científicas (CSIC),,other,unknown,https://campusdelmar.com/euromarine-network/,"La Universidad de Cádiz y la del Algarve, así como el Centro Superior de Investigaciones Científicas (CSIC) ya pertenecían a EuroMarine, pero al acceder el Campus de Excelencia Internacional Global del Mar se ofrece la posibilidad a otras universidades miembros del patronato de este CEI como las universidades de Almería, Granada, Huelva y Málaga de beneficiarse de las ventajas de participar en una agrupación internacional con fuertes vínculos europeos.",0.9,Unknown,no,cited page was not read by the fetcher (cannot check),2026-10-07T17:14:42Z
r019,FUNDACION CEIMAR,universidades de Almería,,university,unknown,https://campusdelmar.com/euromarine-network/,"La Universidad de Cádiz y la del Algarve, así como el Centro Superior de Investigaciones Científicas (CSIC) ya pertenecían a EuroMarine, pero al acceder el Campus de Excelencia Internacional Global del Mar se ofrece la posibilidad a otras universidades miembros del patronato de este CEI como las universidades de Almería, Granada, Huelva y Málaga de beneficiarse de las ventajas de participar en una agrupación internacional con fuertes vínculos europeos.",0.9,Unknown,no,cited page was not read by the fetcher (cannot check),2026-10-07T17:14:42Z
r019,FUNDACION CEIMAR,universidades de Cádiz,,university,unknown,https://campusdelmar.com/eidemar-escuela-internacional-de-doctorado-de-estudios-del-mar/,"La Escuela Doctoral Internacional en Estudios del Mar, EIDEMAR, es la actuación estratégica más importante del Campus de Excelencia Internacional del Mar. El 12 de diciembre de 2012 se firmó el Acuerdo Marco de creación de la Escuela Doctoral por las universidades de Cádiz, Huelva, Almería y Algarve, y por el Instituto Español de Oceanografía y el Instituto de Investigación y Formación Agraria y Pesquera de la Consejería de la Consejería de Agricultura, Pesca y Medio Ambiente de la Junta de Anda",0.9,Unknown,no,cited page was not read by the fetcher (cannot check),2026-10-07T17:14:42Z
r019,FUNDACION CEIMAR,Algarve,,university,unknown,https://campusdelmar.com/eidemar-escuela-internacional-de-doctorado-de-estudios-del-mar/,"La Escuela Doctoral Internacional en Estudios del Mar, EIDEMAR, es la actuación estratégica más importante del Campus de Excelencia Internacional del Mar. El 12 de diciembre de 2012 se firmó el Acuerdo Marco de creación de la Escuela Doctoral por las universidades de Cádiz, Huelva, Almería y Algarve, y por el Instituto Español de Oceanografía y el Instituto de Investigación y Formación Agraria y Pesquera de la Consejería de la Consejería de Agricultura, Pesca y Medio Ambiente de la Junta de Anda",0.9,Unknown,no,cited page was not read by the fetcher (cannot check),2026-10-07T17:14:42Z
r019,FUNDACION CEIMAR,Instituto Español de Oceanografía,,other,unknown,https://campusdelmar.com/eidemar-escuela-internacional-de-doctorado-de-estudios-del-mar/,"La Escuela Doctoral Internacional en Estudios del Mar, EIDEMAR, es la actuación estratégica más importante del Campus de Excelencia Internacional del Mar. El 12 de diciembre de 2012 se firmó el Acuerdo Marco de creación de la Escuela Doctoral por las universidades de Cádiz, Huelva, Almería y Algarve, y por el Instituto Español de Oceanografía y el Instituto de Investigación y Formación Agraria y Pesquera de la Consejería de la Consejería de Agricultura, Pesca y Medio Ambiente de la Junta de Anda",0.9,Unknown,no,cited page was not read by the fetcher (cannot check),2026-10-07T17:14:42Z
r019,FUNDACION CEIMAR,"Instituto de Investigación y Formación Agraria y Pesquera de la Consejería de la Consejería de Agricultura, Pesca y Medio Ambiente de la Junta de Andalucía",,other,unknown,https://campusdelmar.com/eidemar-escuela-internacional-de-doctorado-de-estudios-del-mar/,"La Escuela Doctoral Internacional en Estudios del Mar, EIDEMAR, es la actuación estratégica más importante del Campus de Excelencia Internacional del Mar. El 12 de diciembre de 2012 se firmó el Acuerdo Marco de creación de la Escuela Doctoral por las universidades de Cádiz, Huelva, Almería y Algarve, y por el Instituto Español de Oceanografía y el Instituto de Investigación y Formación Agraria y Pesquera de la Consejería de la Consejería de Agricultura, Pesca y Medio Ambiente de la Junta de Anda",0.9,Unknown,no,cited page was not read by the fetcher (cannot check),2026-10-07T17:14:42Z
r019,FUNDACION CEIMAR,Università di Bologna (Alma Mater Studiorum Italia),Italia,university,unknown,https://campusdelmar.com/eidemar-escuela-internacional-de-doctorado-de-estudios-del-mar/,"Con posterioridad se incorporó el Programa de Doctorado Erasmus Mundus en Gestión Marina y Costera, cuyo acrónimo es MACOMA (Marine & Coastal Management), integrado por la Università di Bologna (Alma Mater Studiorum Italia), la Russian State Hydrometeorological University (Rusia), la Universidade de Aveiro y Universidade do Algarve (Portugal) y la Universidad de Cádiz.",0.9,Unknown,no,cited page was not read by the fetcher (cannot check),2026-10-07T17:14:42Z
r022,Lubelska Akademia WSEI,Batman Universitesi,Turkey,university,unknown,https://www.wsei.pl/international-cooperation/partners/#academic-cooperation,Batman Universitesi,0.9,Unknown,no,cited page was not read by the fetcher (cannot check),2026-10-07T17:21:29Z
r022,Lubelska Akademia WSEI,COFAC,Portugal,university,unknown,https://www.wsei.pl/international-cooperation/partners/#academic-cooperation,COFAC,0.9,Unknown,no,cited page was not read by the fetcher (cannot check),2026-10-07T17:21:29Z
r022,Lubelska Akademia WSEI,CULS Prague,Czech Republic,university,unknown,https://www.wsei.pl/international-cooperation/partners/#academic-cooperation,CULS Prague,0.9,Unknown,no,cited page was not read by the fetcher (cannot check),2026-10-07T17:21:29Z
r022,Lubelska Akademia WSEI,ETEA,Spain,university,unknown,https://www.wsei.pl/international-cooperation/partners/#academic-cooperation,ETEA,0.9,Unknown,no,cited page was not read by the fetcher (cannot check),2026-10-07T17:21:29Z
r022,Lubelska Akademia WSEI,Fachhochschule des Mittelstandes,Germany,university,unknown,https://www.wsei.pl/international-cooperation/partners/#academic-cooperation,Fachhochschule des Mittelstandes,0.9,Unknown,no,cited page was not read by the fetcher (cannot check),2026-10-07T17:21:29Z
r022,Lubelska Akademia WSEI,HEL,Belgium,university,unknown,https://www.wsei.pl/international-cooperation/partners/#academic-cooperation,HEL,0.9,Unknown,no,cited page was not read by the fetcher (cannot check),2026-10-07T17:21:29Z
r022,Lubelska Akademia WSEI,IPB,Portugal,university,unknown,https://www.wsei.pl/international-cooperation/partners/#academic-cooperation,IPB,0.9,Unknown,no,cited page was not read by the fetcher (cannot check),2026-10-07T17:21:29Z
r022,Lubelska Akademia WSEI,Kirklareli University,Turkey,university,unknown,https://www.wsei.pl/international-cooperation/partners/#academic-cooperation,Kirklareli University,0.9,Unknown,no,cited page was not read by the fetcher (cannot check),2026-10-07T17:21:29Z
r022,Lubelska Akademia WSEI,Loyola University,Spain,university,unknown,https://www.wsei.pl/international-cooperation/partners/#academic-cooperation,Loyola University,0.9,Unknown,no,cited page was not read by the fetcher (cannot check),2026-10-07T17:21:29Z
r022,Lubelska Akademia WSEI,Maieutica Cooperativa de Ensino Superior CRL,Portugal,university,unknown,https://www.wsei.pl/international-cooperation/partners/#academic-cooperation,Maieutica Cooperativa de Ensino Superior CRL,0.9,Unknown,no,cited page was not read by the fetcher (cannot check),2026-10-07T17:21:29Z
r022,Lubelska Akademia WSEI,Paderborn University,Germany,university,unknown,https://www.wsei.pl/international-cooperation/partners/#academic-cooperation,Paderborn University,0.9,Unknown,no,cited page was not read by the fetcher (cannot check),2026-10-07T17:21:29Z
r022,Lubelska Akademia WSEI,Panepistimio Thessalias,Greece,university,unknown,https://www.wsei.pl/international-cooperation/partners/#academic-cooperation,Panepistimio Thessalias,0.9,Unknown,no,cited page was not read by the fetcher (cannot check),2026-10-07T17:21:29Z
r022,Lubelska Akademia WSEI,PEGASO,Italy,university,unknown,https://www.wsei.pl/international-cooperation/partners/#academic-cooperation,PEGASO,0.9,Unknown,no,cited page was not read by the fetcher (cannot check),2026-10-07T17:21:29Z
r022,Lubelska Akademia WSEI,Sia Biznesa Augstskola Turiba,Latvia,university,unknown,https://www.wsei.pl/international-cooperation/partners/#academic-cooperation,Sia Biznesa Augstskola Turiba,0.9,Unknown,no,cited page was not read by the fetcher (cannot check),2026-10-07T17:21:29Z
r022,Lubelska Akademia WSEI,SMK Aukštoji Mokykla,Lithuania,university,unknown,https://www.wsei.pl/international-cooperation/partners/#academic-cooperation,SMK Aukštoji Mokykla,0.9,Unknown,no,cited page was not read by the fetcher (cannot check),2026-10-07T17:21:29Z
r022,Lubelska Akademia WSEI,TSI,Latvia,university,unknown,https://www.wsei.pl/international-cooperation/partners/#academic-cooperation,TSI,0.9,Unknown,no,cited page was not read by the fetcher (cannot check),2026-10-07T17:21:29Z
r022,Lubelska Akademia WSEI,UFUK University,Turkey,university,unknown,https://www.wsei.pl/international-cooperation/partners/#academic-cooperation,UFUK University,0.9,Unknown,no,cited page was not read by the fetcher (cannot check),2026-10-07T17:21:29Z
r022,Lubelska Akademia WSEI,Universidad de Alicante,Spain,university,unknown,https://www.wsei.pl/international-cooperation/partners/#academic-cooperation,Universidad de Alicante,0.9,Unknown,no,cited page was not read by the fetcher (cannot check),2026-10-07T17:21:29Z
r022,Lubelska Akademia WSEI,Universidad de la Laguna,Spain,university,unknown,https://www.wsei.pl/international-cooperation/partners/#academic-cooperation,Universidad de la Laguna,0.9,Unknown,no,cited page was not read by the fetcher (cannot check),2026-10-07T17:21:29Z
r022,Lubelska Akademia WSEI,University of Žilina,Slovakia,university,unknown,https://www.wsei.pl/international-cooperation/partners/#academic-cooperation,University of Žilina,0.9,Unknown,no,cited page was not read by the fetcher (cannot check),2026-10-07T17:21:29Z
r022,Lubelska Akademia WSEI,Univerza v Mariboru,Slovenia,university,unknown,https://www.wsei.pl/international-cooperation/partners/#academic-cooperation,Univerza v Mariboru,0.9,Unknown,no,cited page was not read by the fetcher (cannot check),2026-10-07T17:21:29Z
r022,Lubelska Akademia WSEI,Veleučilište Aspira,Croatia,university,unknown,https://www.wsei.pl/international-cooperation/partners/#academic-cooperation,Veleučilište Aspira,0.9,Unknown,no,cited page was not read by the fetcher (cannot check),2026-10-07T17:21:29Z
r022,Lubelska Akademia WSEI,WU Wien,Austria,university,unknown,https://www.wsei.pl/international-cooperation/partners/#academic-cooperation,WU Wien,0.9,Unknown,no,cited page was not read by the fetcher (cannot check),2026-10-07T17:21:29Z
r022,Lubelska Akademia WSEI,AIE,Ireland,company,traineeship,https://www.wsei.pl/international-cooperation/partners/#academic-cooperation,AIE,0.9,Unknown,no,cited page was not read by the fetcher (cannot check),2026-10-07T17:21:29Z
r022,Lubelska Akademia WSEI,Ashina Records,unknown,company,traineeship,https://www.wsei.pl/international-cooperation/partners/#academic-cooperation,Ashina Records,0.9,Unknown,no,cited page was not read by the fetcher (cannot check),2026-10-07T17:21:29Z
r022,Lubelska Akademia WSEI,Axel Lugo,unknown,company,traineeship,https://www.wsei.pl/international-cooperation/partners/#academic-cooperation,Axel Lugo,0.9,Unknown,no,cited page was not read by the fetcher (cannot check),2026-10-07T17:21:29Z
r022,Lubelska Akademia WSEI,BBCA,unknown,company,traineeship,https://www.wsei.pl/international-cooperation/partners/#academic-cooperation,BBCA,0.9,Unknown,no,cited page was not read by the fetcher (cannot check),2026-10-07T17:21:29Z
r022,Lubelska Akademia WSEI,Capture Models,unknown,company,traineeship,https://www.wsei.pl/international-cooperation/partners/#academic-cooperation,Capture Models,0.9,Unknown,no,cited page was not read by the fetcher (cannot check),2026-10-07T17:21:29Z
r022,Lubelska Akademia WSEI,EELI,unknown,company,traineeship,https://www.wsei.pl/international-cooperation/partners/#academic-cooperation,EELI,0.9,Unknown,no,cited page was not read by the fetcher (cannot check),2026-10-07T17:21:29Z
r022,Lubelska Akademia WSEI,ESA,unknown,company,traineeship,https://www.wsei.pl/international-cooperation/partners/#academic-cooperation,ESA,0.9,Unknown,no,cited page was not read by the fetcher (cannot check),2026-10-07T17:21:29Z
r022,Lubelska Akademia WSEI,EureCons,unknown,company,traineeship,https://www.wsei.pl/international-cooperation/partners/#academic-cooperation,EureCons,0.9,Unknown,no,cited page was not read by the fetcher (cannot check),2026-10-07T17:21:29Z
r022,Lubelska Akademia WSEI,FOLA nature,Finland,company,traineeship,https://www.wsei.pl/international-cooperation/partners/#academic-cooperation,FOLA nature,0.9,Unknown,no,cited page was not read by the fetcher (cannot check),2026-10-07T17:21:29Z
r022,Lubelska Akademia WSEI,Franziskus Spital,unknown,other,traineeship,https://www.wsei.pl/international-cooperation/partners/#academic-cooperation,Franziskus Spital,0.9,Unknown,no,cited page was not read by the fetcher (cannot check),2026-10-07T17:21:29Z
r022,Lubelska Akademia WSEI,Galileo Progetti,Hungary,company,traineeship,https://www.wsei.pl/international-cooperation/partners/#academic-cooperation,Galileo Progetti,0.9,Unknown,no,cited page was not read by the fetcher (cannot check),2026-10-07T17:21:29Z
r022,Lubelska Akademia WSEI,I am the best,unknown,company,traineeship,https://www.wsei.pl/international-cooperation/partners/#academic-cooperation,I am the best,0.9,Unknown,no,cited page was not read by the fetcher (cannot check),2026-10-07T17:21:29Z
r022,Lubelska Akademia WSEI,Institute Perspectives,Bulgaria,other,traineeship,https://www.wsei.pl/international-cooperation/partners/#academic-cooperation,Institute Perspectives,0.9,Unknown,no,cited page was not read by the fetcher (cannot check),2026-10-07T17:21:29Z
r022,Lubelska Akademia WSEI,ShipCon,Cyprus,company,traineeship,https://www.wsei.pl/international-cooperation/partners/#academic-cooperation,ShipCon,0.9,Unknown,no,cited page was not read by the fetcher (cannot check),2026-10-07T17:21:29Z
r022,Lubelska Akademia WSEI,Silifke Diyaliz,unknown,other,traineeship,https://www.wsei.pl/international-cooperation/partners/#academic-cooperation,Silifke Diyaliz,0.9,Unknown,no,cited page was not read by the fetcher (cannot check),2026-10-07T17:21:29Z
r022,Lubelska Akademia WSEI,SPEL,unknown,company,traineeship,https://www.wsei.pl/international-cooperation/partners/#academic-cooperation,SPEL,0.9,Unknown,no,cited page was not read by the fetcher (cannot check),2026-10-07T17:21:29Z
r022,Lubelska Akademia WSEI,TTT,unknown,company,traineeship,https://www.wsei.pl/international-cooperation/partners/#academic-cooperation,TTT,0.9,Unknown,no,cited page was not read by the fetcher (cannot check),2026-10-07T17:21:29Z
r022,Lubelska Akademia WSEI,Universal mobility,unknown,company,traineeship,https://www.wsei.pl/international-cooperation/partners/#academic-cooperation,Universal mobility,0.9,Unknown,no,cited page was not read by the fetcher (cannot check),2026-10-07T17:21:29Z
r022,Lubelska Akademia WSEI,UX Solutions,unknown,company,traineeship,https://www.wsei.pl/international-cooperation/partners/#academic-cooperation,UX Solutions,0.9,Unknown,no,cited page was not read by the fetcher (cannot check),2026-10-07T17:21:29Z
r022,Lubelska Akademia WSEI,Amadeus Association,unknown,network,unknown,https://www.wsei.pl/international-cooperation/partners/#academic-cooperation,Amadeus Association,0.9,Unknown,no,cited page was not read by the fetcher (cannot check),2026-10-07T17:21:29Z
r022,Lubelska Akademia WSEI,APDI,unknown,network,unknown,https://www.wsei.pl/international-cooperation/partners/#academic-cooperation,APDI,0.9,Unknown,no,cited page was not read by the fetcher (cannot check),2026-10-07T17:21:29Z
r022,Lubelska Akademia WSEI,APSU,unknown,network,unknown,https://www.wsei.pl/international-cooperation/partners/#academic-cooperation,APSU,0.9,Unknown,no,cited page was not read by the fetcher (cannot check),2026-10-07T17:21:29Z
r022,Lubelska Akademia WSEI,Arte Psy Association,Romania,network,unknown,https://www.wsei.pl/international-cooperation/partners/#academic-cooperation,Arte Psy Association,0.9,Unknown,no,cited page was not read by the fetcher (cannot check),2026-10-07T17:21:29Z
r022,Lubelska Akademia WSEI,Aspire-Igen LTD,United Kingdom,company,unknown,https://www.wsei.pl/international-cooperation/partners/#academic-cooperation,Aspire-Igen LTD,0.9,Unknown,no,cited page was not read by the fetcher (cannot check),2026-10-07T17:21:29Z
r022,Lubelska Akademia WSEI,Aviteum,unknown,company,unknown,https://www.wsei.pl/international-cooperation/partners/#academic-cooperation,Aviteum,0.9,Unknown,no,cited page was not read by the fetcher (cannot check),2026-10-07T17:21:29Z
r022,Lubelska Akademia WSEI,Cardet,unknown,company,unknown,https://www.wsei.pl/international-cooperation/partners/#academic-cooperation,Cardet,0.9,Unknown,no,cited page was not read by the fetcher (cannot check),2026-10-07T17:21:29Z
r022,Lubelska Akademia WSEI,ECTE,unknown,company,unknown,https://www.wsei.pl/international-cooperation/partners/#academic-cooperation,ECTE,0.9,Unknown,no,cited page was not read by the fetcher (cannot check),2026-10-07T17:21:29Z
r022,Lubelska Akademia WSEI,Eduforma,unknown,company,unknown,https://www.wsei.pl/international-cooperation/partners/#academic-cooperation,Eduforma,0.9,Unknown,no,cited page was not read by the fetcher (cannot check),2026-10-07T17:21:29Z
r022,Lubelska Akademia WSEI,Expert Psy,unknown,company,unknown,https://www.wsei.pl/international-cooperation/partners/#academic-cooperation,Expert Psy,0.9,Unknown,no,cited page was not read by the fetcher (cannot check),2026-10-07T17:21:29Z
r022,Lubelska Akademia WSEI,FFE,unknown,company,unknown,https://www.wsei.pl/international-cooperation/partners/#academic-cooperation,FFE,0.9,Unknown,no,cited page was not read by the fetcher (cannot check),2026-10-07T17:21:29Z
r022,Lubelska Akademia WSEI,FJI,unknown,company,unknown,https://www.wsei.pl/international-cooperation/partners/#academic-cooperation,FJI,0.9,Unknown,no,cited page was not read by the fetcher (cannot check),2026-10-07T17:21:29Z
r022,Lubelska Akademia WSEI,Forpro Creteil,France,company,unknown,https://www.wsei.pl/international-cooperation/partners/#academic-cooperation,Forpro Creteil,0.9,Unknown,no,cited page was not read by the fetcher (cannot check),2026-10-07T17:21:29Z
r022,Lubelska Akademia WSEI,Fuitec,unknown,company,unknown,https://www.wsei.pl/international-cooperation/partners/#academic-cooperation,Fuitec,0.9,Unknown,no,cited page was not read by the fetcher (cannot check),2026-10-07T17:21:29Z
r022,Lubelska Akademia WSEI,Fundatia Danis,unknown,company,unknown,https://www.wsei.pl/international-cooperation/partners/#academic-cooperation,Fundatia Danis,0.9,Unknown,no,cited page was not read by the fetcher (cannot check),2026-10-07T17:21:29Z
r022,Lubelska Akademia WSEI,Idea,unknown,company,unknown,https://www.wsei.pl/international-cooperation/partners/#academic-cooperation,Idea,0.9,Unknown,no,cited page was not read by the fetcher (cannot check),2026-10-07T17:21:29Z
r022,Lubelska Akademia WSEI,Innogate to Europe,unknown,company,unknown,https://www.wsei.pl/international-cooperation/partners/#academic-cooperation,Innogate to Europe,0.9,Unknown,no,cited page was not read by the fetcher (cannot check),2026-10-07T17:21:29Z
r022,Lubelska Akademia WSEI,Innova SRL,unknown,company,unknown,https://www.wsei.pl/international-cooperation/partners/#academic-cooperation,Innova SRL,0.9,Unknown,no,cited page was not read by the fetcher (cannot check),2026-10-07T17:21:29Z
r022,Lubelska Akademia WSEI,Innovation Frontiers,unknown,company,unknown,https://www.wsei.pl/international-cooperation/partners/#academic-cooperation,Innovation Frontiers,0.9,Unknown,no,cited page was not read by the fetcher (cannot check),2026-10-07T17:21:29Z
r022,Lubelska Akademia WSEI,ITD,unknown,company,unknown,https://www.wsei.pl/international-cooperation/partners/#academic-cooperation,ITD,0.9,Unknown,no,cited page was not read by the fetcher (cannot check),2026-10-07T17:21:29Z
r022,Lubelska Akademia WSEI,"Joudg ""Breshia""",North Macedonia,company,unknown,https://www.wsei.pl/international-cooperation/partners/#academic-cooperation,"Joudg ""Breshia""",0.9,Unknown,no,cited page was not read by the fetcher (cannot check),2026-10-07T17:21:29Z
r022,Lubelska Akademia WSEI,Peipsi CTC,Estonia,other,unknown,https://www.wsei.pl/international-cooperation/partners/#academic-cooperation,Peipsi CTC,0.9,Unknown,no,cited page was not read by the fetcher (cannot check),2026-10-07T17:21:29Z
r022,Lubelska Akademia WSEI,Personnel Training,unknown,company,unknown,https://www.wsei.pl/international-cooperation/partners/#academic-cooperation,Personnel Training,0.9,Unknown,no,cited page was not read by the fetcher (cannot check),2026-10-07T17:21:29Z
r022,Lubelska Akademia WSEI,Prios,Norway,company,unknown,https://www.wsei.pl/international-cooperation/partners/#academic-cooperation,Prios,0.9,Unknown,no,cited page was not read by the fetcher (cannot check),2026-10-07T17:21:29Z
r022,Lubelska Akademia WSEI,Proficio Skopje,unknown,company,unknown,https://www.wsei.pl/international-cooperation/partners/#academic-cooperation,Proficio Skopje,0.9,Unknown,no,cited page was not read by the fetcher (cannot check),2026-10-07T17:21:29Z
r022,Lubelska Akademia WSEI,Rome,unknown,other,unknown,https://www.wsei.pl/international-cooperation/partners/#academic-cooperation,Rome,0.9,Unknown,no,cited page was not read by the fetcher (cannot check),2026-10-07T17:21:29Z
r022,Lubelska Akademia WSEI,SIPOB,unknown,network,unknown,https://www.wsei.pl/international-cooperation/partners/#academic-cooperation,SIPOB,0.9,Unknown,no,cited page was not read by the fetcher (cannot check),2026-10-07T17:21:29Z
r022,Lubelska Akademia WSEI,VekstTorget,unknown,company,unknown,https://www.wsei.pl/international-cooperation/partners/#academic-cooperation,VekstTorget,0.9,Unknown,no,cited page was not read by the fetcher (cannot check),2026-10-07T17:21:29Z
r022,Lubelska Akademia WSEI,Weltgewandt,unknown,company,unknown,https://www.wsei.pl/international-cooperation/partners/#academic-cooperation,Weltgewandt,0.9,Unknown,no,cited page was not read by the fetcher (cannot check),2026-10-07T17:21:29Z
r022,Lubelska Akademia WSEI,PKS Ryki,,company,unknown,https://www.wsei.pl/,"Specjalista m.in. w zakresie logistycznego zarządzania przedsiębiorstwem. Doradca Zarządów ds. restrukturyzacji procesów logistycznych w PKS Ryki oraz Cewar Lublin, członek PNTTE",0.9,Unknown,no,cited page was not read by the fetcher (cannot check),2026-10-07T17:21:29Z
r022,Lubelska Akademia WSEI,Cewar Lublin,,company,unknown,https://www.wsei.pl/,"Specjalista m.in. w zakresie logistycznego zarządzania przedsiębiorstwem. Doradca Zarządów ds. restrukturyzacji procesów logistycznych w PKS Ryki oraz Cewar Lublin, członek PNTTE",0.9,Unknown,no,cited page was not read by the fetcher (cannot check),2026-10-07T17:21:29Z
r022,Lubelska Akademia WSEI,PKN Orlen,,company,unknown,https://www.wsei.pl/,"Ekspert w zakresie finansów i zarządzania finansami. Jako doradca współpracował z: PKN Orlen, KGHM i spółkami z Grupy Azoty",0.9,Unknown,no,cited page was not read by the fetcher (cannot check),2026-10-07T17:21:29Z
r022,Lubelska Akademia WSEI,KGHM,,company,unknown,https://www.wsei.pl/,"Ekspert w zakresie finansów i zarządzania finansami. Jako doradca współpracował z: PKN Orlen, KGHM i spółkami z Grupy Azoty",0.9,Unknown,no,cited page was not read by the fetcher (cannot check),2026-10-07T17:21:29Z
r022,Lubelska Akademia WSEI,Grupa Azoty,,company,unknown,https://www.wsei.pl/,"Ekspert w zakresie finansów i zarządzania finansami. Jako doradca współpracował z: PKN Orlen, KGHM i spółkami z Grupy Azoty",0.9,Unknown,no,cited page was not read by the fetcher (cannot check),2026-10-07T17:21:29Z
r022,Lubelska Akademia WSEI,MikroBIT,,company,unknown,https://www.wsei.pl/,[Lubelska Akademia WSEI MikroBIT logo.jpg],0.9,Unknown,no,cited page was not read by the fetcher (cannot check),2026-10-07T17:21:29Z
r022,Lubelska Akademia WSEI,Unia Europejska Europejski Fundusz Rozwoju Regionalnego,,other,unknown,https://www.wsei.pl/,[Lubelska Akademia WSEI Unia Europejska Europejski Fundusz Rozwoju Regionalnego logo.jpg],0.9,Unknown,no,cited page was not read by the fetcher (cannot check),2026-10-07T17:21:29Z
r022,Lubelska Akademia WSEI,Winhill Consulting,,company,unknown,https://www.wsei.pl/,[Lubelska Akademia WSEI Winhill Consulting logo.jpg],0.9,Unknown,no,cited page was not read by the fetcher (cannot check),2026-10-07T17:21:29Z
r022,Lubelska Akademia WSEI,Powiatowy Urząd Pracy w Lublinie,,other,unknown,https://www.wsei.pl/,[Lubelska Akademia WSEI Powiatowy Urząd Pracy w Lublinie logo.jpg],0.9,Unknown,no,cited page was not read by the fetcher (cannot check),2026-10-07T17:21:29Z
r022,Lubelska Akademia WSEI,Connect International,,company,unknown,https://www.wsei.pl/,[Lubelska-Akademia-WSEI—Partnerzy—Connect-International—logo],0.9,Unknown,no,cited page was not read by the fetcher (cannot check),2026-10-07T17:21:29Z
r022,Lubelska Akademia WSEI,LSZN,,other,unknown,https://www.wsei.pl/,[Lubelska-Akademia-WSEI_logo_LSZN-300×200],0.9,Unknown,no,cited page was not read by the fetcher (cannot check),2026-10-07T17:21:29Z
r022,Lubelska Akademia WSEI,Radio Free,,company,unknown,https://www.wsei.pl/,[Lubelska Akademia WSEI Radio Free logo.jpg],0.9,Unknown,no,cited page was not read by the fetcher (cannot check),2026-10-07T17:21:29Z
r022,Lubelska Akademia WSEI,Perła,,company,unknown,https://www.wsei.pl/,[Lubelska Akademia WSEI Perła logo],0.9,Unknown,no,cited page was not read by the fetcher (cannot check),2026-10-07T17:21:29Z
r022,Lubelska Akademia WSEI,Bank Spółdzielczy w Rykach,,company,unknown,https://www.wsei.pl/,[Lubelska Akademia WSEI Bank Spółdzielczy w Rykach logo.jpg],0.9,Unknown,no,cited page was not read by the fetcher (cannot check),2026-10-07T17:21:29Z
r022,Lubelska Akademia WSEI,Narodowy Bank Polski,,company,unknown,https://www.wsei.pl/,[Lubelska Akademia WSEI Narodowy Bank Polski logo.jpg],0.9,Unknown,no,cited page was not read by the fetcher (cannot check),2026-10-07T17:21:29Z
r022,Lubelska Akademia WSEI,Aktywni +,,other,unknown,https://www.wsei.pl/,[Lubelska Akademia WSEI Aktywni +logo.jpg],0.9,Unknown,no,cited page was not read by the fetcher (cannot check),2026-10-07T17:21:29Z
r022,Lubelska Akademia WSEI,Netrix,,company,unknown,https://www.wsei.pl/,[Lubelska Akademia WSEI Netrix logo.jpg],0.9,Unknown,no,cited page was not read by the fetcher (cannot check),2026-10-07T17:21:29Z
r022,Lubelska Akademia WSEI,Nagel Group,,company,unknown,https://www.wsei.pl/,[Lubelska Akademia WSEI Nagel Group logo.jpg],0.9,Unknown,no,cited page was not read by the fetcher (cannot check),2026-10-07T17:21:29Z
r022,Lubelska Akademia WSEI,Fundusze Europejskie Program Regionalny,,other,unknown,https://www.wsei.pl/,[Lubelska Akademia WSEI Fundusze Europejskie Program Regionalny logo.jpg],0.9,Unknown,no,cited page was not read by the fetcher (cannot check),2026-10-07T17:21:29Z
r022,Lubelska Akademia WSEI,Prezydent Miasta Lublin Krzysztof Żuk,,other,unknown,https://www.wsei.pl/,[Lubelska Akademia WSEI Patronat honorowy Prezydent Miasta Lublin Krzysztof Żuk logo.jpg],0.9,Unknown,no,cited page was not read by the fetcher (cannot check),2026-10-07T17:21:29Z
r022,Lubelska Akademia WSEI,Naczelna Rada Pielęgniarek i Położnych,,other,unknown,https://www.wsei.pl/,[Lubelska Akademia WSEI Naczelna Rada Pielęgniarek i Położnych logo.jpg],0.9,Unknown,no,cited page was not read by the fetcher (cannot check),2026-10-07T17:21:29Z
r022,Lubelska Akademia WSEI,Parys,,company,unknown,https://www.wsei.pl/,[Lubelska Akademia WSEI Parys logo.jpg],0.9,Unknown,no,cited page was not read by the fetcher (cannot check),2026-10-07T17:21:29Z
r022,Lubelska Akademia WSEI,Miejski Urząd Pracy w Lublinie,,other,unknown,https://www.wsei.pl/,[Lubelska Akademia WSEI Miejski Urząd Pracy w Lublinie logo.jpg],0.9,Unknown,no,cited page was not read by the fetcher (cannot check),2026-10-07T17:21:29Z
r022,Lubelska Akademia WSEI,Marszałek Województwa Lubelskiego Jarosław Stawiarski,,other,unknown,https://www.wsei.pl/,[Lubelska Akademia WSEI Marszałek Województwa Lubelskiego Jarosław Stawiarski logo.jpg],0.9,Unknown,no,cited page was not read by the fetcher (cannot check),2026-10-07T17:21:29Z
r022,Lubelska Akademia WSEI,Wojewódzki Szpital Specjalistyczny w Białej Podlaskiej,,other,unknown,https://www.wsei.pl/,[Lubelska Akademia WSEI Wojewódzki Szpital Specjalistyczny w Białej Podlaskiej logo.jpg],0.9,Unknown,no,cited page was not read by the fetcher (cannot check),2026-10-07T17:21:29Z
r022,Lubelska Akademia WSEI,Fabryka Łożysk Tocznych Kraśnik S.A.,,company,unknown,https://www.wsei.pl/,[Lubelska Akademia WSEI Fabryka Łożysk Tocznych Kraśnik S.A. logo.jpg],0.9,Unknown,no,cited page was not read by the fetcher (cannot check),2026-10-07T17:21:29Z
r022,Lubelska Akademia WSEI,Kantor online,,company,unknown,https://www.wsei.pl/,[Lubelska Akademia WSEI Kantor online logo.jpg],0.9,Unknown,no,cited page was not read by the fetcher (cannot check),2026-10-07T17:21:29Z
r022,Lubelska Akademia WSEI,Erasmus +,,network,unknown,https://www.wsei.pl/,[Lubelska Akademia WSEI Erasmus +logo.jpg],0.9,International,no,cited page was not read by the fetcher (cannot check),2026-10-07T17:21:29Z
r022,Lubelska Akademia WSEI,Zakład Ubezpieczeń Społecznych,,other,unknown,https://www.wsei.pl/,[Lubelska Akademia WSEI Zakład Ubezpieczeń Społecznych logo.jpg],0.9,Unknown,no,cited page was not read by the fetcher (cannot check),2026-10-07T17:21:29Z
r022,Lubelska Akademia WSEI,Minister Edukacji i Nauki,,other,unknown,https://www.wsei.pl/,[Lubelska Akademia WSEI Minister Edukacji i Nauki logo.jpg],0.9,Unknown,no,cited page was not read by the fetcher (cannot check),2026-10-07T17:21:29Z
r022,Lubelska Akademia WSEI,MPK Lubin,,company,unknown,https://www.wsei.pl/,[Lubelska Akademia WSEI MPK Lubin logo.jpg],0.9,Unknown,no,cited page was not read by the fetcher (cannot check),2026-10-07T17:21:29Z
r022,Lubelska Akademia WSEI,Wschodnioeuropejski Instytut Nowoczesnej Edukacji,,school,unknown,https://www.wsei.pl/,[Lubelska Akademia WSEI Wschodnioeuropejski Instytut Nowoczesnej Edukacji logo.jpg],0.9,Unknown,no,cited page was not read by the fetcher (cannot check),2026-10-07T17:21:29Z
r022,Lubelska Akademia WSEI,Interbud,,company,unknown,https://www.wsei.pl/,[Lubelska Akademia WSEI Interbud logo.jpg],0.9,Unknown,no,cited page was not read by the fetcher (cannot check),2026-10-07T17:21:29Z
r022,Lubelska Akademia WSEI,Życie Szkoły Edukacja Wczesnoszkolna Czasopismo dla Nauczycieli,,other,unknown,https://www.wsei.pl/,[Lubelska Akademia WSEI Życie Szkoły Edukacja Wczesnoszkolna Czasopismo dla Nauczycieli logo.jpg],0.9,Unknown,no,cited page was not read by the fetcher (cannot check),2026-10-07T17:21:29Z
r022,Lubelska Akademia WSEI,Magazyn Pielęgniarkii Położnej,,other,unknown,https://www.wsei.pl/,[Lubelska Akademia WSEI Magazyn Pielęgniarkii Położnej logo.jpg],0.9,Unknown,no,cited page was not read by the fetcher (cannot check),2026-10-07T17:21:29Z
r022,Lubelska Akademia WSEI,PARP Grupa PFR,,other,unknown,https://www.wsei.pl/,[Lubelska Akademia WSEI PARP Grupa PFR logo.jpg],0.9,Unknown,no,cited page was not read by the fetcher (cannot check),2026-10-07T17:21:29Z
r022,Lubelska Akademia WSEI,Radio Centrum,,company,unknown,https://www.wsei.pl/,[Lubelska Akademia WSEI Radio Centrum logo.jpg],0.9,Unknown,no,cited page was not read by the fetcher (cannot check),2026-10-07T17:21:29Z
r022,Lubelska Akademia WSEI,Orange,,company,unknown,https://www.wsei.pl/,[Lubelska Akademia WSEI Orange logo.jpg],0.9,Unknown,no,cited page was not read by the fetcher (cannot check),2026-10-07T17:21:29Z
r022,Lubelska Akademia WSEI,Quantum,,company,unknown,https://www.wsei.pl/,[Lubelska Akademia WSEI Quantum logo.jpg],0.9,Unknown,no,cited page was not read by the fetcher (cannot check),2026-10-07T17:21:29Z
r022,Lubelska Akademia WSEI,DAKO,,company,unknown,https://www.wsei.pl/,[Lubelska Akademia WSEI DAKO logo.jpg],0.9,Unknown,no,cited page was not read by the fetcher (cannot check),2026-10-07T17:21:29Z
r022,Lubelska Akademia WSEI,TVP,,company,unknown,https://www.wsei.pl/,[Lubelska Akademia WSEI TVP logo.jpg],0.9,Unknown,no,cited page was not read by the fetcher (cannot check),2026-10-07T17:21:29Z
r022,Lubelska Akademia WSEI,Polskie Towarzystwo Gerontologiczne,,other,unknown,https://www.wsei.pl/,[Lubelska Akademia WSEI Polskie Towarzystwo Gerontologiczne logo.jpg],0.9,Unknown,no,cited page was not read by the fetcher (cannot check),2026-10-07T17:21:29Z
r022,Lubelska Akademia WSEI,Międzynarodowy Instytut Innowacji,,school,unknown,https://www.wsei.pl/,[Lubelska Akademia WSEI Międzynarodowy Instytut Innowacji logo.jpg],0.9,Unknown,no,cited page was not read by the fetcher (cannot check),2026-10-07T17:21:29Z
r022,Lubelska Akademia WSEI,Kolejarz,,company,unknown,https://www.wsei.pl/,[Lubelska Akademia WSEI Kolejarz logo.jpg],0.9,Unknown,no,cited page was not read by the fetcher (cannot check),2026-10-07T17:21:29Z
r022,Lubelska Akademia WSEI,Lubelski Węgiel Bogdanka S.A.,,company,unknown,https://www.wsei.pl/,[Lubelska Akademia WSEI Lubelski Węgiel Bogdanka S.A. logo.jpg],0.9,Unknown,no,cited page was not read by the fetcher (cannot check),2026-10-07T17:21:29Z
r022,Lubelska Akademia WSEI,Fundacja AS-Spectrum,,other,unknown,https://www.wsei.pl/,[Lubelska Akademia WSEI Fundacja AS-Spectrum logo.jpg],0.9,Unknown,no,cited page was not read by the fetcher (cannot check),2026-10-07T17:21:29Z
r022,Lubelska Akademia WSEI,Lublin Miasto Inspiracji,,other,unknown,https://www.wsei.pl/,[Lubelska Akademia WSEI Lublin Miasto Inspiracji logo.jpg],0.9,Unknown,no,cited page was not read by the fetcher (cannot check),2026-10-07T17:21:29Z
r022,Lubelska Akademia WSEI,Pracodawcy Rzeczypospolitej Polskiej,,other,unknown,https://www.wsei.pl/,[Lubelska Akademia WSEI Pracodawcy Rzeczypospolitej Polskiej logo.jpg],0.9,Unknown,no,cited page was not read by the fetcher (cannot check),2026-10-07T17:21:29Z
r022,Lubelska Akademia WSEI,Ideas Institute,,school,unknown,https://www.wsei.pl/,[Lubelska Akademia WSEI Ideas Institute logo.jpg],0.9,Unknown,no,cited page was not read by the fetcher (cannot check),2026-10-07T17:21:29Z
r022,Lubelska Akademia WSEI,Uzdrowisko Nałęczów,,company,unknown,https://www.wsei.pl/,[Lubelska Akademia WSEI Uzdrowisko Nałęczów logo.jpg],0.9,Unknown,no,cited page was not read by the fetcher (cannot check),2026-10-07T17:21:29Z
r022,Lubelska Akademia WSEI,Policja lubelska,,other,unknown,https://www.wsei.pl/,[Lubelska Akademia WSEI Policja lubelska logo.jpg],0.9,Unknown,no,cited page was not read by the fetcher (cannot check),2026-10-07T17:21:29Z
r022,Lubelska Akademia WSEI,Wojewódzki Ośrodek Medycyny Pracy,,other,unknown,https://www.wsei.pl/,[Lubelska Akademia WSEI Wojewódzki Ośrodek Medycyny Pracy logo.jpg],0.9,Unknown,no,cited page was not read by the fetcher (cannot check),2026-10-07T17:21:29Z
r022,Lubelska Akademia WSEI,Lemonex,,company,unknown,https://www.wsei.pl/,[Lubelska Akademia WSEI Lemonex logo.jpg],0.9,Unknown,no,cited page was not read by the fetcher (cannot check),2026-10-07T17:21:29Z
r022,Lubelska Akademia WSEI,Devcomm ict,,company,unknown,https://www.wsei.pl/,[Lubelska Akademia WSEI Devcomm ict logo.jpg],0.9,Unknown,no,cited page was not read by the fetcher (cannot check),2026-10-07T17:21:29Z
r022,Lubelska Akademia WSEI,Związek Przesiębiorców i Pracodawców Lubelskie,,other,unknown,https://www.wsei.pl/,[Lubelska Akademia WSEI Związek Przesiębiorców i Pracodawców Lubelskie logo.jpg],0.9,Unknown,no,cited page was not read by the fetcher (cannot check),2026-10-07T17:21:29Z
r022,Lubelska Akademia WSEI,Uniqa,,company,unknown,https://www.wsei.pl/,[Lubelska Akademia WSEI Uniqa logo.jpg],0.9,Unknown,no,cited page was not read by the fetcher (cannot check),2026-10-07T17:21:29Z
r022,Lubelska Akademia WSEI,Urząd Statystyczny w Lublinie,,other,unknown,https://www.wsei.pl/,[Lubelska Akademia WSEI Urząd Statystyczny w Lublinie logo.jpg],0.9,Unknown,no,cited page was not read by the fetcher (cannot check),2026-10-07T17:21:29Z
r022,Lubelska Akademia WSEI,Asseco Data Systems,,company,unknown,https://www.wsei.pl/,[Lubelska Akademia WSEI Asseco Data Systems logo.jpg],0.9,Unknown,no,cited page was not read by the fetcher (cannot check),2026-10-07T17:21:29Z
r022,Lubelska Akademia WSEI,Pogotowie Cateringowe,,company,unknown,https://www.wsei.pl/,[Lubelska Akademia WSEI Pogotowie Cateringowe logo.jpg],0.9,Unknown,no,cited page was not read by the fetcher (cannot check),2026-10-07T17:21:29Z
r022,Lubelska Akademia WSEI,Szpital Neuropsychiatryczny w Lublinie,,other,unknown,https://www.wsei.pl/,"[Lubelska Akademia WSEI Szpital Neuropsychiatryczny w Lublinie logo,jpg]",0.9,Unknown,no,cited page was not read by the fetcher (cannot check),2026-10-07T17:21:29Z
r022,Lubelska Akademia WSEI,Raben,,company,unknown,https://www.wsei.pl/,[Lubelska Akademia WSEI Raben logo.jpg],0.9,Unknown,no,cited page was not read by the fetcher (cannot check),2026-10-07T17:21:29Z
r022,Lubelska Akademia WSEI,Rohling Suus logistic,,company,unknown,https://www.wsei.pl/,[Lubelska Akademia WSEI Rohling Suus logistic logo.jpg],0.9,Unknown,no,cited page was not read by the fetcher (cannot check),2026-10-07T17:21:29Z
r022,Lubelska Akademia WSEI,Sieć Badawcza Łukasiewicz Instytut Elektrotechniki,,school,unknown,https://www.wsei.pl/,[Lubelska Akademia WSEI Sieć Badawcza Łukasiewicz Instytut Elektrotechniki logo.jpg],0.9,Unknown,no,cited page was not read by the fetcher (cannot check),2026-10-07T17:21:29Z
r022,Lubelska Akademia WSEI,Instytut Medycyny WSEI,,school,unknown,https://www.wsei.pl/,[Lubelska Akademia WSEI Instytut Medycyny WSEI logo.jpg],0.9,Unknown,no,cited page was not read by the fetcher (cannot check),2026-10-07T17:21:29Z
r022,Lubelska Akademia WSEI,Lublin Airport,,company,unknown,https://www.wsei.pl/,[Lubelska Akademia WSEI Lublin Airport logo.jpg],0.9,Unknown,no,cited page was not read by the fetcher (cannot check),2026-10-07T17:21:29Z
r022,Lubelska Akademia WSEI,Urząd Pracy,,other,unknown,https://www.wsei.pl/,[Lubelska Akademia WSEI Urząd Pracy logo.jpg],0.9,Unknown,no,cited page was not read by the fetcher (cannot check),2026-10-07T17:21:29Z
r022,Lubelska Akademia WSEI,Reactivate,,other,unknown,https://www.wsei.pl/,[Lubelska Akademia WSEI Reactivate logo.jpg],0.9,Unknown,no,cited page was not read by the fetcher (cannot check),2026-10-07T17:21:29Z
r022,Lubelska Akademia WSEI,Poczta Polska,,company,unknown,https://www.wsei.pl/,[Lubelska Akademia WSEI Poczta Polska logo.jpg],0.9,Unknown,no,cited page was not read by the fetcher (cannot check),2026-10-07T17:21:29Z
r022,Lubelska Akademia WSEI,Herbapol,,company,unknown,https://www.wsei.pl/,[Lubelska Akademia WSEI Herbapol logo.jpg],0.9,Unknown,no,cited page was not read by the fetcher (cannot check),2026-10-07T17:21:29Z
r022,Lubelska Akademia WSEI,Rynek Elizówka,,company,unknown,https://www.wsei.pl/,[Lubelska Akademia WSEI Rynek Elizówka logo.jpg],0.9,Unknown,no,cited page was not read by the fetcher (cannot check),2026-10-07T17:21:29Z
r022,Lubelska Akademia WSEI,Stokrotka,,company,unknown,https://www.wsei.pl/,[Lubelska Akademia WSEI Stokrotka logo.jpg],0.9,Unknown,no,cited page was not read by the fetcher (cannot check),2026-10-07T17:21:29Z
r022,Lubelska Akademia WSEI,Bank Spółdzielczy w Łukowie,,company,unknown,https://www.wsei.pl/,[Lubelska Akademia WSEI Bank Spółdzielczy w Łukowie logo.jpg],0.9,Unknown,no,cited page was not read by the fetcher (cannot check),2026-10-07T17:21:29Z
r022,Lubelska Akademia WSEI,Cewar,,company,unknown,https://www.wsei.pl/,[Lubelska Akademia WSEI Cewar logo.jpg],0.9,Unknown,no,cited page was not read by the fetcher (cannot check),2026-10-07T17:21:29Z
r022,Lubelska Akademia WSEI,SKOK Chmielewskiego Spółdzielcza Kasa Oszczędnościowo-Kredytowa,,company,unknown,https://www.wsei.pl/,[Lubelska Akademia WSEI SKOK Chmielewskiego Spółdzielcza Kasa Oszczędnościowo-Kredytowa logo.jpg],0.9,Unknown,no,cited page was not read by the fetcher (cannot check),2026-10-07T17:21:29Z
r022,Lubelska Akademia WSEI,TVP Polonia,,company,unknown,https://www.wsei.pl/,[Lubelska Akademia WSEI TVP Polonia logo.jpg],0.9,Unknown,no,cited page was not read by the fetcher (cannot check),2026-10-07T17:21:29Z
r022,Lubelska Akademia WSEI,PolRegio,,company,unknown,https://www.wsei.pl/,[Lubelska Akademia WSEI PolRegio logo.jpg],0.9,Unknown,no,cited page was not read by the fetcher (cannot check),2026-10-07T17:21:29Z
r022,Lubelska Akademia WSEI,Dziennik Wschodni,,company,unknown,https://www.wsei.pl/,[Lubelska Akademia WSEI Dziennik Wschodni logo.jpg],0.9,Unknown,no,cited page was not read by the fetcher (cannot check),2026-10-07T17:21:29Z
r022,Lubelska Akademia WSEI,Uniwersytet Przyrodniczy w Lublinie,,university,unknown,https://www.wsei.pl/,[Lubelska Akademia WSEI Uniwersytet Przyrodniczy w Lublinie logo.jpg],0.9,Unknown,no,cited page was not read by the fetcher (cannot check),2026-10-07T17:21:29Z
r022,Lubelska Akademia WSEI,Warsaw new tech university foundation,,other,unknown,https://www.wsei.pl/,[Lubelska Akademia WSEI Warsaw new tech university foundation logo.jpg],0.9,Unknown,no,cited page was not read by the fetcher (cannot check),2026-10-07T17:21:29Z
r022,Lubelska Akademia WSEI,Lubelski Klub Biznesu,,other,unknown,https://www.wsei.pl/,[Lubelska Akademia WSEI Lubelski Klub Biznesu logo.jpg],0.9,Unknown,no,cited page was not read by the fetcher (cannot check),2026-10-07T17:21:29Z
r022,Lubelska Akademia WSEI,Kurator oświaty Tomasz Szabłowski,,other,unknown,https://www.wsei.pl/,[Lubelska-Akademia-WSEI—Kurator-oświaty-Tomasz-Szabłowski],0.9,Unknown,no,cited page was not read by the fetcher (cannot check),2026-10-07T17:21:29Z
r022,Lubelska Akademia WSEI,Pyramid Games,,company,unknown,https://www.wsei.pl/,[Lubelska Akademia WSEI Pyramid Games logo.jpg],0.9,Unknown,no,cited page was not read by the fetcher (cannot check),2026-10-07T17:21:29Z
r022,Lubelska Akademia WSEI,Pszczółka,,company,unknown,https://www.wsei.pl/,[Lubelska Akademia WSEI Pszczółka logo.jpg],0.9,Unknown,no,cited page was not read by the fetcher (cannot check),2026-10-07T17:21:29Z
r022,Lubelska Akademia WSEI,Instytut Transportu Samochodowego,,school,unknown,https://www.wsei.pl/,[Lubelska Akademia WSEI Instytut Transportu Samochodowego logo.jpg],0.9,Unknown,no,cited page was not read by the fetcher (cannot check),2026-10-07T17:21:29Z
r022,Lubelska Akademia WSEI,Wojewódzki Szpital Specjalistyczny im. Stefana Kardynała Wyszyńskiego,,other,unknown,https://www.wsei.pl/,[Lubelska Akademia WSEI Wojewódzki Szpital Specjalistyczny im. Stefana Kardynała Wyszyńskiego logo.jpg],0.9,Unknown,no,cited page was not read by the fetcher (cannot check),2026-10-07T17:21:29Z
r022,Lubelska Akademia WSEI,YouthProAktiv,,other,unknown,https://www.wsei.pl/,[Lubelska-Akademia-WSEI—Partnerzy—YouthProAktiv—logo],0.9,Unknown,no,cited page was not read by the fetcher (cannot check),2026-10-07T17:21:29Z
r022,Lubelska Akademia WSEI,Lubelskie Smakuj Życie,,other,unknown,https://www.wsei.pl/,[Lubelska Akademia WSEI Lubelskie Smakuj Życie logo.jpg],0.9,Unknown,no,cited page was not read by the fetcher (cannot check),2026-10-07T17:21:29Z
r022,Lubelska Akademia WSEI,Colian,,company,unknown,https://www.wsei.pl/,[Lubelska Akademia WSEI Colian logo.jpg],0.9,Unknown,no,cited page was not read by the fetcher (cannot check),2026-10-07T17:21:29Z
r022,Lubelska Akademia WSEI,URSUS,,company,unknown,https://www.wsei.pl/,[Lubelska Akademia WSEI URSUS logo.jpg],0.9,Unknown,no,cited page was not read by the fetcher (cannot check),2026-10-07T17:21:29Z
r022,Lubelska Akademia WSEI,Urząd Miasta Lublin,,other,unknown,https://www.wsei.pl/,[Lubelska Akademia WSEI Urząd Miasta Lublin logo.jpg],0.9,Unknown,no,cited page was not read by the fetcher (cannot check),2026-10-07T17:21:29Z
r022,Lubelska Akademia WSEI,PKPCargo,,company,unknown,https://www.wsei.pl/,[Lubelska Akademia WSEI PKPCargo logo.jpg],0.9,Unknown,no,cited page was not read by the fetcher (cannot check),2026-10-07T17:21:29Z
r022,Lubelska Akademia WSEI,Bank Pekao,,company,unknown,https://www.wsei.pl/,[Lubelska Akademia WSEI Bank Pekao logo.jpg],0.9,Unknown,no,cited page was not read by the fetcher (cannot check),2026-10-07T17:21:29Z
r022,Lubelska Akademia WSEI,PKS International Cargo S.A.,,company,unknown,https://www.wsei.pl/,[Lubelska Akademia WSEI PKS International Cargo S.A. logo.jpg],0.9,Unknown,no,cited page was not read by the fetcher (cannot check),2026-10-07T17:21:29Z
r022,Lubelska Akademia WSEI,Krajowe Stowarzyszenie Przetwórców Owoców i Warzyw,,other,unknown,https://www.wsei.pl/,[Lubelska Akademia WSEI Krajowe Stowarzyszenie Przetwórców Owoców i Warzyw logo.jpg],0.9,Unknown,no,cited page was not read by the fetcher (cannot check),2026-10-07T17:21:29Z
r022,Lubelska Akademia WSEI,Universitat d’Alcant Universidad de Alicante,,university,unknown,https://www.wsei.pl/,[Lubelska Akademia WSEI Universitat d’Alcant Universidad de Alicante logo.jpg],0.9,Unknown,no,cited page was not read by the fetcher (cannot check),2026-10-07T17:21:29Z
r022,Lubelska Akademia WSEI,University of Maribor,,university,unknown,https://www.wsei.pl/,[Lubelska Akademia WSEI University of Maribor logo.jpg],0.9,Unknown,no,cited page was not read by the fetcher (cannot check),2026-10-07T17:21:29Z
r022,Lubelska Akademia WSEI,Kuratorium Oświaty w Lublinie,,other,unknown,https://www.wsei.pl/,[Lubelska Akademia WSEI Kuratorium Oświaty w Lublinie logo.jpg],0.9,Unknown,no,cited page was not read by the fetcher (cannot check),2026-10-07T17:21:29Z
r022,Lubelska Akademia WSEI,Agencja Restrukturyzacji i Modernizacji Rolnictwa,,other,unknown,https://www.wsei.pl/,[Lubelska Akademia WSEI Agencja Restrukturyzacji i Modernizacji Rolnictwa logo.jpg],0.9,Unknown,no,cited page was not read by the fetcher (cannot check),2026-10-07T17:21:29Z
r022,Lubelska Akademia WSEI,EafA,,network,unknown,https://www.wsei.pl/,[Lubelska-Akademia-WSEI—Partnerzy—EafA—logo],0.9,International,no,cited page was not read by the fetcher (cannot check),2026-10-07T17:21:29Z
r022,Lubelska Akademia WSEI,Polskie Radio Lublin,,company,unknown,https://www.wsei.pl/,[Lubelska Akademia WSEI Polskie Radio Lublin logo.jpg],0.9,Unknown,no,cited page was not read by the fetcher (cannot check),2026-10-07T17:21:29Z
r022,Lubelska Akademia WSEI,Akademia WSB,,university,unknown,https://www.wsei.pl/,[Lubelska Akademia WSEI Akademia WSB logo.jpg],0.9,Unknown,no,cited page was not read by the fetcher (cannot check),2026-10-07T17:21:29Z
r022,Lubelska Akademia WSEI,Polskie Naukowo Techniczne Towarzystwo Eksploatacyjne,,other,unknown,https://www.wsei.pl/,[Lubelska Akademia WSEI Polskie Naukowo Techniczne Towarzystwo Eksploatacyjne logo.jpg],0.9,Unknown,no,cited page was not read by the fetcher (cannot check),2026-10-07T17:21:29Z
r022,Lubelska Akademia WSEI,Krajowe Centrum Przeciwdziałania Uzależnieniom,,other,unknown,https://www.wsei.pl/,[Lubelska Akademia WSEI Krajowe Centrum Przeciwdziałania Uzależnieniom logo.jpg],0.9,Unknown,no,cited page was not read by the fetcher (cannot check),2026-10-07T17:21:29Z
r022,Lubelska Akademia WSEI,Doskonała Nauka,,other,unknown,https://www.wsei.pl/,[Lubelska Akademia WSEI Doskonała Nauka logo.jpg],0.9,Unknown,no,cited page was not read by the fetcher (cannot check),2026-10-07T17:21:29Z
r022,Lubelska Akademia WSEI,Lubelska Fundacja Rozwoju,,other,unknown,https://www.wsei.pl/,[Lubelska Akademia WSEI Lubelska Fundacja Rozwoju logo.jpg],0.9,Unknown,no,cited page was not read by the fetcher (cannot check),2026-10-07T17:21:29Z
r022,Lubelska Akademia WSEI,Polska Akademia Nauk,,school,unknown,https://www.wsei.pl/,[Lubelska Akademia WSEI Polska Akademia Nauk logo.jpg],0.9,Unknown,no,cited page was not read by the fetcher (cannot check),2026-10-07T17:21:29Z
r022,Lubelska Akademia WSEI,Wołyński Uniwersytet Państwowy im. Łesi Ukrainki w Łucku,,university,unknown,https://www.wsei.pl/,[Lubelska Akademia WSEI Wołyński Uniwersytet Państwowy im. Łesi Ukrainki w Łucku logo.jpg],0.9,Unknown,no,cited page was not read by the fetcher (cannot check),2026-10-07T17:21:29Z
r022,Lubelska Akademia WSEI,Kurier Lubelski,,company,unknown,https://www.wsei.pl/,[Lubelska Akademia WSEI Kurier Lubelski logo.jpg],0.9,Unknown,no,cited page was not read by the fetcher (cannot check),2026-10-07T17:21:29Z
r022,Lubelska Akademia WSEI,Szpital Wojewódzki im Papieża Jana Pawła II,,other,unknown,https://www.wsei.pl/,[Lubelska Akademia WSEI Szpital Wojewódzki im Papieża Jana Pawła II logo.jpg],0.9,Unknown,no,cited page was not read by the fetcher (cannot check),2026-10-07T17:21:29Z
r022,Lubelska Akademia WSEI,Ministerstwo Rozwoju i Technologii,,other,unknown,https://www.wsei.pl/,[Lubelska Akademia WSEI Ministerstwo Rozwoju i Technologii logo.jpg],0.9,Unknown,no,cited page was not read by the fetcher (cannot check),2026-10-07T17:21:29Z
r022,Lubelska Akademia WSEI,PGKiMSp. z o.o. Ryki,,company,unknown,https://www.wsei.pl/,[Lubelska Akademia WSEI PGKiMSp. z o.o. Ryki logo.jpg],0.9,Unknown,no,cited page was not read by the fetcher (cannot check),2026-10-07T17:21:29Z
