row_id,institution,kind,item,source_url,evidence_quote,why_flagged
r008,Ecole Supérieure de Praxis Sociale,contact,Cheryl Feuillet-Palma,https://www.espci.psl.eu/organisation-gouvernance/directions-et-services/,Cheryl Feuillet-Palma ... Directrice des relations internationales,cited page was not read by the fetcher (cannot check)
r008,Ecole Supérieure de Praxis Sociale,contact,Emmanuelle Gouillart,https://www.espci.psl.eu/organisation-gouvernance/directions-et-services/,Directrice générale de l’ESPCI Paris – PSL ... Emmanuelle Gouillart assure la direction générale de l’établissement depuis le 26 juin 2026.,cited page was not read by the fetcher (cannot check)
r008,Ecole Supérieure de Praxis Sociale,partner,École normale supérieure,https://www.espci.psl.eu/en/about/the-campus-and-its-future/,"The project is based on a spiral-shaped reconfiguration of the site, progressing from the outside towards the heart of the block. It includes relocating the main entrance to Place Alfred-Kastler, opening the School up more fully to the city and to neighbouring PSL institutions, particularly the École normale supérieure – PSL.",cited page was not read by the fetcher (cannot check)
r008,Ecole Supérieure de Praxis Sociale,partner,Université Paris Sciences & Lettres,https://www.espci.psl.eu/recrutement/offres-emploi/postdoctorant-en-synthese-et-mise-en-forme-de-reseaux-metallo-organiques-pour-les-batteries-thermiques-institut-des-materiaux-poreux-de-paris/,"L’établissement fait partie de l’Université Paris Sciences & Lettres. Numéro 1 du classement mondial des jeunes universités publié par le Times Higher Education, PSL figure également parmi les 50 meilleures universités mondiales dans plusieurs classements internationaux.",cited page was not read by the fetcher (cannot check)
r008,Ecole Supérieure de Praxis Sociale,partner,CNRS,https://www.espci.psl.eu/recrutement/offres-emploi/postdoctorant-en-synthese-et-mise-en-forme-de-reseaux-metallo-organiques-pour-les-batteries-thermiques-institut-des-materiaux-poreux-de-paris/,"La personne recrutée rejoindra l’Institut des Matériaux Poreux de Paris, unité mixte de recherche associant le CNRS, l’École normale supérieure, l’ESPCI et l’Université PSL.",cited page was not read by the fetcher (cannot check)
r008,Ecole Supérieure de Praxis Sociale,partner,Université PSL,https://www.espci.psl.eu/,Université PSL,cited page was not read by the fetcher (cannot check)
r008,Ecole Supérieure de Praxis Sociale,partner,Net.Com,https://www.espci.psl.eu/,Réalisation © Net.Com,cited page was not read by the fetcher (cannot check)
r008,Ecole Supérieure de Praxis Sociale,partner,L’École normale supérieure,https://www.espci.psl.eu/presentation/futur-campus/,"Le projet repose sur une recomposition du site « en spirale », de l’extérieur vers le cœur d’îlot. Il prévoit le déplacement de l’entrée principale Place Alfred-Kastler, afin d’ouvrir davantage l’école sur la Ville et les institutions voisines de PSL, notamment L’École normale supérieure.",cited page was not read by the fetcher (cannot check)
r008,Ecole Supérieure de Praxis Sociale,campus,Campus Vauquelin,https://www.espci.psl.eu/presentation/futur-campus/,"Ancré au cœur de Paris, sur la Montagne Sainte-Geneviève, le campus Vauquelin de l’ESPCI Paris - PSL fait l’objet d’une transformation d’ampleur. L’objectif : moderniser les espaces de recherche et d’enseignement, renforcer les lieux de vie, et maintenir un modèle de campus urbain, interdisciplinaire et connecté à l’écosystème scientifique de parisien.",cited page was not read by the fetcher (cannot check)
r009,Institut Supérieur des Biotechnologies de Paris,contact,Vanessa PROUX,https://www.supbiotech.fr/ecole-ingenieurs-biotechnologies/equipe/,Vanessa PROUX ... Directrice Génerale,cited page was not read by the fetcher (cannot check)
r009,Institut Supérieur des Biotechnologies de Paris,partner,Nelson Mandela Metropolitan University,https://www.supbiotech.fr/international/partenaires/,Nelson Mandela Metropolitan University,cited page was not read by the fetcher (cannot check)
r009,Institut Supérieur des Biotechnologies de Paris,partner,Stellenbosch University,https://www.supbiotech.fr/international/partenaires/,Stellenbosch University,cited page was not read by the fetcher (cannot check)
r009,Institut Supérieur des Biotechnologies de Paris,partner,Polytechnique Sousse,https://www.supbiotech.fr/international/partenaires/,Polytechnique Sousse,cited page was not read by the fetcher (cannot check)
r009,Institut Supérieur des Biotechnologies de Paris,partner,Université Libre de Tunis,https://www.supbiotech.fr/international/partenaires/,Université Libre de Tunis,cited page was not read by the fetcher (cannot check)
r009,Institut Supérieur des Biotechnologies de Paris,partner,Federal University of Ouro Preto,https://www.supbiotech.fr/international/partenaires/,Federal University of Ouro Preto,cited page was not read by the fetcher (cannot check)
r009,Institut Supérieur des Biotechnologies de Paris,partner,Universidade Federal de Mato Grosso,https://www.supbiotech.fr/international/partenaires/,Universidade Federal de Mato Grosso,cited page was not read by the fetcher (cannot check)
r009,Institut Supérieur des Biotechnologies de Paris,partner,"Instituto Federal de Educação, Ciência e Tecnologia do Rio de Janeiro",https://www.supbiotech.fr/international/partenaires/,"Instituto Federal de Educação, Ciência e Tecnologia do Rio de Janeiro",cited page was not read by the fetcher (cannot check)
r009,Institut Supérieur des Biotechnologies de Paris,partner,Universidade Federal do ABC,https://www.supbiotech.fr/international/partenaires/,Universidade Federal do ABC,cited page was not read by the fetcher (cannot check)
r009,Institut Supérieur des Biotechnologies de Paris,partner,University of Ribeirão Preto,https://www.supbiotech.fr/international/partenaires/,University of Ribeirão Preto,cited page was not read by the fetcher (cannot check)
r009,Institut Supérieur des Biotechnologies de Paris,partner,Pontifical Catholic University of Paraná,https://www.supbiotech.fr/international/partenaires/,Pontifical Catholic University of Paraná,cited page was not read by the fetcher (cannot check)
r009,Institut Supérieur des Biotechnologies de Paris,partner,Universidade Federal de Viçosa,https://www.supbiotech.fr/international/partenaires/,Universidade Federal de Viçosa,cited page was not read by the fetcher (cannot check)
r009,Institut Supérieur des Biotechnologies de Paris,partner,Algoma University,https://www.supbiotech.fr/international/partenaires/,Algoma University,cited page was not read by the fetcher (cannot check)
r009,Institut Supérieur des Biotechnologies de Paris,partner,Université de Montréal,https://www.supbiotech.fr/international/partenaires/,Université de Montréal,cited page was not read by the fetcher (cannot check)
r009,Institut Supérieur des Biotechnologies de Paris,partner,Laurentian University,https://www.supbiotech.fr/international/partenaires/,Laurentian University,cited page was not read by the fetcher (cannot check)
r009,Institut Supérieur des Biotechnologies de Paris,partner,York University,https://www.supbiotech.fr/international/partenaires/,York University,cited page was not read by the fetcher (cannot check)
r009,Institut Supérieur des Biotechnologies de Paris,partner,Boston University,https://www.supbiotech.fr/international/partenaires/,Boston University,cited page was not read by the fetcher (cannot check)
r009,Institut Supérieur des Biotechnologies de Paris,partner,CSU Long Beach,https://www.supbiotech.fr/international/partenaires/,CSU Long Beach,cited page was not read by the fetcher (cannot check)
r009,Institut Supérieur des Biotechnologies de Paris,partner,CSU Monterey Bay,https://www.supbiotech.fr/international/partenaires/,CSU Monterey Bay,cited page was not read by the fetcher (cannot check)
r009,Institut Supérieur des Biotechnologies de Paris,partner,CSU San Marcos,https://www.supbiotech.fr/international/partenaires/,CSU San Marcos,cited page was not read by the fetcher (cannot check)
r009,Institut Supérieur des Biotechnologies de Paris,partner,UC San Diego,https://www.supbiotech.fr/international/partenaires/,UC San Diego,cited page was not read by the fetcher (cannot check)
r009,Institut Supérieur des Biotechnologies de Paris,partner,San Diego State University,https://www.supbiotech.fr/international/partenaires/,San Diego State University,cited page was not read by the fetcher (cannot check)
r009,Institut Supérieur des Biotechnologies de Paris,partner,San Francisco State University,https://www.supbiotech.fr/international/partenaires/,San Francisco State University,cited page was not read by the fetcher (cannot check)
r009,Institut Supérieur des Biotechnologies de Paris,partner,University of California Santa Barbara,https://www.supbiotech.fr/international/partenaires/,University of California Santa Barbara,cited page was not read by the fetcher (cannot check)
r009,Institut Supérieur des Biotechnologies de Paris,partner,University of California,https://www.supbiotech.fr/international/partenaires/,University of California,cited page was not read by the fetcher (cannot check)
r009,Institut Supérieur des Biotechnologies de Paris,partner,Tecnológico de Monterrey,https://www.supbiotech.fr/international/partenaires/,Tecnológico de Monterrey,cited page was not read by the fetcher (cannot check)
r009,Institut Supérieur des Biotechnologies de Paris,partner,Universidad Autonoma de Baja California,https://www.supbiotech.fr/international/partenaires/,Universidad Autonoma de Baja California,cited page was not read by the fetcher (cannot check)
r009,Institut Supérieur des Biotechnologies de Paris,partner,Universidad de Ingeniera y Tecnologia,https://www.supbiotech.fr/international/partenaires/,Universidad de Ingeniera y Tecnologia,cited page was not read by the fetcher (cannot check)
r009,Institut Supérieur des Biotechnologies de Paris,partner,University of Puerto Rico,https://www.supbiotech.fr/international/partenaires/,University of Puerto Rico,cited page was not read by the fetcher (cannot check)
r009,Institut Supérieur des Biotechnologies de Paris,partner,Bangkok University,https://www.supbiotech.fr/international/partenaires/,Bangkok University,cited page was not read by the fetcher (cannot check)
r009,Institut Supérieur des Biotechnologies de Paris,partner,Kasetsart University,https://www.supbiotech.fr/international/partenaires/,Kasetsart University,cited page was not read by the fetcher (cannot check)
r009,Institut Supérieur des Biotechnologies de Paris,partner,Mahidol University,https://www.supbiotech.fr/international/partenaires/,Mahidol University,cited page was not read by the fetcher (cannot check)
r009,Institut Supérieur des Biotechnologies de Paris,partner,Daffodil University,https://www.supbiotech.fr/international/partenaires/,Daffodil University,cited page was not read by the fetcher (cannot check)
r009,Institut Supérieur des Biotechnologies de Paris,partner,Feng Chia University,https://www.supbiotech.fr/international/partenaires/,Feng Chia University,cited page was not read by the fetcher (cannot check)
r009,Institut Supérieur des Biotechnologies de Paris,partner,Guangdong Technion-Israel Institute of Technology,https://www.supbiotech.fr/international/partenaires/,Guangdong Technion-Israel Institute of Technology,cited page was not read by the fetcher (cannot check)
r009,Institut Supérieur des Biotechnologies de Paris,partner,Guizou University,https://www.supbiotech.fr/international/partenaires/,Guizou University,cited page was not read by the fetcher (cannot check)
r009,Institut Supérieur des Biotechnologies de Paris,partner,Chungnam National University,https://www.supbiotech.fr/international/partenaires/,Chungnam National University,cited page was not read by the fetcher (cannot check)
r009,Institut Supérieur des Biotechnologies de Paris,partner,Inha University,https://www.supbiotech.fr/international/partenaires/,Inha University,cited page was not read by the fetcher (cannot check)
r009,Institut Supérieur des Biotechnologies de Paris,partner,Keimyung University,https://www.supbiotech.fr/international/partenaires/,Keimyung University,cited page was not read by the fetcher (cannot check)
r009,Institut Supérieur des Biotechnologies de Paris,partner,Korea University Sejong Campus,https://www.supbiotech.fr/international/partenaires/,Korea University Sejong Campus,cited page was not read by the fetcher (cannot check)
r009,Institut Supérieur des Biotechnologies de Paris,partner,Sejong University,https://www.supbiotech.fr/international/partenaires/,Sejong University,cited page was not read by the fetcher (cannot check)
r009,Institut Supérieur des Biotechnologies de Paris,partner,Sungkyunkwan University,https://www.supbiotech.fr/international/partenaires/,Sungkyunkwan University,cited page was not read by the fetcher (cannot check)
r009,Institut Supérieur des Biotechnologies de Paris,partner,Amity University,https://www.supbiotech.fr/international/partenaires/,Amity University,cited page was not read by the fetcher (cannot check)
r009,Institut Supérieur des Biotechnologies de Paris,partner,Chandigarh University,https://www.supbiotech.fr/international/partenaires/,Chandigarh University,cited page was not read by the fetcher (cannot check)
r009,Institut Supérieur des Biotechnologies de Paris,partner,Chitkara University,https://www.supbiotech.fr/international/partenaires/,Chitkara University,cited page was not read by the fetcher (cannot check)
r009,Institut Supérieur des Biotechnologies de Paris,partner,Hindustan University,https://www.supbiotech.fr/international/partenaires/,Hindustan University,cited page was not read by the fetcher (cannot check)
r009,Institut Supérieur des Biotechnologies de Paris,partner,Lovely Professional University,https://www.supbiotech.fr/international/partenaires/,Lovely Professional University,cited page was not read by the fetcher (cannot check)
r009,Institut Supérieur des Biotechnologies de Paris,partner,Manipal University,https://www.supbiotech.fr/international/partenaires/,Manipal University,cited page was not read by the fetcher (cannot check)
r009,Institut Supérieur des Biotechnologies de Paris,partner,Indonesia International Institute for Life Sciences (i3L),https://www.supbiotech.fr/international/partenaires/,Indonesia International Institute for Life Sciences (i3L),cited page was not read by the fetcher (cannot check)
r009,Institut Supérieur des Biotechnologies de Paris,partner,Institut Teknologi Sepuluh Nopember,https://www.supbiotech.fr/international/partenaires/,Institut Teknologi Sepuluh Nopember,cited page was not read by the fetcher (cannot check)
r009,Institut Supérieur des Biotechnologies de Paris,partner,Institut Pertanian Bogor,https://www.supbiotech.fr/international/partenaires/,Institut Pertanian Bogor,cited page was not read by the fetcher (cannot check)
r009,Institut Supérieur des Biotechnologies de Paris,partner,Technion Institute of Technology,https://www.supbiotech.fr/international/partenaires/,Technion Institute of Technology,cited page was not read by the fetcher (cannot check)
r009,Institut Supérieur des Biotechnologies de Paris,partner,Kansai University,https://www.supbiotech.fr/international/partenaires/,Kansai University,cited page was not read by the fetcher (cannot check)
r009,Institut Supérieur des Biotechnologies de Paris,partner,Swinburne University of Technology Sarawak Campus,https://www.supbiotech.fr/international/partenaires/,Swinburne University of Technology Sarawak Campus,cited page was not read by the fetcher (cannot check)
r009,Institut Supérieur des Biotechnologies de Paris,partner,University of Kuala Lumpur,https://www.supbiotech.fr/international/partenaires/,University of Kuala Lumpur,cited page was not read by the fetcher (cannot check)
r009,Institut Supérieur des Biotechnologies de Paris,partner,Universiti Putra Malaysia,https://www.supbiotech.fr/international/partenaires/,Universiti Putra Malaysia,cited page was not read by the fetcher (cannot check)
r009,Institut Supérieur des Biotechnologies de Paris,partner,Universiti Sains Malaysia,https://www.supbiotech.fr/international/partenaires/,Universiti Sains Malaysia,cited page was not read by the fetcher (cannot check)
r009,Institut Supérieur des Biotechnologies de Paris,partner,Singapore Institute of Technology,https://www.supbiotech.fr/international/partenaires/,Singapore Institute of Technology,cited page was not read by the fetcher (cannot check)
r009,Institut Supérieur des Biotechnologies de Paris,partner,AIC American International Campus,https://www.supbiotech.fr/international/partenaires/,AIC American International Campus,cited page was not read by the fetcher (cannot check)
r009,Institut Supérieur des Biotechnologies de Paris,partner,SLIIT University,https://www.supbiotech.fr/international/partenaires/,SLIIT University,cited page was not read by the fetcher (cannot check)
r009,Institut Supérieur des Biotechnologies de Paris,partner,National Chiao Tung University,https://www.supbiotech.fr/international/partenaires/,National Chiao Tung University,cited page was not read by the fetcher (cannot check)
r009,Institut Supérieur des Biotechnologies de Paris,partner,University of Taipei,https://www.supbiotech.fr/international/partenaires/,University of Taipei,cited page was not read by the fetcher (cannot check)
r009,Institut Supérieur des Biotechnologies de Paris,partner,Koç University,https://www.supbiotech.fr/international/partenaires/,Koç University,cited page was not read by the fetcher (cannot check)
r009,Institut Supérieur des Biotechnologies de Paris,partner,Sabanci University,https://www.supbiotech.fr/international/partenaires/,Sabanci University,cited page was not read by the fetcher (cannot check)
r009,Institut Supérieur des Biotechnologies de Paris,partner,Management Center Innsbruck,https://www.supbiotech.fr/international/partenaires/,Management Center Innsbruck,cited page was not read by the fetcher (cannot check)
r009,Institut Supérieur des Biotechnologies de Paris,partner,Haute École de la Province de Liège,https://www.supbiotech.fr/international/partenaires/,Haute École de la Province de Liège,cited page was not read by the fetcher (cannot check)
r009,Institut Supérieur des Biotechnologies de Paris,partner,Agricultural University Plovdiv – UNIgreen,https://www.supbiotech.fr/international/partenaires/,Agricultural University Plovdiv – UNIgreen,cited page was not read by the fetcher (cannot check)
r009,Institut Supérieur des Biotechnologies de Paris,partner,Aarhus university,https://www.supbiotech.fr/international/partenaires/,Aarhus university,cited page was not read by the fetcher (cannot check)
r009,Institut Supérieur des Biotechnologies de Paris,partner,Röskilde University,https://www.supbiotech.fr/international/partenaires/,Röskilde University,cited page was not read by the fetcher (cannot check)
r009,Institut Supérieur des Biotechnologies de Paris,partner,Centria University of Applied Sciences,https://www.supbiotech.fr/international/partenaires/,Centria University of Applied Sciences,cited page was not read by the fetcher (cannot check)
r009,Institut Supérieur des Biotechnologies de Paris,partner,Turku University of Applied Sciences,https://www.supbiotech.fr/international/partenaires/,Turku University of Applied Sciences,cited page was not read by the fetcher (cannot check)
r009,Institut Supérieur des Biotechnologies de Paris,partner,Hochschule Rhein-Waal,https://www.supbiotech.fr/international/partenaires/,Hochschule Rhein-Waal,cited page was not read by the fetcher (cannot check)
r009,Institut Supérieur des Biotechnologies de Paris,partner,Kiel University,https://www.supbiotech.fr/international/partenaires/,Kiel University,cited page was not read by the fetcher (cannot check)
r009,Institut Supérieur des Biotechnologies de Paris,partner,Universität Osnabrück,https://www.supbiotech.fr/international/partenaires/,Universität Osnabrück,cited page was not read by the fetcher (cannot check)
r009,Institut Supérieur des Biotechnologies de Paris,partner,Agricultural University of Iceland – UNIgreen,https://www.supbiotech.fr/international/partenaires/,Agricultural University of Iceland – UNIgreen,cited page was not read by the fetcher (cannot check)
r009,Institut Supérieur des Biotechnologies de Paris,partner,Dublin City University,https://www.supbiotech.fr/international/partenaires/,Dublin City University,cited page was not read by the fetcher (cannot check)
r009,Institut Supérieur des Biotechnologies de Paris,partner,Dundalk Institute of Technology,https://www.supbiotech.fr/international/partenaires/,Dundalk Institute of Technology,cited page was not read by the fetcher (cannot check)
r009,Institut Supérieur des Biotechnologies de Paris,partner,Institute of Technology Carlow,https://www.supbiotech.fr/international/partenaires/,Institute of Technology Carlow,cited page was not read by the fetcher (cannot check)
r009,Institut Supérieur des Biotechnologies de Paris,partner,University di Ferrara,https://www.supbiotech.fr/international/partenaires/,University di Ferrara,cited page was not read by the fetcher (cannot check)
r009,Institut Supérieur des Biotechnologies de Paris,partner,Unimore (Università degli Studi di Modena e Reggio Emilia) – UNIgreen,https://www.supbiotech.fr/international/partenaires/,Unimore (Università degli Studi di Modena e Reggio Emilia) – UNIgreen,cited page was not read by the fetcher (cannot check)
r009,Institut Supérieur des Biotechnologies de Paris,partner,Vilnius Gediminas Technical University,https://www.supbiotech.fr/international/partenaires/,Vilnius Gediminas Technical University,cited page was not read by the fetcher (cannot check)
r009,Institut Supérieur des Biotechnologies de Paris,partner,Radboud University Nijmegen,https://www.supbiotech.fr/international/partenaires/,Radboud University Nijmegen,cited page was not read by the fetcher (cannot check)
r009,Institut Supérieur des Biotechnologies de Paris,partner,Wageningen University,https://www.supbiotech.fr/international/partenaires/,Wageningen University,cited page was not read by the fetcher (cannot check)
r009,Institut Supérieur des Biotechnologies de Paris,partner,Nord University,https://www.supbiotech.fr/international/partenaires/,Nord University,cited page was not read by the fetcher (cannot check)
r009,Institut Supérieur des Biotechnologies de Paris,partner,Adam Mickiewicz University,https://www.supbiotech.fr/international/partenaires/,Adam Mickiewicz University,cited page was not read by the fetcher (cannot check)
r009,Institut Supérieur des Biotechnologies de Paris,partner,Uniwersytet Rolniczy w Krakowie,https://www.supbiotech.fr/international/partenaires/,Uniwersytet Rolniczy w Krakowie,cited page was not read by the fetcher (cannot check)
r009,Institut Supérieur des Biotechnologies de Paris,partner,Warsaw University of Life Sciences – UNIgreen,https://www.supbiotech.fr/international/partenaires/,Warsaw University of Life Sciences – UNIgreen,cited page was not read by the fetcher (cannot check)
r009,Institut Supérieur des Biotechnologies de Paris,partner,Instituto Politécnico de Bragança,https://www.supbiotech.fr/international/partenaires/,Instituto Politécnico de Bragança,cited page was not read by the fetcher (cannot check)
r009,Institut Supérieur des Biotechnologies de Paris,partner,Instituto Superior de Engenharia do Porto,https://www.supbiotech.fr/international/partenaires/,Instituto Superior de Engenharia do Porto,cited page was not read by the fetcher (cannot check)
r009,Institut Supérieur des Biotechnologies de Paris,partner,Polytechnic institute of Coimbra – UNIgreen,https://www.supbiotech.fr/international/partenaires/,Polytechnic institute of Coimbra – UNIgreen,cited page was not read by the fetcher (cannot check)
r009,Institut Supérieur des Biotechnologies de Paris,partner,Universidade Católica Portuguesa,https://www.supbiotech.fr/international/partenaires/,Universidade Católica Portuguesa,cited page was not read by the fetcher (cannot check)
r009,Institut Supérieur des Biotechnologies de Paris,partner,Universidade do Algarve,https://www.supbiotech.fr/international/partenaires/,Universidade do Algarve,cited page was not read by the fetcher (cannot check)
r009,Institut Supérieur des Biotechnologies de Paris,partner,Universidade dos Açores,https://www.supbiotech.fr/international/partenaires/,Universidade dos Açores,cited page was not read by the fetcher (cannot check)
r009,Institut Supérieur des Biotechnologies de Paris,partner,ITMO Univeristy,https://www.supbiotech.fr/international/partenaires/,ITMO Univeristy,cited page was not read by the fetcher (cannot check)
r009,Institut Supérieur des Biotechnologies de Paris,partner,Universidad de Almería,https://www.supbiotech.fr/international/partenaires/,Universidad de Almería,cited page was not read by the fetcher (cannot check)
r009,Institut Supérieur des Biotechnologies de Paris,partner,Universidad de Jaén,https://www.supbiotech.fr/international/partenaires/,Universidad de Jaén,cited page was not read by the fetcher (cannot check)
r009,Institut Supérieur des Biotechnologies de Paris,partner,Universidad CEU San Pablo,https://www.supbiotech.fr/international/partenaires/,Universidad CEU San Pablo,cited page was not read by the fetcher (cannot check)
r009,Institut Supérieur des Biotechnologies de Paris,partner,Universidad de Zaragoza,https://www.supbiotech.fr/international/partenaires/,Universidad de Zaragoza,cited page was not read by the fetcher (cannot check)
r009,Institut Supérieur des Biotechnologies de Paris,partner,Universitat Rovira I Virgili,https://www.supbiotech.fr/international/partenaires/,Universitat Rovira I Virgili,cited page was not read by the fetcher (cannot check)
r009,Institut Supérieur des Biotechnologies de Paris,partner,Bangor University,https://www.supbiotech.fr/international/partenaires/,Bangor University,cited page was not read by the fetcher (cannot check)
r009,Institut Supérieur des Biotechnologies de Paris,partner,Edinburgh Napier University,https://www.supbiotech.fr/international/partenaires/,Edinburgh Napier University,cited page was not read by the fetcher (cannot check)
r009,Institut Supérieur des Biotechnologies de Paris,partner,Heriot Watt,https://www.supbiotech.fr/international/partenaires/,Heriot Watt,cited page was not read by the fetcher (cannot check)
r009,Institut Supérieur des Biotechnologies de Paris,partner,Keele University,https://www.supbiotech.fr/international/partenaires/,Keele University,cited page was not read by the fetcher (cannot check)
r009,Institut Supérieur des Biotechnologies de Paris,partner,University of Dundee,https://www.supbiotech.fr/international/partenaires/,University of Dundee,cited page was not read by the fetcher (cannot check)
r009,Institut Supérieur des Biotechnologies de Paris,partner,University of East London,https://www.supbiotech.fr/international/partenaires/,University of East London,cited page was not read by the fetcher (cannot check)
r009,Institut Supérieur des Biotechnologies de Paris,partner,University of Essex,https://www.supbiotech.fr/international/partenaires/,University of Essex,cited page was not read by the fetcher (cannot check)
r009,Institut Supérieur des Biotechnologies de Paris,partner,University of Sussex,https://www.supbiotech.fr/international/partenaires/,University of Sussex,cited page was not read by the fetcher (cannot check)
r009,Institut Supérieur des Biotechnologies de Paris,partner,Auckland University of Technology,https://www.supbiotech.fr/international/partenaires/,Auckland University of Technology,cited page was not read by the fetcher (cannot check)
r009,Institut Supérieur des Biotechnologies de Paris,partner,Griffith University,https://www.supbiotech.fr/international/partenaires/,Griffith University,cited page was not read by the fetcher (cannot check)
r009,Institut Supérieur des Biotechnologies de Paris,partner,Macquarie University,https://www.supbiotech.fr/international/partenaires/,Macquarie University,cited page was not read by the fetcher (cannot check)
r009,Institut Supérieur des Biotechnologies de Paris,partner,Monash University,https://www.supbiotech.fr/international/partenaires/,Monash University,cited page was not read by the fetcher (cannot check)
r009,Institut Supérieur des Biotechnologies de Paris,partner,Royal Melbourne Institute of Technology,https://www.supbiotech.fr/international/partenaires/,Royal Melbourne Institute of Technology,cited page was not read by the fetcher (cannot check)
r009,Institut Supérieur des Biotechnologies de Paris,partner,Swinburne,https://www.supbiotech.fr/international/partenaires/,Swinburne,cited page was not read by the fetcher (cannot check)
r009,Institut Supérieur des Biotechnologies de Paris,partner,University of Queensland,https://www.supbiotech.fr/international/partenaires/,[University of Queensland],cited page was not read by the fetcher (cannot check)
r009,Institut Supérieur des Biotechnologies de Paris,partner,EPITA,https://www.supbiotech.fr/,"Une formation de deux ans qui réconcilie nouvelles technologies et sciences de la vie ! Conçu 100 % en alternance et en partenariat avec l’EPITA et l’ESME, ce Master of Science, accessible après un bac+3, forme les futurs experts de la bio-informatique.",cited page was not read by the fetcher (cannot check)
r009,Institut Supérieur des Biotechnologies de Paris,partner,ESME,https://www.supbiotech.fr/,"Une formation de deux ans qui réconcilie nouvelles technologies et sciences de la vie ! Conçu 100 % en alternance et en partenariat avec l’EPITA et l’ESME, ce Master of Science, accessible après un bac+3, forme les futurs experts de la bio-informatique.",cited page was not read by the fetcher (cannot check)
r009,Institut Supérieur des Biotechnologies de Paris,partner,unigreen,https://www.supbiotech.fr/,[footer-logo-unigreen],cited page was not read by the fetcher (cannot check)
r009,Institut Supérieur des Biotechnologies de Paris,partner,IONIS Education Group,https://www.supbiotech.fr/,Établissement privé d’enseignement supérieur technique – Inscription au rectorat de Créteil – Sup’Biotech est membre de IONIS Education Group comme :,cited page was not read by the fetcher (cannot check)
r009,Institut Supérieur des Biotechnologies de Paris,partner,Medicen Paris,https://www.supbiotech.fr/ecole-ingenieurs-biotechnologies/paris/,"Depuis 2004, SupBiotech Paris est idéalement situé à Villejuif, au cœur de la Biotech Valley, une zone dédiée aux sciences de la vie. Ce cluster dynamique regroupe des entreprises, des laboratoires de recherche, et des institutions prestigieuses comme Medicen Paris, le Villejuif Bio Park, l’incubateur Creative Valley, ainsi que le Génopole d’Évry, leader en recherche génomique.",cited page was not read by the fetcher (cannot check)
r009,Institut Supérieur des Biotechnologies de Paris,partner,Villejuif Bio Park,https://www.supbiotech.fr/ecole-ingenieurs-biotechnologies/paris/,"Depuis 2004, SupBiotech Paris est idéalement situé à Villejuif, au cœur de la Biotech Valley, une zone dédiée aux sciences de la vie. Ce cluster dynamique regroupe des entreprises, des laboratoires de recherche, et des institutions prestigieuses comme Medicen Paris, le Villejuif Bio Park, l’incubateur Creative Valley, ainsi que le Génopole d’Évry, leader en recherche génomique.",cited page was not read by the fetcher (cannot check)
r009,Institut Supérieur des Biotechnologies de Paris,partner,Creative Valley,https://www.supbiotech.fr/ecole-ingenieurs-biotechnologies/paris/,"Depuis 2004, SupBiotech Paris est idéalement situé à Villejuif, au cœur de la Biotech Valley, une zone dédiée aux sciences de la vie. Ce cluster dynamique regroupe des entreprises, des laboratoires de recherche, et des institutions prestigieuses comme Medicen Paris, le Villejuif Bio Park, l’incubateur Creative Valley, ainsi que le Génopole d’Évry, leader en recherche génomique.",cited page was not read by the fetcher (cannot check)
r009,Institut Supérieur des Biotechnologies de Paris,partner,Génopole d’Évry,https://www.supbiotech.fr/ecole-ingenieurs-biotechnologies/paris/,"Depuis 2004, SupBiotech Paris est idéalement situé à Villejuif, au cœur de la Biotech Valley, une zone dédiée aux sciences de la vie. Ce cluster dynamique regroupe des entreprises, des laboratoires de recherche, et des institutions prestigieuses comme Medicen Paris, le Villejuif Bio Park, l’incubateur Creative Valley, ainsi que le Génopole d’Évry, leader en recherche génomique.",cited page was not read by the fetcher (cannot check)
r009,Institut Supérieur des Biotechnologies de Paris,partner,Innov’Heat,https://www.supbiotech.fr/ecole-ingenieurs-biotechnologies/paris/,"La vie associative de SupBiotech Paris offre aux étudiants de nombreuses opportunités de s’engager. Avec des associations allant du sport et des arts à l’innovation alimentaire (Innov’Heat) ou à l’écologie (BioCampus), chaque étudiant peut développer des compétences essentielles, comme le leadership et le sens des responsabilités, tout en enrichissant son parcours personnel.",cited page was not read by the fetcher (cannot check)
r009,Institut Supérieur des Biotechnologies de Paris,partner,BioCampus,https://www.supbiotech.fr/ecole-ingenieurs-biotechnologies/paris/,"La vie associative de SupBiotech Paris offre aux étudiants de nombreuses opportunités de s’engager. Avec des associations allant du sport et des arts à l’innovation alimentaire (Innov’Heat) ou à l’écologie (BioCampus), chaque étudiant peut développer des compétences essentielles, comme le leadership et le sens des responsabilités, tout en enrichissant son parcours personnel.",cited page was not read by the fetcher (cannot check)
r009,Institut Supérieur des Biotechnologies de Paris,partner,Université de Technologie de Compiègne,https://www.supbiotech.fr/ecole-ingenieurs-biotechnologies/equipe/,Docteur en Biochimie de l’Université de Technologie de Compiègne (UTC),cited page was not read by the fetcher (cannot check)
r009,Institut Supérieur des Biotechnologies de Paris,partner,Université Joseph Fourier,https://www.supbiotech.fr/ecole-ingenieurs-biotechnologies/equipe/,Docteur en Physiopathologie de l’Université Joseph Fourier (Grenoble),cited page was not read by the fetcher (cannot check)
r009,Institut Supérieur des Biotechnologies de Paris,partner,INSA,https://www.supbiotech.fr/ecole-ingenieurs-biotechnologies/equipe/,"Docteur en Biochimie Université Paris 11, ingénieur INSA",cited page was not read by the fetcher (cannot check)
r009,Institut Supérieur des Biotechnologies de Paris,partner,Université Pierre et Marie Curie,https://www.supbiotech.fr/ecole-ingenieurs-biotechnologies/equipe/,"Docteur en sciences, DEA physiopathologie cellulaire et moléculaire de l’Université Pierre et Marie Curie (Paris)",cited page was not read by the fetcher (cannot check)
r009,Institut Supérieur des Biotechnologies de Paris,partner,CEA-SEPIA,https://www.supbiotech.fr/ecole-ingenieurs-biotechnologies/equipe/,Responsable du Laboratoire partenarial CellTechs SupBiotech / CEA-SEPIA,cited page was not read by the fetcher (cannot check)
r009,Institut Supérieur des Biotechnologies de Paris,campus,SupBiotech Paris,https://www.supbiotech.fr/ecole-ingenieurs-biotechnologies/paris/,66 rue Guy Môquet,cited page was not read by the fetcher (cannot check)
r009,Institut Supérieur des Biotechnologies de Paris,campus,SupBiotech Lyon,https://www.supbiotech.fr/ecole-ingenieurs-biotechnologies/lyon/,16 rue Jean-Marie Leclair,cited page was not read by the fetcher (cannot check)
r010,VELEUCILISTE S PRAVOM JAVNOSTI BALTAZAR ZAPRESIC,contact,Kristina Đolo Labus,https://www.bak.hr/medunarodna-suradnja/staff-mobility/,Erasmus+ coordinator and Head of the International relations office: ... Kristina Đolo Labus,cited page was not read by the fetcher (cannot check)
r010,VELEUCILISTE S PRAVOM JAVNOSTI BALTAZAR ZAPRESIC,partner,University School Mediterrani,https://www.bak.hr/iskustva-s-erasmusa/semestar-u-suncanoj-spanjolskoj-zahvaljujuci-erasmus-studentskoj-mobilnosti/,"Student Projektnog menadžmenta Adriano Bojko imao je priliku provesti ljetni semestar na University School Mediterrani u Španjolskoj u sklopu Erasmus+ studentske mobilnosti. Nakon povratka, Adriano s velikim entuzijazmom dijeli svoje dojmove o prvom međunarodnom iskustvu:",cited page was not read by the fetcher (cannot check)
r010,VELEUCILISTE S PRAVOM JAVNOSTI BALTAZAR ZAPRESIC,partner,Fakultet za poslovnu ekonomiju i pravo u Baru,https://www.bak.hr/medunarodna-suradnja/erasmus-iskustva/,"Gostovanje prof. Dafne Vidanec na Fakultetu za poslovnu ekonomiju i pravo u Baru, Crna Gora",cited page was not read by the fetcher (cannot check)
r010,VELEUCILISTE S PRAVOM JAVNOSTI BALTAZAR ZAPRESIC,partner,Fakultet masovnih medija i komunikacija,https://www.bak.hr/medunarodna-suradnja/erasmus-iskustva/,Voditeljica studija Informacijske tehnologije dr. sc. Alisa Bilal Zorić posjetila Fakultet masovnih medija i komunikacija u Slovačkoj,cited page was not read by the fetcher (cannot check)
r010,VELEUCILISTE S PRAVOM JAVNOSTI BALTAZAR ZAPRESIC,campus,Veleučilište Baltazar Zaprešić,https://www.bak.hr/,Zaprešić,cited page was not read by the fetcher (cannot check)
r012,"Codarts, University for the Arts",contact,Agesilaou Nicoletta,https://cityu.ac.cy/home/erasmus/erasmus-mobility/outgoing-staff/,Erasmus Coordinator – Ms. Agesilaou Nicoletta,cited page was not read by the fetcher (cannot check)
r012,"Codarts, University for the Arts",partner,"Arab Academy for Science, Technology and Maritime Transport (AASTMT)",https://cityu.ac.cy/home/erasmus/erasmus-mobility/outgoing-staff/,"Egypt | Arab Academy for Science, Technology and Maritime Transport (AASTMT) | 2020-2022 | 2 | 2 |",cited page was not read by the fetcher (cannot check)
r012,"Codarts, University for the Arts",partner,Universal Business School,https://cityu.ac.cy/home/erasmus/erasmus-mobility/outgoing-staff/,India | Universal Business School | 2020-2022 | 1 | 1 |,cited page was not read by the fetcher (cannot check)
r012,"Codarts, University for the Arts",partner,Modern University for Business and Science,https://cityu.ac.cy/home/erasmus/erasmus-mobility/outgoing-staff/,Lebanon | Modern University for Business and Science | 2020-2022 | 2 | 2 |,cited page was not read by the fetcher (cannot check)
r012,"Codarts, University for the Arts",partner,HOTEL SCHOOL hotel Management College,https://cityu.ac.cy/home/erasmus/erasmus-key-action-ii/,"Together with our partners HOTEL SCHOOL hotel Management College (Latvia), Dania Academy (Denmark), DigitalGuest APS (Sweden), INERCIA DIGITAL SL (Spain) and Italian Hospitality School SRL (Italy) we are currently working on creating unique learning and teaching tools for sustainable hospitality digitalisation.",cited page was not read by the fetcher (cannot check)
r012,"Codarts, University for the Arts",partner,Dania Academy,https://cityu.ac.cy/home/erasmus/erasmus-key-action-ii/,"Together with our partners HOTEL SCHOOL hotel Management College (Latvia), Dania Academy (Denmark), DigitalGuest APS (Sweden), INERCIA DIGITAL SL (Spain) and Italian Hospitality School SRL (Italy) we are currently working on creating unique learning and teaching tools for sustainable hospitality digitalisation.",cited page was not read by the fetcher (cannot check)
r012,"Codarts, University for the Arts",partner,DigitalGuest APS,https://cityu.ac.cy/home/erasmus/erasmus-key-action-ii/,"Together with our partners HOTEL SCHOOL hotel Management College (Latvia), Dania Academy (Denmark), DigitalGuest APS (Sweden), INERCIA DIGITAL SL (Spain) and Italian Hospitality School SRL (Italy) we are currently working on creating unique learning and teaching tools for sustainable hospitality digitalisation.",cited page was not read by the fetcher (cannot check)
r012,"Codarts, University for the Arts",partner,INERCIA DIGITAL SL,https://cityu.ac.cy/home/erasmus/erasmus-key-action-ii/,"Together with our partners HOTEL SCHOOL hotel Management College (Latvia), Dania Academy (Denmark), DigitalGuest APS (Sweden), INERCIA DIGITAL SL (Spain) and Italian Hospitality School SRL (Italy) we are currently working on creating unique learning and teaching tools for sustainable hospitality digitalisation.",cited page was not read by the fetcher (cannot check)
r012,"Codarts, University for the Arts",partner,Italian Hospitality School SRL,https://cityu.ac.cy/home/erasmus/erasmus-key-action-ii/,"Together with our partners HOTEL SCHOOL hotel Management College (Latvia), Dania Academy (Denmark), DigitalGuest APS (Sweden), INERCIA DIGITAL SL (Spain) and Italian Hospitality School SRL (Italy) we are currently working on creating unique learning and teaching tools for sustainable hospitality digitalisation.",cited page was not read by the fetcher (cannot check)
r012,"Codarts, University for the Arts",partner,Cardiff Met,https://cityu.ac.cy/,BA (Hons) in Business and Management (Cardiff Met),cited page was not read by the fetcher (cannot check)
r012,"Codarts, University for the Arts",partner,Varna Free University,https://cityu.ac.cy/,"Η απόκτηση ενός Μεταπτυχιακού στη Διοίκηση Επιχειρήσεων ήταν προσωπικός στόχος, από τότε που αποφοίτησα από το Varna Free University (BSc: Engineer in Fire Safety and Population Protection). Ένας από τους κύριους λόγους που με έκαναν να επιλέξω το MBA του Cardiff Metropolitan University, ήταν η ευελιξία που μου παρείχε να μπορώ να σπουδάζω και να εργάζομαι παράλληλα ως εκπρόσωπος Τύπου της Πυροσβεστικής Υπηρεσίας Κύπρου. Όταν ξεκίνησα το MBA, είχα ήδη μια σημαντική εργασιακή θέση και εμπειρια. Τ",cited page was not read by the fetcher (cannot check)
r012,"Codarts, University for the Arts",partner,Cardiff Metropolitan University,https://cityu.ac.cy/,"Η απόκτηση ενός Μεταπτυχιακού στη Διοίκηση Επιχειρήσεων ήταν προσωπικός στόχος, από τότε που αποφοίτησα από το Varna Free University (BSc: Engineer in Fire Safety and Population Protection). Ένας από τους κύριους λόγους που με έκαναν να επιλέξω το MBA του Cardiff Metropolitan University, ήταν η ευελιξία που μου παρείχε να μπορώ να σπουδάζω και να εργάζομαι παράλληλα ως εκπρόσωπος Τύπου της Πυροσβεστικής Υπηρεσίας Κύπρου. Όταν ξεκίνησα το MBA, είχα ήδη μια σημαντική εργασιακή θέση και εμπειρια. Τ",cited page was not read by the fetcher (cannot check)
r012,"Codarts, University for the Arts",campus,Main Building,https://cityu.ac.cy/,19 Stasinou Street,cited page was not read by the fetcher (cannot check)
r012,"Codarts, University for the Arts",campus,Student Affairs,https://cityu.ac.cy/,23 Alkaiou Street,cited page was not read by the fetcher (cannot check)
r012,"Codarts, University for the Arts",campus,International Centre,https://cityu.ac.cy/,21 Alkaiou Street,cited page was not read by the fetcher (cannot check)
r012,"Codarts, University for the Arts",campus,Nicosia Institute of Culinary Education,https://cityu.ac.cy/,22 Alkaiou Street,cited page was not read by the fetcher (cannot check)
r013,Tomori Pal College,contact,Dr. Nemes László,https://tpfk.hu/tudomanyos-elet/polanyi-karoly-szakkollegium/,"Dr. Nemes László egyetemi docens, tudományos rektorhelyettes (nemes(pont)laszlo(kukac)tpfk.hu)",cited page was not read by the fetcher (cannot check)
r013,Tomori Pal College,partner,VIVES Univerity of Applied Sciences,https://tpfk.hu/erasmus/partnerintezmenyek/,VIVES Univerity of Applied Sciences,cited page was not read by the fetcher (cannot check)
r013,Tomori Pal College,partner,Brno University of Technology,https://tpfk.hu/erasmus/partnerintezmenyek/,Brno University of Technology,cited page was not read by the fetcher (cannot check)
r013,Tomori Pal College,partner,University of Economics and Management Prague,https://tpfk.hu/erasmus/partnerintezmenyek/,University of Economics and Management Prague,cited page was not read by the fetcher (cannot check)
r013,Tomori Pal College,partner,Eklya School of Business,https://tpfk.hu/erasmus/partnerintezmenyek/,Eklya School of Business,cited page was not read by the fetcher (cannot check)
r013,Tomori Pal College,partner,Alexander Technological Educational Institute of Thessaloniki,https://tpfk.hu/erasmus/partnerintezmenyek/,Alexander Technological Educational Institute of Thessaloniki​,cited page was not read by the fetcher (cannot check)
r013,Tomori Pal College,partner,Polytechnic Institute of Santarém,https://tpfk.hu/erasmus/partnerintezmenyek/,Polytechnic Institute of Santarém​,cited page was not read by the fetcher (cannot check)
r013,Tomori Pal College,partner,State Higher Vocational School in Nowy Sacz,https://tpfk.hu/erasmus/partnerintezmenyek/,State Higher Vocational School in Nowy Sacz​,cited page was not read by the fetcher (cannot check)
r013,Tomori Pal College,partner,State Higher Vocational School in Raciborz,https://tpfk.hu/erasmus/partnerintezmenyek/,State Higher Vocational School in Raciborz,cited page was not read by the fetcher (cannot check)
r013,Tomori Pal College,partner,Alexandru Ioan Cuza University of Iasi,https://tpfk.hu/erasmus/partnerintezmenyek/,Alexandru Ioan Cuza University of Iasi​,cited page was not read by the fetcher (cannot check)
r013,Tomori Pal College,partner,Partium Christian University,https://tpfk.hu/erasmus/partnerintezmenyek/,Partium Christian University,cited page was not read by the fetcher (cannot check)
r013,Tomori Pal College,partner,West University of Timisora,https://tpfk.hu/erasmus/partnerintezmenyek/,West University of Timisora,cited page was not read by the fetcher (cannot check)
r013,Tomori Pal College,partner,Banat's University of Agricultural Science and Veterinary Medicine King Michael I of Romania of Timisora,https://tpfk.hu/erasmus/partnerintezmenyek/,"Banat's University of Agricultural Science and Veterinary Medicine ""King Michael I of Romania"" of Timisora",cited page was not read by the fetcher (cannot check)
r013,Tomori Pal College,partner,Ibrahim Cecen University of Agri,https://tpfk.hu/erasmus/partnerintezmenyek/,Ibrahim Cecen University of Agri,cited page was not read by the fetcher (cannot check)
r013,Tomori Pal College,partner,Atatürk University,https://tpfk.hu/erasmus/partnerintezmenyek/,Atatürk University​,cited page was not read by the fetcher (cannot check)
r013,Tomori Pal College,partner,Okan University,https://tpfk.hu/erasmus/partnerintezmenyek/,Okan University,cited page was not read by the fetcher (cannot check)
r013,Tomori Pal College,partner,Istanbul Aydin University,https://tpfk.hu/erasmus/partnerintezmenyek/,Istanbul Aydin University,cited page was not read by the fetcher (cannot check)
r013,Tomori Pal College,partner,Beykoz University,https://tpfk.hu/erasmus/partnerintezmenyek/,Beykoz University,cited page was not read by the fetcher (cannot check)
r013,Tomori Pal College,partner,Istanbul Topkapi University (Istanbul Ayvansaray University),https://tpfk.hu/erasmus/partnerintezmenyek/,Istanbul Topkapi University (Istanbul Ayvansaray University),cited page was not read by the fetcher (cannot check)
r013,Tomori Pal College,partner,Ondokuz Mayis University,https://tpfk.hu/erasmus/partnerintezmenyek/,Ondokuz Mayis University,cited page was not read by the fetcher (cannot check)
r013,Tomori Pal College,partner,University of Presov,https://tpfk.hu/erasmus/partnerintezmenyek/,University of Presov,cited page was not read by the fetcher (cannot check)
r013,Tomori Pal College,partner,College of Applied Sciences 'Lavoslav Ruzick' in Vukovar,https://tpfk.hu/erasmus/partnerintezmenyek/,College of Applied Sciences 'Lavoslav Ruzick' in Vukovar,cited page was not read by the fetcher (cannot check)
r013,Tomori Pal College,partner,Çankırı Karatekin University,https://tpfk.hu/erasmus/partnerintezmenyek/,Çankırı Karatekin University,cited page was not read by the fetcher (cannot check)
r013,Tomori Pal College,partner,Hasan Kalyoncu University,https://tpfk.hu/erasmus/partnerintezmenyek/,Hasan Kalyoncu University,cited page was not read by the fetcher (cannot check)
r013,Tomori Pal College,partner,Kocaeli University,https://tpfk.hu/erasmus/partnerintezmenyek/,Kocaeli University,cited page was not read by the fetcher (cannot check)
r013,Tomori Pal College,partner,International University of Sarajevo,https://tpfk.hu/erasmus/partnerintezmenyek/,International University of Sarajevo,cited page was not read by the fetcher (cannot check)
r013,Tomori Pal College,partner,"Banat's University of Agricultural Science and Veterinary Medicine ""King Michael I of Romania"" of Timisora",https://tpfk.hu/erasmus/partnerintezmenyek/,"Banat's University of Agricultural Science and Veterinary Medicine ""King Michael I of Romania"" of Timisora",cited page was not read by the fetcher (cannot check)
r013,Tomori Pal College,campus,Budapest Campus,https://tpfk.hu/budapest-campus/,"1223 Budapest, Művelődés utca 21.",cited page was not read by the fetcher (cannot check)
r013,Tomori Pal College,campus,Kecskemét Campus,https://tpfk.hu/kecskemet-campus/,"6000 Kecskemét, Árpád krt. 4.",cited page was not read by the fetcher (cannot check)
r014,IPAC,partner,L'armée de l'air,https://www.ipac-france.com/,"L'IPAC et l'armée de l'air, un partenariat engagé",cited page was not read by the fetcher (cannot check)
r014,IPAC,partner,ILSC Greystone Collège,https://www.ipac-france.com/universites-partenaires,"ILSC Greystone Collège, Vancouver",cited page was not read by the fetcher (cannot check)
r014,IPAC,partner,ULACIT,https://www.ipac-france.com/universites-partenaires,"ULACIT, San José",cited page was not read by the fetcher (cannot check)
r014,IPAC,partner,Anahuac,https://www.ipac-france.com/universites-partenaires,"Anahuac, Cancun",cited page was not read by the fetcher (cannot check)
r014,IPAC,partner,Universidad de Leon,https://www.ipac-france.com/universites-partenaires,"Universidad de Leon, Leon",cited page was not read by the fetcher (cannot check)
r014,IPAC,partner,MIM Manhattan institute of management,https://www.ipac-france.com/universites-partenaires,"MIM Manhattan institute of management, New York",cited page was not read by the fetcher (cannot check)
r014,IPAC,partner,Hillsborough Community College,https://www.ipac-france.com/universites-partenaires,"Hillsborough Community College, Tampa",cited page was not read by the fetcher (cannot check)
r014,IPAC,partner,Santa Barbara city College,https://www.ipac-france.com/universites-partenaires,"Santa Barbara city College, Santa Barbara",cited page was not read by the fetcher (cannot check)
r014,IPAC,partner,Fullerton California state uni,https://www.ipac-france.com/universites-partenaires,"Fullerton California state uni, Fullerton",cited page was not read by the fetcher (cannot check)
r014,IPAC,partner,Berkeley College,https://www.ipac-france.com/universites-partenaires,"Berkeley College, New York",cited page was not read by the fetcher (cannot check)
r014,IPAC,partner,San Francisco State University,https://www.ipac-france.com/universites-partenaires,"San Francisco State University, San Francisco",cited page was not read by the fetcher (cannot check)
r014,IPAC,partner,San Diego State,https://www.ipac-france.com/universites-partenaires,"San Diego State, San Diego",cited page was not read by the fetcher (cannot check)
r014,IPAC,partner,Solbridge Business School,https://www.ipac-france.com/universites-partenaires,"Solbridge Business School, Deajeon",cited page was not read by the fetcher (cannot check)
r014,IPAC,partner,Endicott Collège of International Studies,https://www.ipac-france.com/universites-partenaires,"Endicott Collège of International Studies, Deajeon",cited page was not read by the fetcher (cannot check)
r014,IPAC,partner,Hankuk University of Foreign Studies,https://www.ipac-france.com/universites-partenaires,"Hankuk University of Foreign Studies, Seoul",cited page was not read by the fetcher (cannot check)
r014,IPAC,partner,Temple University,https://www.ipac-france.com/universites-partenaires,"Temple University, Tokyo",cited page was not read by the fetcher (cannot check)
r014,IPAC,partner,Unika Atma Jaya,https://www.ipac-france.com/universites-partenaires,"Unika Atma Jaya, Jakarta",cited page was not read by the fetcher (cannot check)
r014,IPAC,partner,Kasetsart Uni,https://www.ipac-france.com/universites-partenaires,"Kasetsart Uni, Bangkok",cited page was not read by the fetcher (cannot check)
r014,IPAC,partner,Hochschule Kempten,https://www.ipac-france.com/universites-partenaires,"Hochschule Kempten, Kempten",cited page was not read by the fetcher (cannot check)
r014,IPAC,partner,American University of Richmond,https://www.ipac-france.com/universites-partenaires,"American University of Richmond, Londres",cited page was not read by the fetcher (cannot check)
r014,IPAC,partner,UCB,https://www.ipac-france.com/universites-partenaires,"UCB, Birmingham",cited page was not read by the fetcher (cannot check)
r014,IPAC,partner,Coventry University,https://www.ipac-france.com/universites-partenaires,"Coventry University, Coventry",cited page was not read by the fetcher (cannot check)
r014,IPAC,partner,IMC,https://www.ipac-france.com/universites-partenaires,"IMC, Krems",cited page was not read by the fetcher (cannot check)
r014,IPAC,partner,FH Kufstein Tirol,https://www.ipac-france.com/universites-partenaires,"FH Kufstein Tirol, Kufstein",cited page was not read by the fetcher (cannot check)
r014,IPAC,partner,HSSE,https://www.ipac-france.com/universites-partenaires,"HSSE, Plovdiv",cited page was not read by the fetcher (cannot check)
r014,IPAC,partner,Neapolis University Paphos,https://www.ipac-france.com/universites-partenaires,"Neapolis University Paphos, Paphos",cited page was not read by the fetcher (cannot check)
r014,IPAC,partner,Uni Huelva,https://www.ipac-france.com/universites-partenaires,"Uni Huelva, Huelva",cited page was not read by the fetcher (cannot check)
r014,IPAC,partner,Uvic,https://www.ipac-france.com/universites-partenaires,"Uvic, Barcelone",cited page was not read by the fetcher (cannot check)
r014,IPAC,partner,HAMK University,https://www.ipac-france.com/universites-partenaires,"HAMK University, Valkeaoski",cited page was not read by the fetcher (cannot check)
r014,IPAC,partner,IBSU,https://www.ipac-france.com/universites-partenaires,"IBSU, Tbilisi",cited page was not read by the fetcher (cannot check)
r014,IPAC,partner,IBS,https://www.ipac-france.com/universites-partenaires,"IBS, Budapest",cited page was not read by the fetcher (cannot check)
r014,IPAC,partner,American College,https://www.ipac-france.com/universites-partenaires,"American College, Dublin",cited page was not read by the fetcher (cannot check)
r014,IPAC,partner,Griffith College,https://www.ipac-france.com/universites-partenaires,"Griffith College, Dublin",cited page was not read by the fetcher (cannot check)
r014,IPAC,partner,MTU Kerry,https://www.ipac-france.com/universites-partenaires,"MTU Kerry, Tralee",cited page was not read by the fetcher (cannot check)
r014,IPAC,partner,Università Carlo Cattaneo LIUC,https://www.ipac-france.com/universites-partenaires,"Università Carlo Cattaneo LIUC, Castellanza",cited page was not read by the fetcher (cannot check)
r014,IPAC,partner,International University,https://www.ipac-france.com/universites-partenaires,"International University, Rome",cited page was not read by the fetcher (cannot check)
r014,IPAC,partner,LUMSA Università,https://www.ipac-france.com/universites-partenaires,"LUMSA Università, Rome",cited page was not read by the fetcher (cannot check)
r014,IPAC,partner,Kauno Kolegija,https://www.ipac-france.com/universites-partenaires,"Kauno Kolegija, Kaunas",cited page was not read by the fetcher (cannot check)
r014,IPAC,partner,INN,https://www.ipac-france.com/universites-partenaires,"INN, Lillehammer",cited page was not read by the fetcher (cannot check)
r014,IPAC,partner,Hanze Hogeschool,https://www.ipac-france.com/universites-partenaires,"Hanze Hogeschool, Groningen",cited page was not read by the fetcher (cannot check)
r014,IPAC,partner,Universidade Europeia,https://www.ipac-france.com/universites-partenaires,"Universidade Europeia, Lisbonne",cited page was not read by the fetcher (cannot check)
r014,IPAC,partner,IPP,https://www.ipac-france.com/universites-partenaires,"IPP, Porto",cited page was not read by the fetcher (cannot check)
r014,IPAC,partner,IPS,https://www.ipac-france.com/universites-partenaires,"IPS, Setubal",cited page was not read by the fetcher (cannot check)
r014,IPAC,partner,Vysoká Škola Finančí a Správní,https://www.ipac-france.com/universites-partenaires,"Vysoká Škola Finančí a Správní, Prague",cited page was not read by the fetcher (cannot check)
r014,IPAC,partner,CEVRO University,https://www.ipac-france.com/universites-partenaires,"CEVRO University, Prague",cited page was not read by the fetcher (cannot check)
r014,IPAC,partner,University of New York in Prague,https://www.ipac-france.com/universites-partenaires,"University of New York in Prague, Prague",cited page was not read by the fetcher (cannot check)
r014,IPAC,partner,Charles University Faculty of Physical Education and Sport,https://www.ipac-france.com/universites-partenaires,"Charles University Faculty of Physical Education and Sport , Prague",cited page was not read by the fetcher (cannot check)
r014,IPAC,partner,Edith Cowan University,https://www.ipac-france.com/universites-partenaires,"Edith Cowan University, Perth",cited page was not read by the fetcher (cannot check)
r014,IPAC,partner,Alliance Eduservices,https://www.ipac-france.com/ecoles-du-groupe-eduservices,L'alliance Eduservices,cited page was not read by the fetcher (cannot check)
r014,IPAC,partner,escadrille air jeunesse,https://www.ipac-france.com/,L'IPAC accueille la première rentrée de l'escadrille air jeunesse à Chambéry,cited page was not read by the fetcher (cannot check)
r014,IPAC,partner,Maped,https://www.ipac-france.com/,[Logo_Maped],cited page was not read by the fetcher (cannot check)
r014,IPAC,partner,Decathlon,https://www.ipac-france.com/,[Logo_Decathlon],cited page was not read by the fetcher (cannot check)
r014,IPAC,partner,Ministère de l'Armée,https://www.ipac-france.com/,[Logo_MinistèreArmée],cited page was not read by the fetcher (cannot check)
r014,IPAC,partner,UTMB,https://www.ipac-france.com/,[Logo_UTMB],cited page was not read by the fetcher (cannot check)
r014,IPAC,partner,NTN,https://www.ipac-france.com/,[Logo_NTN],cited page was not read by the fetcher (cannot check)
r014,IPAC,partner,Salomon,https://www.ipac-france.com/,[Logo_Salomon],cited page was not read by the fetcher (cannot check)
r014,IPAC,partner,Somfy,https://www.ipac-france.com/,[Logo_Somfy],cited page was not read by the fetcher (cannot check)
r014,IPAC,partner,Migros,https://www.ipac-france.com/,[Logo_Migros],cited page was not read by the fetcher (cannot check)
r014,IPAC,partner,Foncia,https://www.ipac-france.com/,[Logo_Foncia],cited page was not read by the fetcher (cannot check)
r014,IPAC,partner,Fournier,https://www.ipac-france.com/,[Logo_Fournier],cited page was not read by the fetcher (cannot check)
r014,IPAC,partner,Baouw,https://www.ipac-france.com/tous-les-partenaires,RESPONSABLE E-COMMERCE & MARKETING DIGITAL CHEZ BAOUW,cited page was not read by the fetcher (cannot check)
r014,IPAC,partner,Cimalpes,https://www.ipac-france.com/tous-les-partenaires,DIRECTRICE DES RESSOURCES HUMAINES CHEZ CIMALPES,cited page was not read by the fetcher (cannot check)
r014,IPAC,partner,Netdev,https://www.ipac-france.com/tous-les-partenaires,ALUMNI ET CHEFFE DE PROJET CHEZ NETDEV,cited page was not read by the fetcher (cannot check)
r014,IPAC,partner,Allianz,https://www.ipac-france.com/tous-les-partenaires,[Logo_Allianz],cited page was not read by the fetcher (cannot check)
r014,IPAC,partner,Arkema,https://www.ipac-france.com/tous-les-partenaires,[Logo_Arkema],cited page was not read by the fetcher (cannot check)
r014,IPAC,partner,ATMB,https://www.ipac-france.com/tous-les-partenaires,[Logo_ATMB],cited page was not read by the fetcher (cannot check)
r014,IPAC,partner,Aubert,https://www.ipac-france.com/tous-les-partenaires,[Logo_Aubert],cited page was not read by the fetcher (cannot check)
r014,IPAC,partner,Auchan,https://www.ipac-france.com/tous-les-partenaires,[Logo_Auchan],cited page was not read by the fetcher (cannot check)
r014,IPAC,partner,Bayer,https://www.ipac-france.com/tous-les-partenaires,[Logo_Bayer],cited page was not read by the fetcher (cannot check)
r014,IPAC,partner,Biocop,https://www.ipac-france.com/tous-les-partenaires,[Logo_Biocop],cited page was not read by the fetcher (cannot check)
r014,IPAC,partner,Botanic,https://www.ipac-france.com/tous-les-partenaires,[Logo_Botanic],cited page was not read by the fetcher (cannot check)
r014,IPAC,partner,Boulanger,https://www.ipac-france.com/tous-les-partenaires,[Logo_Boulanger],cited page was not read by the fetcher (cannot check)
r014,IPAC,partner,BurgerKing,https://www.ipac-france.com/tous-les-partenaires,[Logo_BurgerKing],cited page was not read by the fetcher (cannot check)
r014,IPAC,partner,CNOSF,https://www.ipac-france.com/tous-les-partenaires,[Logo_CNOSF],cited page was not read by the fetcher (cannot check)
r014,IPAC,partner,Courir,https://www.ipac-france.com/tous-les-partenaires,[Logo_Courir],cited page was not read by the fetcher (cannot check)
r014,IPAC,partner,CPAM,https://www.ipac-france.com/tous-les-partenaires,[Logo_CPAM],cited page was not read by the fetcher (cannot check)
r014,IPAC,partner,CreditAgricole,https://www.ipac-france.com/tous-les-partenaires,[Logo_CreditAgricole],cited page was not read by the fetcher (cannot check)
r014,IPAC,partner,DHL,https://www.ipac-france.com/tous-les-partenaires,[Logo_DHL],cited page was not read by the fetcher (cannot check)
r014,IPAC,partner,electrodepot,https://www.ipac-france.com/tous-les-partenaires,[Logo_electrodepot],cited page was not read by the fetcher (cannot check)
r014,IPAC,partner,Enedis,https://www.ipac-france.com/tous-les-partenaires,[Logo_Enedis],cited page was not read by the fetcher (cannot check)
r014,IPAC,partner,Etam,https://www.ipac-france.com/tous-les-partenaires,[Logo_Etam],cited page was not read by the fetcher (cannot check)
r014,IPAC,partner,Fnac,https://www.ipac-france.com/tous-les-partenaires,[Logo_Fnac],cited page was not read by the fetcher (cannot check)
r014,IPAC,partner,FNAnnecy,https://www.ipac-france.com/tous-les-partenaires,[Logo_FNAnnecy],cited page was not read by the fetcher (cannot check)
r014,IPAC,partner,Fusalp,https://www.ipac-france.com/tous-les-partenaires,[Logo_Fusalp],cited page was not read by the fetcher (cannot check)
r014,IPAC,partner,GrandAnnecy,https://www.ipac-france.com/tous-les-partenaires,[Logo_GrandAnnecy],cited page was not read by the fetcher (cannot check)
r014,IPAC,partner,GreenWeezz,https://www.ipac-france.com/tous-les-partenaires,[Logo_GreenWeezz],cited page was not read by the fetcher (cannot check)
r014,IPAC,partner,Groupama,https://www.ipac-france.com/tous-les-partenaires,[Logo_Groupama],cited page was not read by the fetcher (cannot check)
r014,IPAC,partner,Intersport,https://www.ipac-france.com/tous-les-partenaires,[Logo_Intersport],cited page was not read by the fetcher (cannot check)
r014,IPAC,partner,LaFolieDouce,https://www.ipac-france.com/tous-les-partenaires,[Logo_LaFolieDouce],cited page was not read by the fetcher (cannot check)
r014,IPAC,partner,LaPoste,https://www.ipac-france.com/tous-les-partenaires,[Logo_LaPoste],cited page was not read by the fetcher (cannot check)
r014,IPAC,partner,Leclerc,https://www.ipac-france.com/tous-les-partenaires,[Logo_Leclerc],cited page was not read by the fetcher (cannot check)
r014,IPAC,partner,LeGrandBornand,https://www.ipac-france.com/tous-les-partenaires,[Logo_LeGrandBornand],cited page was not read by the fetcher (cannot check)
r014,IPAC,partner,LeroyMerlin,https://www.ipac-france.com/tous-les-partenaires,[Logo_LeroyMerlin],cited page was not read by the fetcher (cannot check)
r014,IPAC,partner,MaisonDuMonde,https://www.ipac-france.com/tous-les-partenaires,[Logo_MaisonDuMonde],cited page was not read by the fetcher (cannot check)
r014,IPAC,partner,Manpower,https://www.ipac-france.com/tous-les-partenaires,[Logo_Manpower],cited page was not read by the fetcher (cannot check)
r014,IPAC,partner,McDonalds,https://www.ipac-france.com/tous-les-partenaires,[Logo_McDonalds],cited page was not read by the fetcher (cannot check)
r014,IPAC,partner,Mecalac,https://www.ipac-france.com/tous-les-partenaires,[Logo_Mecalac],cited page was not read by the fetcher (cannot check)
r014,IPAC,partner,MercureHotels,https://www.ipac-france.com/tous-les-partenaires,[Logo_MercureHotels],cited page was not read by the fetcher (cannot check)
r014,IPAC,partner,YvesRocher,https://www.ipac-france.com/tous-les-partenaires,[Logo_YvesRocher],cited page was not read by the fetcher (cannot check)
r014,IPAC,partner,Orange,https://www.ipac-france.com/tous-les-partenaires,[Logo_Orange],cited page was not read by the fetcher (cannot check)
r014,IPAC,partner,Peugeot,https://www.ipac-france.com/tous-les-partenaires,[Logo_Peugeot],cited page was not read by the fetcher (cannot check)
r014,IPAC,partner,schneider,https://www.ipac-france.com/tous-les-partenaires,[Logo_schneider],cited page was not read by the fetcher (cannot check)
r014,IPAC,partner,SNCF,https://www.ipac-france.com/tous-les-partenaires,[Logo_SNCF],cited page was not read by the fetcher (cannot check)
r014,IPAC,partner,Staubli,https://www.ipac-france.com/tous-les-partenaires,[Logo_Staubli],cited page was not read by the fetcher (cannot check)
r014,IPAC,partner,ThomasLePrince,https://www.ipac-france.com/tous-les-partenaires,[Logo_ThomasLePrince],cited page was not read by the fetcher (cannot check)
r014,IPAC,campus,Albertville,https://www.ipac-france.com/,Albertville,cited page was not read by the fetcher (cannot check)
r014,IPAC,campus,Annecy,https://www.ipac-france.com/,Annecy,cited page was not read by the fetcher (cannot check)
r014,IPAC,campus,Chambéry,https://www.ipac-france.com/,Chambéry,cited page was not read by the fetcher (cannot check)
r014,IPAC,campus,Grand Genève,https://www.ipac-france.com/,Grand Genève,cited page was not read by the fetcher (cannot check)
r014,IPAC,campus,Ville La Grand,https://www.ipac-france.com/,"IPAC, école de commerce à Albertville, Annecy, Chambéry et Ville La Grand",cited page was not read by the fetcher (cannot check)
r016,FORSVARSHOGSKOLAN,contact,Robert Egnell,https://www.fhs.se/,[Robert Egnell.] ... Rektorsblogg,cited page was not read by the fetcher (cannot check)
r016,FORSVARSHOGSKOLAN,campus,Försvarshögskolan Stockholm,https://www.fhs.se/om-forsvarshogskolan/kontakta-oss.html,Försvarshögskolan Stockholm,cited page was not read by the fetcher (cannot check)
r016,FORSVARSHOGSKOLAN,campus,Försvarshögskolan Karlberg,https://www.fhs.se/om-forsvarshogskolan/kontakta-oss.html,Försvarshögskolan Karlberg,cited page was not read by the fetcher (cannot check)
r016,FORSVARSHOGSKOLAN,campus,Försvarshögskolan Karlstad,https://www.fhs.se/om-forsvarshogskolan/kontakta-oss.html,Försvarshögskolan Karlstad,cited page was not read by the fetcher (cannot check)
r017,"Vysoka skola financni a spravni, a.s./University of Finance and Administration",contact,"doc. RNDr. Petr Budinský, CSc.",https://www.vsfs.cz/kontakty,"prorektor pro mezinárodní vztahy a celoživotní vzdělávání, ... doc. RNDr. Petr Budinský, CSc. |",cited page was not read by the fetcher (cannot check)
r017,"Vysoka skola financni a spravni, a.s./University of Finance and Administration",contact,Dr. Bohuslava Šenkýřová,https://www.vsfs.cz/kontakty,"rektorka, předsedkyně představenstva | ... Dr. Bohuslava Šenkýřová |",cited page was not read by the fetcher (cannot check)
r017,"Vysoka skola financni a spravni, a.s./University of Finance and Administration",partner,City University of Seattle,https://www.vsfs.cz/univerzita/partneri,[City University of Seattle],cited page was not read by the fetcher (cannot check)
r017,"Vysoka skola financni a spravni, a.s./University of Finance and Administration",partner,CETYS University,https://www.vsfs.cz/univerzita/partneri,[CETYS University],cited page was not read by the fetcher (cannot check)
r017,"Vysoka skola financni a spravni, a.s./University of Finance and Administration",partner,China Jiliang University,https://www.vsfs.cz/univerzita/partneri,[China Jiliang University],cited page was not read by the fetcher (cannot check)
r017,"Vysoka skola financni a spravni, a.s./University of Finance and Administration",partner,Konfuciův institut,https://www.vsfs.cz/univerzita/partneri,[Konfuciův institut],cited page was not read by the fetcher (cannot check)
r017,"Vysoka skola financni a spravni, a.s./University of Finance and Administration",partner,Česká unie sportu,https://www.vsfs.cz/univerzita/partneri,[Česká unie sportu],cited page was not read by the fetcher (cannot check)
r017,"Vysoka skola financni a spravni, a.s./University of Finance and Administration",partner,monitora,https://www.vsfs.cz/univerzita/partneri,[monitora],cited page was not read by the fetcher (cannot check)
r017,"Vysoka skola financni a spravni, a.s./University of Finance and Administration",partner,Logos Info,https://www.vsfs.cz/univerzita/partneri,[Logos Info],cited page was not read by the fetcher (cannot check)
r017,"Vysoka skola financni a spravni, a.s./University of Finance and Administration",partner,Šachový klub DPP,https://www.vsfs.cz/univerzita/partneri,[Šachový klub DPP],cited page was not read by the fetcher (cannot check)
r017,"Vysoka skola financni a spravni, a.s./University of Finance and Administration",partner,Pražská čokoláda,https://www.vsfs.cz/univerzita/partneri,[Pražská čokoláda],cited page was not read by the fetcher (cannot check)
r017,"Vysoka skola financni a spravni, a.s./University of Finance and Administration",partner,Bohemians Praha 1905,https://www.vsfs.cz/univerzita/partneri,[Bohemians Praha 1905],cited page was not read by the fetcher (cannot check)
r017,"Vysoka skola financni a spravni, a.s./University of Finance and Administration",partner,KŘP Středočeského kraje,https://www.vsfs.cz/univerzita/partneri,[KŘP Středočeského kraje],cited page was not read by the fetcher (cannot check)
r017,"Vysoka skola financni a spravni, a.s./University of Finance and Administration",partner,Tatran Střešovice,https://www.vsfs.cz/univerzita/partneri,[Tatran Střešovice],cited page was not read by the fetcher (cannot check)
r017,"Vysoka skola financni a spravni, a.s./University of Finance and Administration",partner,Statutární město Most,https://www.vsfs.cz/univerzita/partneri,[Statutární město Most],cited page was not read by the fetcher (cannot check)
r017,"Vysoka skola financni a spravni, a.s./University of Finance and Administration",partner,Statutární město Karlovy Vary,https://www.vsfs.cz/univerzita/partneri,[Statutární město Karlovy Vary],cited page was not read by the fetcher (cannot check)
r017,"Vysoka skola financni a spravni, a.s./University of Finance and Administration",partner,KŘP Karlovarského kraje,https://www.vsfs.cz/univerzita/partneri,[KŘP Karlovarského kraje],cited page was not read by the fetcher (cannot check)
r017,"Vysoka skola financni a spravni, a.s./University of Finance and Administration",partner,m2c,https://www.vsfs.cz/univerzita/partneri,[m2c],cited page was not read by the fetcher (cannot check)
r017,"Vysoka skola financni a spravni, a.s./University of Finance and Administration",partner,Diamant Absolventský klub VŠFS,https://www.vsfs.cz/univerzita/partneri,[Diamant Absolventský klub VŠFS],cited page was not read by the fetcher (cannot check)
r017,"Vysoka skola financni a spravni, a.s./University of Finance and Administration",partner,Gymnázium Kodaňská,https://www.vsfs.cz/univerzita/partneri,[Gymnázium Kodaňská],cited page was not read by the fetcher (cannot check)
r017,"Vysoka skola financni a spravni, a.s./University of Finance and Administration",partner,Kouzelné školy,https://www.vsfs.cz/univerzita/partneri,[Kouzelné školy],cited page was not read by the fetcher (cannot check)
r017,"Vysoka skola financni a spravni, a.s./University of Finance and Administration",partner,Česká národní banka,https://www.vsfs.cz/univerzita/partneri,[Česká národní banka],cited page was not read by the fetcher (cannot check)
r017,"Vysoka skola financni a spravni, a.s./University of Finance and Administration",partner,ČSOB,https://www.vsfs.cz/univerzita/partneri,[ČSOB],cited page was not read by the fetcher (cannot check)
r017,"Vysoka skola financni a spravni, a.s./University of Finance and Administration",partner,J&T Banka,https://www.vsfs.cz/univerzita/partneri,[J&T Banka],cited page was not read by the fetcher (cannot check)
r017,"Vysoka skola financni a spravni, a.s./University of Finance and Administration",partner,APOGEO,https://www.vsfs.cz/univerzita/partneri,[APOGEO],cited page was not read by the fetcher (cannot check)
r017,"Vysoka skola financni a spravni, a.s./University of Finance and Administration",partner,Pojišťovna VZP,https://www.vsfs.cz/univerzita/partneri,[Pojišťovna VZP],cited page was not read by the fetcher (cannot check)
r017,"Vysoka skola financni a spravni, a.s./University of Finance and Administration",partner,Česká podnikatelská pojišťovna,https://www.vsfs.cz/univerzita/partneri,[Česká podnikatelská pojišťovna],cited page was not read by the fetcher (cannot check)
r017,"Vysoka skola financni a spravni, a.s./University of Finance and Administration",partner,"Kooperativa pojišťovna, a.s., Vienna Insurance Group",https://www.vsfs.cz/univerzita/partneri,"[Kooperativa pojišťovna, a.s., Vienna Insurance Group]",cited page was not read by the fetcher (cannot check)
r017,"Vysoka skola financni a spravni, a.s./University of Finance and Administration",partner,OVB,https://www.vsfs.cz/univerzita/partneri,[OVB],cited page was not read by the fetcher (cannot check)
r017,"Vysoka skola financni a spravni, a.s./University of Finance and Administration",partner,Broker Consulting,https://www.vsfs.cz/univerzita/partneri,[Broker Consulting],cited page was not read by the fetcher (cannot check)
r017,"Vysoka skola financni a spravni, a.s./University of Finance and Administration",partner,ABRA,https://www.vsfs.cz/univerzita/partneri,[ABRA],cited page was not read by the fetcher (cannot check)
r017,"Vysoka skola financni a spravni, a.s./University of Finance and Administration",partner,Swiss Life Select a.s,https://www.vsfs.cz/univerzita/partneri,[Swiss Life Select a.s],cited page was not read by the fetcher (cannot check)
r017,"Vysoka skola financni a spravni, a.s./University of Finance and Administration",partner,Dell,https://www.vsfs.cz/univerzita/partneri,[Dell],cited page was not read by the fetcher (cannot check)
r017,"Vysoka skola financni a spravni, a.s./University of Finance and Administration",partner,ČASF,https://www.vsfs.cz/univerzita/partneri,[ČASF],cited page was not read by the fetcher (cannot check)
r017,"Vysoka skola financni a spravni, a.s./University of Finance and Administration",partner,Dun & Bradstreet,https://www.vsfs.cz/univerzita/partneri,[Dun & Bradstreet],cited page was not read by the fetcher (cannot check)
r017,"Vysoka skola financni a spravni, a.s./University of Finance and Administration",partner,MF Dnes,https://www.vsfs.cz/univerzita/partneri,[MF Dnes],cited page was not read by the fetcher (cannot check)
r017,"Vysoka skola financni a spravni, a.s./University of Finance and Administration",partner,e15,https://www.vsfs.cz/univerzita/partneri,[e15],cited page was not read by the fetcher (cannot check)
r017,"Vysoka skola financni a spravni, a.s./University of Finance and Administration",partner,Bankovnictví,https://www.vsfs.cz/univerzita/partneri,[Bankovnictví],cited page was not read by the fetcher (cannot check)
r017,"Vysoka skola financni a spravni, a.s./University of Finance and Administration",partner,Rádio Impuls - Ráááádio,https://www.vsfs.cz/univerzita/partneri,[Rádio Impuls - Ráááádio],cited page was not read by the fetcher (cannot check)
r017,"Vysoka skola financni a spravni, a.s./University of Finance and Administration",partner,Evropa 2,https://www.vsfs.cz/univerzita/partneri,[Evropa 2],cited page was not read by the fetcher (cannot check)
r017,"Vysoka skola financni a spravni, a.s./University of Finance and Administration",partner,VŠE,https://www.vsfs.cz/univerzita/partneri/oceneni-partneri-vsfs,"Ocenění pro VŠE převzal doc. Ing. Petr Dvořák, Ph.D., rektor VŠE",cited page was not read by the fetcher (cannot check)
r017,"Vysoka skola financni a spravni, a.s./University of Finance and Administration",partner,UPOL,https://www.vsfs.cz/univerzita/partneri/oceneni-partneri-vsfs,"Ocenění pro UPOL převzal doc. Mgr. Pavel Zahrádka, Ph.D., docent Filozofické fakulty UPOL",cited page was not read by the fetcher (cannot check)
r017,"Vysoka skola financni a spravni, a.s./University of Finance and Administration",partner,CityU of Seattle,https://www.vsfs.cz/,CityU of Seattle,cited page was not read by the fetcher (cannot check)
r017,"Vysoka skola financni a spravni, a.s./University of Finance and Administration",partner,Společenství škol,https://www.vsfs.cz/,[Společenství škol],cited page was not read by the fetcher (cannot check)
r017,"Vysoka skola financni a spravni, a.s./University of Finance and Administration",campus,"Vysoká škola finanční a správní, a.s.",https://www.vsfs.cz/kontakty,Estonská 500,cited page was not read by the fetcher (cannot check)
r017,"Vysoka skola financni a spravni, a.s./University of Finance and Administration",campus,Budova ve Vltavské ulici,https://www.vsfs.cz/kontakty,Vltavská 12,cited page was not read by the fetcher (cannot check)
r017,"Vysoka skola financni a spravni, a.s./University of Finance and Administration",campus,Karlovy Vary center,https://www.vsfs.cz/,Karlovy Vary,cited page was not read by the fetcher (cannot check)
r017,"Vysoka skola financni a spravni, a.s./University of Finance and Administration",campus,Most center,https://www.vsfs.cz/,Most,cited page was not read by the fetcher (cannot check)
r018,TECHNISCHE HOCHSCHULE WILDAU,contact,Dipl.-Wirtsch.infor. (FH) Carolina Maria Winkler,https://www.th-wildau.de/hochschule/zentrale-einrichtungen/zentrum-fuer-internationale-angelegenheiten/international-office/internationale-partnerschaften,Ihre Ansprechperson für den Studierendenaustausch (Incoming) ... Dipl.-Wirtsch.infor. (FH) Carolina Maria Winkler,cited page was not read by the fetcher (cannot check)
r018,TECHNISCHE HOCHSCHULE WILDAU,partner,WH Zwickau,https://www.th-wildau.de/,Hochschulübergreifende Kooperation für Mobilität der Zukunft: TH Wildau und WH Zwickau erweitern Angebot des Verkehrswissenschaftlichen Kolloquium,cited page was not read by the fetcher (cannot check)
r018,TECHNISCHE HOCHSCHULE WILDAU,partner,UCTM Sofia,https://www.th-wildau.de/hochschule/zentrale-einrichtungen/zentrum-fuer-internationale-angelegenheiten/international-office,Erfolgsmodell europäischer Zusammenarbeit: Kooperation der TH Wildau und der UCTM Sofia,cited page was not read by the fetcher (cannot check)
r018,TECHNISCHE HOCHSCHULE WILDAU,partner,Initiative FDM-BB,https://www.th-wildau.de/forschung-und-transfer/beratung-und-foerderung/forschungsdatenmanagement,Landesinitiative FDM-BB,cited page was not read by the fetcher (cannot check)
r018,TECHNISCHE HOCHSCHULE WILDAU,partner,FDM-BB,https://www.th-wildau.de/forschung-und-transfer/beratung-und-foerderung/forschungsdatenmanagement,Die TH Wildau ist gemeinsam mit weiteren brandenburger Hochschulen Mitglied der Initiative FDM-BB(Forschungsdatenmanagement in Brandenburg). Die Webseite der Initiative bietet eine Übersicht über die Aufgaben und Erfolge der Initiative sowie hilfreicher Tools und Materialien.,cited page was not read by the fetcher (cannot check)
r018,TECHNISCHE HOCHSCHULE WILDAU,partner,VBB,https://www.th-wildau.de/kontakt-anfahrt,Fahrplanauskunft des VBB,cited page was not read by the fetcher (cannot check)
r018,TECHNISCHE HOCHSCHULE WILDAU,partner,Deutsche Bahn,https://www.th-wildau.de/kontakt-anfahrt,Fahrplanauskunft der Deutschen Bahn,cited page was not read by the fetcher (cannot check)
r018,TECHNISCHE HOCHSCHULE WILDAU,campus,Wildau Campus,https://www.th-wildau.de/hochschule/ueber-uns/campus,"Die TH Wildau ist eine Campushochschule – die Lehr- und Verwaltungsgebäude, die Mensa und die Bibliothek befinden sich auf einem zusammenhängenden Gelände am S-Bahnhof Wildau mit direkter Anbindung nach Berlin. Damit ist das Studieren in Wildau besonders komfortabel, denn es gibt keine langen Wege, die zwischen den Lehrveranstaltungen zurückzulegen sind.",cited page was not read by the fetcher (cannot check)
r019,Panevezio kolegija,contact,Laima Mikalajūnienė,https://panko.lt/en/international-relations/erasmus/,"Laima Mikalajūnienė ... Head of the International Relations, Marketing and Projects Department",cited page was not read by the fetcher (cannot check)
r019,Panevezio kolegija,contact,Asta Grubinskienė,https://panko.lt/en/international-relations/erasmus/,"Asta Grubinskienė ... Coordinator of International Relations at the International Relations, Marketing and Projects Department",cited page was not read by the fetcher (cannot check)
r019,Panevezio kolegija,contact,Jurgita Lieponienė,https://panko.lt/en/contacts/,Dr. Jurgita Lieponienė ... Director,cited page was not read by the fetcher (cannot check)
r019,Panevezio kolegija,partner,Charles University Institute for Language and Preparatory Studies,https://panko.lt/2026/10/05/erasmus-mobilumas-prahoje/,Rugsėjo 21–25 d. kolegijos komanda dalyvavo Charles University Institute for Language and Preparatory Studies organizuotuose mokymuose „Practical English for Academic Staff – Staff Training Week“ Prahoje.,cited page was not read by the fetcher (cannot check)
r019,Panevezio kolegija,partner,Daugavpils University,https://panko.lt/en/2026/05/06/erasmus-staff-visit-to-panevezio-kolegija-state-higher-education-institution-international-experience-and-strengthening-of-cooperation/,"Representatives from Daugavpils University: Anita Kiričuka, Jolanta Semjonova, Matīss Ruskulis and Andrejs Zaičenko arrived at Panevėžio kolegija/State Higher Education Institution. All of them participated in staff training activities, which were focused on improving the quality of studies, applying innovative teaching methods and developing internationality. Andrejs Zaičenko, representing the field of preschool education, also conducted teaching sessions for BIP program students, where he shar",cited page was not read by the fetcher (cannot check)
r019,Panevezio kolegija,partner,University of Latvia,https://panko.lt/en/2026/05/06/erasmus-staff-visit-to-panevezio-kolegija-state-higher-education-institution-international-experience-and-strengthening-of-cooperation/,"Karlis Valtins from the University of Latvia also participated in the visit, the researcher actively participated in training activities, discussions and strengthening of academic ties.",cited page was not read by the fetcher (cannot check)
r019,Panevezio kolegija,partner,State University of Applied Sciences in Wloclawek,https://panko.lt/en/2025/06/06/international-cooperation-provides-broad-mutual-erasmus-mobility-opportunities/,"The cooperation with the State University of Applied Sciences in Wloclawek in Poland and Inonu University in Turkey, which has been going on for several years, provides broad mutual Erasmus+ mobility opportunities. Employees from Poland were introduced to the higher education institution, its changes, and the available study base, and further cooperation plans were discussed. Students from Turkey arrived for a short-term practice Erasmus+ mobility, during which Domilė Augulė, Head of Physiothera",cited page was not read by the fetcher (cannot check)
r019,Panevezio kolegija,partner,Inonu University,https://panko.lt/en/2025/06/06/international-cooperation-provides-broad-mutual-erasmus-mobility-opportunities/,"The cooperation with the State University of Applied Sciences in Wloclawek in Poland and Inonu University in Turkey, which has been going on for several years, provides broad mutual Erasmus+ mobility opportunities. Employees from Poland were introduced to the higher education institution, its changes, and the available study base, and further cooperation plans were discussed. Students from Turkey arrived for a short-term practice Erasmus+ mobility, during which Domilė Augulė, Head of Physiothera",cited page was not read by the fetcher (cannot check)
r019,Panevezio kolegija,partner,UAB “GOD Lithuania”,https://panko.lt/en/international-relations/erasmus/,[UAB “GOD Lithuania”],cited page was not read by the fetcher (cannot check)
r019,Panevezio kolegija,campus,Panevėžio kolegija,https://panko.lt/,Panevėžys,cited page was not read by the fetcher (cannot check)
r020,PAEDAGOGISCHE HOCHSCHULE OBEROSTERREICH,contact,Michaela Rossmann,https://ph-ooe.at/ueber-uns/international/partner-networks,Michaela Rossmann ... Head of Centre for Internationalisation,cited page was not read by the fetcher (cannot check)
r020,PAEDAGOGISCHE HOCHSCHULE OBEROSTERREICH,campus,Pädagogische Hochschule Oberösterreich,https://ph-ooe.at/,A-4020 Linz,cited page was not read by the fetcher (cannot check)
r021,ESA Saint-Luc Liège,contact,Stefan Askew,https://www.saint-luc.be/contact/,Relations internationales ... Stefan Askew,cited page was not read by the fetcher (cannot check)
r021,ESA Saint-Luc Liège,partner,HELMo – Haute École Libre Mosane,https://www.saint-luc.be/lecole/partenaires/,HELMo – Haute École Libre Mosane ;,cited page was not read by the fetcher (cannot check)
r021,ESA Saint-Luc Liège,partner,Faculté d’Architecture de l’Université de Liège,https://www.saint-luc.be/lecole/partenaires/,Faculté d’Architecture de l’Université de Liège ;,cited page was not read by the fetcher (cannot check)
r021,ESA Saint-Luc Liège,partner,Centre Européen d’Archéométrie – Université de Liège,https://www.saint-luc.be/lecole/partenaires/,Le Centre Européen d’Archéométrie – Université de Liège.,cited page was not read by the fetcher (cannot check)
r021,ESA Saint-Luc Liège,partner,Université du Québec à Montréal (UQAM),https://www.saint-luc.be/mission-academique-et-ministerielle-2026-au-canada-au-dela-de-la-mission-academique-un-voyage-pour-faire-reseau/,"À Montréal, les rencontres organisées avec les Cégeps, l’Université du Québec à Montréal (UQAM), le Cégep Marie-Victorin, le Cégep Dawson et l’Université de Montréal ont permis d’aborder les enjeux de mobilité étudiante et enseignante, les pratiques pédagogiques, la recherche-création, ainsi que les possibilités de collaborations futures. Ces échanges ont confirmé l’intérêt croissant des partenaires canadiens pour les établissements de la Fédération Wallonie-Bruxelles et mis en lumière plusieurs",cited page was not read by the fetcher (cannot check)
r021,ESA Saint-Luc Liège,partner,Cégep Marie-Victorin,https://www.saint-luc.be/mission-academique-et-ministerielle-2026-au-canada-au-dela-de-la-mission-academique-un-voyage-pour-faire-reseau/,"À Montréal, les rencontres organisées avec les Cégeps, l’Université du Québec à Montréal (UQAM), le Cégep Marie-Victorin, le Cégep Dawson et l’Université de Montréal ont permis d’aborder les enjeux de mobilité étudiante et enseignante, les pratiques pédagogiques, la recherche-création, ainsi que les possibilités de collaborations futures. Ces échanges ont confirmé l’intérêt croissant des partenaires canadiens pour les établissements de la Fédération Wallonie-Bruxelles et mis en lumière plusieurs",cited page was not read by the fetcher (cannot check)
r021,ESA Saint-Luc Liège,partner,Cégep Dawson,https://www.saint-luc.be/mission-academique-et-ministerielle-2026-au-canada-au-dela-de-la-mission-academique-un-voyage-pour-faire-reseau/,"À Montréal, les rencontres organisées avec les Cégeps, l’Université du Québec à Montréal (UQAM), le Cégep Marie-Victorin, le Cégep Dawson et l’Université de Montréal ont permis d’aborder les enjeux de mobilité étudiante et enseignante, les pratiques pédagogiques, la recherche-création, ainsi que les possibilités de collaborations futures. Ces échanges ont confirmé l’intérêt croissant des partenaires canadiens pour les établissements de la Fédération Wallonie-Bruxelles et mis en lumière plusieurs",cited page was not read by the fetcher (cannot check)
r021,ESA Saint-Luc Liège,partner,Université de Montréal,https://www.saint-luc.be/mission-academique-et-ministerielle-2026-au-canada-au-dela-de-la-mission-academique-un-voyage-pour-faire-reseau/,"À Montréal, les rencontres organisées avec les Cégeps, l’Université du Québec à Montréal (UQAM), le Cégep Marie-Victorin, le Cégep Dawson et l’Université de Montréal ont permis d’aborder les enjeux de mobilité étudiante et enseignante, les pratiques pédagogiques, la recherche-création, ainsi que les possibilités de collaborations futures. Ces échanges ont confirmé l’intérêt croissant des partenaires canadiens pour les établissements de la Fédération Wallonie-Bruxelles et mis en lumière plusieurs",cited page was not read by the fetcher (cannot check)
r021,ESA Saint-Luc Liège,partner,École nationale du cirque de Montréal,https://www.saint-luc.be/mission-academique-et-ministerielle-2026-au-canada-au-dela-de-la-mission-academique-un-voyage-pour-faire-reseau/,"La visite de l’École nationale du cirque de Montréal a également ouvert des perspectives intéressantes pour la scénographie, tandis que plusieurs moments de réseautage organisés par Wallonie-Bruxelles International, l’ARES et la Délégation générale Wallonie-Bruxelles au Canada ont favorisé les échanges avec les autres Écoles supérieures des Arts de la Fédération Wallonie-Bruxelles ainsi qu’avec les acteurs culturels et institutionnels locaux.",cited page was not read by the fetcher (cannot check)
r021,ESA Saint-Luc Liège,partner,Université du Québec en Outaouais (UQO),https://www.saint-luc.be/mission-academique-et-ministerielle-2026-au-canada-au-dela-de-la-mission-academique-un-voyage-pour-faire-reseau/,"À Ottawa et Gatineau, la délégation a été accueillie à l’École des arts et cultures de l’Université du Québec en Outaouais (UQO), seul établissement canadien proposant une formation en bande dessinée. Les discussions ont porté sur les contenus pédagogiques, la recherche, les projets internationaux et les collaborations potentielles en bande dessinée, communication visuelle et design social. La qualité des échanges ainsi que la forte complémentarité entre les deux institutions laissent entrevoir ",cited page was not read by the fetcher (cannot check)
r021,ESA Saint-Luc Liège,partner,Ontario College of Art and Design (OCAD University),https://www.saint-luc.be/mission-academique-et-ministerielle-2026-au-canada-au-dela-de-la-mission-academique-un-voyage-pour-faire-reseau/,"À Toronto, la visite de l’Ontario College of Art and Design (OCAD University), principale école d’art du Canada anglophone, a permis de poursuivre le dialogue autour de l’internationalisation des formations, de l’illustration, de la bande dessinée et des projets collaboratifs. Les échanges ont mis en évidence des intérêts communs malgré des approches institutionnelles parfois différentes, tout en soulignant le potentiel de développement de nouveaux partenariats.",cited page was not read by the fetcher (cannot check)
r021,ESA Saint-Luc Liège,partner,Instituts Saint-Luc en Fédération Wallonie-Bruxelles,https://www.saint-luc.be/lecole/partenaires/,Les autres Instituts Saint-Luc en Fédération Wallonie-Bruxelles ;,cited page was not read by the fetcher (cannot check)
r021,ESA Saint-Luc Liège,partner,Pôle Liège-Luxembourg,https://www.saint-luc.be/lecole/partenaires/,Le Pôle Liège-Luxembourg.,cited page was not read by the fetcher (cannot check)
r021,ESA Saint-Luc Liège,partner,Cefen – Centre interfacultaire de formation des enseignants de l’Université de Liège,https://www.saint-luc.be/lecole/partenaires/,Le Cefen – Centre interfacultaire de formation des enseignants de l’Université de Liège ;,cited page was not read by the fetcher (cannot check)
r021,ESA Saint-Luc Liège,partner,Ceroart,https://www.saint-luc.be/lecole/partenaires/,"Ceroart : revue et plateforme en ligne traitant de la Conservation, exposition et Restauration d’Objets d’Art ;",cited page was not read by the fetcher (cannot check)
r021,ESA Saint-Luc Liège,partner,CICRP – Belle de Mai,https://www.saint-luc.be/lecole/partenaires/,Le CICRP – Belle de Mai (Marseille) : Centre interrégional de conservation et restauration du patrimoine ;,cited page was not read by the fetcher (cannot check)
r021,ESA Saint-Luc Liège,partner,HEC Liège : Ecole de gestion de l’Université de Liège,https://www.saint-luc.be/lecole/partenaires/,HEC Liège : Ecole de gestion de l’Université de Liège ;,cited page was not read by the fetcher (cannot check)
r021,ESA Saint-Luc Liège,partner,Abbaye de Stavelot,https://www.saint-luc.be/lecole/partenaires/,L’Abbaye de Stavelot ;,cited page was not read by the fetcher (cannot check)
r021,ESA Saint-Luc Liège,partner,ACA – Accompagnement des compétences audiovisuelles,https://www.saint-luc.be/lecole/partenaires/,ACA – Accompagnement des compétences audiovisuelles ;,cited page was not read by the fetcher (cannot check)
r021,ESA Saint-Luc Liège,partner,Aquarium – muséum de Liège,https://www.saint-luc.be/lecole/partenaires/,Aquarium – muséum de Liège ;,cited page was not read by the fetcher (cannot check)
r021,ESA Saint-Luc Liège,partner,Atelier Graffiti,https://www.saint-luc.be/lecole/partenaires/,Atelier Graffiti ;,cited page was not read by the fetcher (cannot check)
r021,ESA Saint-Luc Liège,partner,BIP – Biennale de l’Image Possible,https://www.saint-luc.be/lecole/partenaires/,BIP – Biennale de l’Image Possible ;,cited page was not read by the fetcher (cannot check)
r021,ESA Saint-Luc Liège,partner,Centre culturel de Chênée,https://www.saint-luc.be/lecole/partenaires/,Centre culturel de Chênée ;,cited page was not read by the fetcher (cannot check)
r021,ESA Saint-Luc Liège,partner,Centre culturel Les Chiroux,https://www.saint-luc.be/lecole/partenaires/,Centre culturel Les Chiroux ;,cited page was not read by the fetcher (cannot check)
r021,ESA Saint-Luc Liège,partner,Espace Opéra de l’Université de Liège,https://www.saint-luc.be/lecole/partenaires/,Espace Opéra de l’Université de Liège ;,cited page was not read by the fetcher (cannot check)
r021,ESA Saint-Luc Liège,partner,Festival Connexions Urbaines,https://www.saint-luc.be/lecole/partenaires/,Festival Connexions Urbaines ;,cited page was not read by the fetcher (cannot check)
r021,ESA Saint-Luc Liège,partner,Festival de Liège,https://www.saint-luc.be/lecole/partenaires/,Festival de Liège ;,cited page was not read by the fetcher (cannot check)
r021,ESA Saint-Luc Liège,partner,Festival Voix de Femmes,https://www.saint-luc.be/lecole/partenaires/,Festival Voix de Femmes ;,cited page was not read by the fetcher (cannot check)
r021,ESA Saint-Luc Liège,partner,Le Fig.,https://www.saint-luc.be/lecole/partenaires/,Le Fig. ;,cited page was not read by the fetcher (cannot check)
r021,ESA Saint-Luc Liège,partner,La Galerie de la Société Libre d’Émulation,https://www.saint-luc.be/lecole/partenaires/,La Galerie de la Société Libre d’Émulation ;,cited page was not read by the fetcher (cannot check)
r021,ESA Saint-Luc Liège,partner,La Galerie de Wégimont,https://www.saint-luc.be/lecole/partenaires/,La Galerie de Wégimont ;,cited page was not read by the fetcher (cannot check)
r021,ESA Saint-Luc Liège,partner,La Gare des Guillemins,https://www.saint-luc.be/lecole/partenaires/,La Gare des Guillemins ;,cited page was not read by the fetcher (cannot check)
r021,ESA Saint-Luc Liège,partner,Les Grignoux,https://www.saint-luc.be/lecole/partenaires/,Les Grignoux ;,cited page was not read by the fetcher (cannot check)
r021,ESA Saint-Luc Liège,partner,Les Journées du Patrimoine – Liège,https://www.saint-luc.be/lecole/partenaires/,Les Journées du Patrimoine – Liège ;,cited page was not read by the fetcher (cannot check)
r021,ESA Saint-Luc Liège,partner,Le MAD Musée,https://www.saint-luc.be/lecole/partenaires/,Le MAD Musée ;,cited page was not read by the fetcher (cannot check)
r021,ESA Saint-Luc Liège,partner,Le Musée Royal de l’Afrique Centrale,https://www.saint-luc.be/lecole/partenaires/,Le Musée Royal de l’Afrique Centrale ;,cited page was not read by the fetcher (cannot check)
r021,ESA Saint-Luc Liège,partner,Les Musées de la Ville de Liège,https://www.saint-luc.be/lecole/partenaires/,Les Musées de la Ville de Liège ;,cited page was not read by the fetcher (cannot check)
r021,ESA Saint-Luc Liège,partner,Opéra Royal de Wallonie-Liège,https://www.saint-luc.be/lecole/partenaires/,Opéra Royal de Wallonie-Liège ;,cited page was not read by the fetcher (cannot check)
r021,ESA Saint-Luc Liège,partner,Le Pôle Image de Liège,https://www.saint-luc.be/lecole/partenaires/,Le Pôle Image de Liège ;,cited page was not read by the fetcher (cannot check)
r021,ESA Saint-Luc Liège,partner,Les Presses Universitaires de Liège,https://www.saint-luc.be/lecole/partenaires/,Les Presses Universitaires de Liège ;,cited page was not read by the fetcher (cannot check)
r021,ESA Saint-Luc Liège,partner,La Province de Liège,https://www.saint-luc.be/lecole/partenaires/,La Province de Liège ;,cited page was not read by the fetcher (cannot check)
r021,ESA Saint-Luc Liège,partner,RAVI – Résidences – Ateliers Vivegnis International,https://www.saint-luc.be/lecole/partenaires/,RAVI – Résidences – Ateliers Vivegnis International ;,cited page was not read by the fetcher (cannot check)
r021,ESA Saint-Luc Liège,partner,Reciprocity Design Liège,https://www.saint-luc.be/lecole/partenaires/,Reciprocity Design Liège ;,cited page was not read by the fetcher (cannot check)
r021,ESA Saint-Luc Liège,partner,Sur la Pointe du Pinceau,https://www.saint-luc.be/lecole/partenaires/,Sur la Pointe du Pinceau ;,cited page was not read by the fetcher (cannot check)
r021,ESA Saint-Luc Liège,partner,Le Théâtre de Liège,https://www.saint-luc.be/lecole/partenaires/,Le Théâtre de Liège ;,cited page was not read by the fetcher (cannot check)
r021,ESA Saint-Luc Liège,partner,La Ville de Liège,https://www.saint-luc.be/lecole/partenaires/,La Ville de Liège ;,cited page was not read by the fetcher (cannot check)
r021,ESA Saint-Luc Liège,partner,Wallonie Design,https://www.saint-luc.be/lecole/partenaires/,Wallonie Design.,cited page was not read by the fetcher (cannot check)
r021,ESA Saint-Luc Liège,campus,ESA Saint-Luc Liège,https://www.saint-luc.be/,"41, Boulevard de la Constitution - B-4020 LIEGE • Tél. +32(0)4 341 80 89 ou +32(0)4 341 80 00",cited page was not read by the fetcher (cannot check)
r022,Haute Ecole Francisco Ferrer,partner,La Ville de Bruxelles,https://www.he-ferrer.eu/partenaires,La Ville de Bruxelles,cited page was not read by the fetcher (cannot check)
r022,Haute Ecole Francisco Ferrer,partner,Ferrer Formations,https://www.he-ferrer.eu/partenaires,Ferrer Formations,cited page was not read by the fetcher (cannot check)
r022,Haute Ecole Francisco Ferrer,partner,Campus Numérique,https://www.he-ferrer.eu/partenaires,Campus Numérique,cited page was not read by the fetcher (cannot check)
r022,Haute Ecole Francisco Ferrer,partner,Pôle bruxellois,https://www.he-ferrer.eu/partenaires,Pôle bruxellois,cited page was not read by the fetcher (cannot check)
r022,Haute Ecole Francisco Ferrer,campus,Siège social,https://www.he-ferrer.eu/,Quai de Willebroeck 33,cited page was not read by the fetcher (cannot check)
r022,Haute Ecole Francisco Ferrer,campus,Campus Waterside,https://www.he-ferrer.eu/,""" Malgré les fortes chaleurs de cette fin mai, l’événement de recrutement organisé sur le Campus Waterside en collaboration avec Partena…",cited page was not read by the fetcher (cannot check)
r023,Haute Ecole de la Communauté française Albert Jacquard,partner,Université de sciences appliquées de Darmstadt (Hochschule Darmstadt),https://www.heaj.be/fr/int/partenaires-par-departement/,Université de sciences appliquées de Darmstadt (Hochschule Darmstadt),cited page was not read by the fetcher (cannot check)
r023,Haute Ecole de la Communauté française Albert Jacquard,partner,Armenian State University of Economics,https://www.heaj.be/fr/int/partenaires-par-departement/,Armenian State University of Economics,cited page was not read by the fetcher (cannot check)
r023,Haute Ecole de la Communauté française Albert Jacquard,partner,Haute Ecole pédagogique V.Frankl,https://www.heaj.be/fr/int/partenaires-par-departement/,"Haute Ecole pédagogique V.Frankl, à Klagenfurt",cited page was not read by the fetcher (cannot check)
r023,Haute Ecole de la Communauté française Albert Jacquard,partner,AHS-OstBelgien,https://www.heaj.be/fr/int/partenaires-par-departement/,"L’AHS-OstBelgien, à Eupen",cited page was not read by the fetcher (cannot check)
r023,Haute Ecole de la Communauté française Albert Jacquard,partner,Hogeschool West-Vlaanderen,https://www.heaj.be/fr/int/partenaires-par-departement/,"Hogeschool West-Vlaanderen, à Kortrijk",cited page was not read by the fetcher (cannot check)
r023,Haute Ecole de la Communauté française Albert Jacquard,partner,Katholieke Hogeschool Limburg,https://www.heaj.be/fr/int/partenaires-par-departement/,"Katholieke Hogeschool Limburg, à Hasselt",cited page was not read by the fetcher (cannot check)
r023,Haute Ecole de la Communauté française Albert Jacquard,partner,Artesis Plantijn Hogeschool,https://www.heaj.be/fr/int/partenaires-par-departement/,"L’ Artesis Plantijn Hogeschool, à Anvers",cited page was not read by the fetcher (cannot check)
r023,Haute Ecole de la Communauté française Albert Jacquard,partner,European University Cyprus,https://www.heaj.be/fr/int/partenaires-par-departement/,"European University Cyprus, Nicosie",cited page was not read by the fetcher (cannot check)
r023,Haute Ecole de la Communauté française Albert Jacquard,partner,VERN University of Applied Sciences,https://www.heaj.be/fr/int/partenaires-par-departement/,"VERN University of Applied Sciences, Zagreb",cited page was not read by the fetcher (cannot check)
r023,Haute Ecole de la Communauté française Albert Jacquard,partner,"The university college, South Denmark",https://www.heaj.be/fr/int/partenaires-par-departement/,"The university college, South Denmark",cited page was not read by the fetcher (cannot check)
r023,Haute Ecole de la Communauté française Albert Jacquard,partner,The IT University of Copenhagen,https://www.heaj.be/fr/int/partenaires-par-departement/,The IT University of Copenhagen,cited page was not read by the fetcher (cannot check)
r023,Haute Ecole de la Communauté française Albert Jacquard,partner,U-TAD,https://www.heaj.be/fr/int/partenaires-par-departement/,L’U-TAD à Madrid,cited page was not read by the fetcher (cannot check)
r023,Haute Ecole de la Communauté française Albert Jacquard,partner,UNIE,https://www.heaj.be/fr/int/partenaires-par-departement/,L’UNIE à Madrid,cited page was not read by the fetcher (cannot check)
r023,Haute Ecole de la Communauté française Albert Jacquard,partner,Université d’Alméría,https://www.heaj.be/fr/int/partenaires-par-departement/,Université d’Alméría,cited page was not read by the fetcher (cannot check)
r023,Haute Ecole de la Communauté française Albert Jacquard,partner,Université de Salamanque,https://www.heaj.be/fr/int/partenaires-par-departement/,Université de Salamanque,cited page was not read by the fetcher (cannot check)
r023,Haute Ecole de la Communauté française Albert Jacquard,partner,Université d’Alicante,https://www.heaj.be/fr/int/partenaires-par-departement/,Université d’Alicante,cited page was not read by the fetcher (cannot check)
r023,Haute Ecole de la Communauté française Albert Jacquard,partner,Escola d’Art i superior de disseny Pau Gargallo,https://www.heaj.be/fr/int/partenaires-par-departement/,"Escola d’Art i superior de disseny Pau Gargallo, Badalona",cited page was not read by the fetcher (cannot check)
r023,Haute Ecole de la Communauté française Albert Jacquard,partner,Université de Gérone,https://www.heaj.be/fr/int/partenaires-par-departement/,Université de Gérone,cited page was not read by the fetcher (cannot check)
r023,Haute Ecole de la Communauté française Albert Jacquard,partner,Université de Murcie,https://www.heaj.be/fr/int/partenaires-par-departement/,Université de Murcie – Cartagena’s campus,cited page was not read by the fetcher (cannot check)
r023,Haute Ecole de la Communauté française Albert Jacquard,partner,Université de Cadíz,https://www.heaj.be/fr/int/partenaires-par-departement/,Université de Cadíz,cited page was not read by the fetcher (cannot check)
r023,Haute Ecole de la Communauté française Albert Jacquard,partner,Université de León,https://www.heaj.be/fr/int/partenaires-par-departement/,Université de León,cited page was not read by the fetcher (cannot check)
r023,Haute Ecole de la Communauté française Albert Jacquard,partner,TecnoCampus,https://www.heaj.be/fr/int/partenaires-par-departement/,TecnoCampus à Barcelone,cited page was not read by the fetcher (cannot check)
r023,Haute Ecole de la Communauté française Albert Jacquard,partner,Escuela Universitaria de Osuna,https://www.heaj.be/fr/int/partenaires-par-departement/,Escuela Universitaria de Osuna,cited page was not read by the fetcher (cannot check)
r023,Haute Ecole de la Communauté française Albert Jacquard,partner,iDEM,https://www.heaj.be/fr/int/partenaires-par-departement/,L’iDEM à Perpignan et Barcelone,cited page was not read by the fetcher (cannot check)
r023,Haute Ecole de la Communauté française Albert Jacquard,partner,ESAAT,https://www.heaj.be/fr/int/partenaires-par-departement/,L’ESAAT (Ecole supérieure des arts appliqués et du textile) de Roubaix,cited page was not read by the fetcher (cannot check)
r023,Haute Ecole de la Communauté française Albert Jacquard,partner,ENSIIE,https://www.heaj.be/fr/int/partenaires-par-departement/,L’ENSIIE (Ecole nationale supérieure d’informatique pour l’industrie et l’entreprise) d’Evry (Paris),cited page was not read by the fetcher (cannot check)
r023,Haute Ecole de la Communauté française Albert Jacquard,partner,Université de Toulon,https://www.heaj.be/fr/int/partenaires-par-departement/,Université de Toulon,cited page was not read by the fetcher (cannot check)
r023,Haute Ecole de la Communauté française Albert Jacquard,partner,ECV Paris,https://www.heaj.be/fr/int/partenaires-par-departement/,"ECV Paris – Ecole de Design, Animation, Game, Digital",cited page was not read by the fetcher (cannot check)
r023,Haute Ecole de la Communauté française Albert Jacquard,partner,Université de Bordeaux,https://www.heaj.be/fr/int/partenaires-par-departement/,Université de Bordeaux,cited page was not read by the fetcher (cannot check)
r023,Haute Ecole de la Communauté française Albert Jacquard,partner,Université de Bordeaux-Montaigne,https://www.heaj.be/fr/int/partenaires-par-departement/,Université de Bordeaux-Montaigne à Bordeaux,cited page was not read by the fetcher (cannot check)
r023,Haute Ecole de la Communauté française Albert Jacquard,partner,École Brassart,https://www.heaj.be/fr/int/partenaires-par-departement/,École Brassart,cited page was not read by the fetcher (cannot check)
r023,Haute Ecole de la Communauté française Albert Jacquard,partner,Université Grenoble Alpes,https://www.heaj.be/fr/int/partenaires-par-departement/,Université Grenoble Alpes (Chambéry),cited page was not read by the fetcher (cannot check)
r023,Haute Ecole de la Communauté française Albert Jacquard,partner,Université de Versailles ST-Quentin en Yvelines,https://www.heaj.be/fr/int/partenaires-par-departement/,Université de Versailles ST-Quentin en Yvelines (groupe Paris-Saclay),cited page was not read by the fetcher (cannot check)
r023,Haute Ecole de la Communauté française Albert Jacquard,partner,Université Paul Valéry de Montpellier III,https://www.heaj.be/fr/int/partenaires-par-departement/,Université Paul Valéry de Montpellier III,cited page was not read by the fetcher (cannot check)
r023,Haute Ecole de la Communauté française Albert Jacquard,partner,Université Aix-Marseille,https://www.heaj.be/fr/int/partenaires-par-departement/,Université Aix-Marseille,cited page was not read by the fetcher (cannot check)
r023,Haute Ecole de la Communauté française Albert Jacquard,partner,Université des Antilles,https://www.heaj.be/fr/int/partenaires-par-departement/,Université des Antilles,cited page was not read by the fetcher (cannot check)
r023,Haute Ecole de la Communauté française Albert Jacquard,partner,Université de Caen,https://www.heaj.be/fr/int/partenaires-par-departement/,Université de Caen,cited page was not read by the fetcher (cannot check)
r023,Haute Ecole de la Communauté française Albert Jacquard,partner,Ecole Emile Cohl Lyon,https://www.heaj.be/fr/int/partenaires-par-departement/,Ecole Emile Cohl Lyon,cited page was not read by the fetcher (cannot check)
r023,Haute Ecole de la Communauté française Albert Jacquard,partner,Université de Ioannina,https://www.heaj.be/fr/int/partenaires-par-departement/,Université de Ioannina,cited page was not read by the fetcher (cannot check)
r023,Haute Ecole de la Communauté française Albert Jacquard,partner,Kodolanyi College,https://www.heaj.be/fr/int/partenaires-par-departement/,"Le Kodolanyi College, Szekesfehervar",cited page was not read by the fetcher (cannot check)
r023,Haute Ecole de la Communauté française Albert Jacquard,partner,College of Dunaujvaros,https://www.heaj.be/fr/int/partenaires-par-departement/,Le College of Dunaujvaros,cited page was not read by the fetcher (cannot check)
r023,Haute Ecole de la Communauté française Albert Jacquard,partner,Université dell’Insubria,https://www.heaj.be/fr/int/partenaires-par-departement/,"L’Université dell’Insubria, à Varese",cited page was not read by the fetcher (cannot check)
r023,Haute Ecole de la Communauté française Albert Jacquard,partner,Institut Panthéon,https://www.heaj.be/fr/int/partenaires-par-departement/,"L’Institut Panthéon, à Rome",cited page was not read by the fetcher (cannot check)
r023,Haute Ecole de la Communauté française Albert Jacquard,partner,"The school of business administration, Turiba",https://www.heaj.be/fr/int/partenaires-par-departement/,"The school of business administration, Turiba",cited page was not read by the fetcher (cannot check)
r023,Haute Ecole de la Communauté française Albert Jacquard,partner,Kauno Kolegija,https://www.heaj.be/fr/int/partenaires-par-departement/,"Le Kauno Kolegija, à Kaunas",cited page was not read by the fetcher (cannot check)
r023,Haute Ecole de la Communauté française Albert Jacquard,partner,LTAM,https://www.heaj.be/fr/int/partenaires-par-departement/,Le LTAM à Luxembourg,cited page was not read by the fetcher (cannot check)
r023,Haute Ecole de la Communauté française Albert Jacquard,partner,Université du Luxembourg,https://www.heaj.be/fr/int/partenaires-par-departement/,L’Université du Luxembourg,cited page was not read by the fetcher (cannot check)
r023,Haute Ecole de la Communauté française Albert Jacquard,partner,Instituto politecnico de Santarèm,https://www.heaj.be/fr/int/partenaires-par-departement/,L’Instituto politecnico de Santarèm,cited page was not read by the fetcher (cannot check)
r023,Haute Ecole de la Communauté française Albert Jacquard,partner,Universitatea Babes-Bolyai Cluj-Napoca,https://www.heaj.be/fr/int/partenaires-par-departement/,Universitatea Babes-Bolyai Cluj-Napoca,cited page was not read by the fetcher (cannot check)
r023,Haute Ecole de la Communauté française Albert Jacquard,partner,National University of Science and Technology MISIS,https://www.heaj.be/fr/int/partenaires-par-departement/,National University of Science and Technology MISIS de Moscou,cited page was not read by the fetcher (cannot check)
r023,Haute Ecole de la Communauté française Albert Jacquard,partner,University of the West of Scotland,https://www.heaj.be/fr/int/partenaires-par-departement/,University of the West of Scotland,cited page was not read by the fetcher (cannot check)
r023,Haute Ecole de la Communauté française Albert Jacquard,partner,SUPSI,https://www.heaj.be/fr/int/partenaires-par-departement/,"La SUPSI (Scuola universitaria professionale della Svizzera italiana), à Lugano",cited page was not read by the fetcher (cannot check)
r023,Haute Ecole de la Communauté française Albert Jacquard,partner,Université de Fribourg,https://www.heaj.be/fr/int/partenaires-par-departement/,L’Université de Fribourg,cited page was not read by the fetcher (cannot check)
r023,Haute Ecole de la Communauté française Albert Jacquard,partner,Uskudar University,https://www.heaj.be/fr/int/partenaires-par-departement/,"Uskudar University, Istanbul",cited page was not read by the fetcher (cannot check)
r023,Haute Ecole de la Communauté française Albert Jacquard,partner,Université Laval,https://www.heaj.be/fr/int/partenaires-par-departement/,"L’Université Laval, à Québec",cited page was not read by the fetcher (cannot check)
r023,Haute Ecole de la Communauté française Albert Jacquard,partner,Cégep de Ste-Foy,https://www.heaj.be/fr/int/partenaires-par-departement/,"Le Cégep de Ste-Foy, à Québec",cited page was not read by the fetcher (cannot check)
r023,Haute Ecole de la Communauté française Albert Jacquard,partner,La Cité collégiale,https://www.heaj.be/fr/int/partenaires-par-departement/,"La Cité collégiale, à Ottawa",cited page was not read by the fetcher (cannot check)
r023,Haute Ecole de la Communauté française Albert Jacquard,partner,Cégep de l’Outaouais,https://www.heaj.be/fr/int/partenaires-par-departement/,"Le Cégep de l’Outaouais, à Québec",cited page was not read by the fetcher (cannot check)
r023,Haute Ecole de la Communauté française Albert Jacquard,partner,Université du Québec,https://www.heaj.be/fr/int/partenaires-par-departement/,"Université du Québec, à Chicoutimi",cited page was not read by the fetcher (cannot check)
r023,Haute Ecole de la Communauté française Albert Jacquard,partner,"Cegep, à Chicoutimi",https://www.heaj.be/fr/int/partenaires-par-departement/,"Cegep, à Chicoutimi",cited page was not read by the fetcher (cannot check)
r023,Haute Ecole de la Communauté française Albert Jacquard,partner,Collège Ahuntsic,https://www.heaj.be/fr/int/partenaires-par-departement/,"Le Collège Ahuntsic, à Montréal",cited page was not read by the fetcher (cannot check)
r023,Haute Ecole de la Communauté française Albert Jacquard,partner,Université de Regina,https://www.heaj.be/fr/int/partenaires-par-departement/,"L’Université de Regina, à Regina",cited page was not read by the fetcher (cannot check)
r023,Haute Ecole de la Communauté française Albert Jacquard,partner,Cégep de Matane,https://www.heaj.be/fr/int/partenaires-par-departement/,Cégep de Matane à Québec,cited page was not read by the fetcher (cannot check)
r023,Haute Ecole de la Communauté française Albert Jacquard,partner,Université Concordia,https://www.heaj.be/fr/int/partenaires-par-departement/,Université Concordia de Montréal,cited page was not read by the fetcher (cannot check)
r023,Haute Ecole de la Communauté française Albert Jacquard,partner,Universidad Autonoma de Guadalajara,https://www.heaj.be/fr/int/partenaires-par-departement/,"L’Universidad Autonoma de Guadalajara, à Guadalajara",cited page was not read by the fetcher (cannot check)
r023,Haute Ecole de la Communauté française Albert Jacquard,partner,Universidad nacional del Sur,https://www.heaj.be/fr/int/partenaires-par-departement/,"Universidad nacional del Sur, Bahia Blanca",cited page was not read by the fetcher (cannot check)
r023,Haute Ecole de la Communauté française Albert Jacquard,partner,PONTIFÍCIA UNIVERSIDADE CATÓLICA DO PARANÁ,https://www.heaj.be/fr/int/partenaires-par-departement/,PONTIFÍCIA UNIVERSIDADE CATÓLICA DO PARANÁ,cited page was not read by the fetcher (cannot check)
r023,Haute Ecole de la Communauté française Albert Jacquard,partner,Pontificia Universidad catolica de Santiago,https://www.heaj.be/fr/int/partenaires-par-departement/,Pontificia Universidad catolica de Santiago,cited page was not read by the fetcher (cannot check)
r023,Haute Ecole de la Communauté française Albert Jacquard,partner,Université San Martin de Porres,https://www.heaj.be/fr/int/partenaires-par-departement/,"Université San Martin de Porres, Lima",cited page was not read by the fetcher (cannot check)
r023,Haute Ecole de la Communauté française Albert Jacquard,partner,Université libanaise,https://www.heaj.be/fr/int/partenaires-par-departement/,"L’Université libanaise, Beyrout",cited page was not read by the fetcher (cannot check)
r023,Haute Ecole de la Communauté française Albert Jacquard,partner,Suqian University,https://www.heaj.be/fr/int/partenaires-par-departement/,"Suqian University, (https://enisae.squ.edu.cn/)",cited page was not read by the fetcher (cannot check)
r023,Haute Ecole de la Communauté française Albert Jacquard,partner,Université Nationale de Kongju,https://www.heaj.be/fr/int/partenaires-par-departement/,"Université Nationale de Kongju, Kongju",cited page was not read by the fetcher (cannot check)
r023,Haute Ecole de la Communauté française Albert Jacquard,partner,Université STMIK AMIKON,https://www.heaj.be/fr/int/partenaires-par-departement/,"Université STMIK AMIKON, Yogyakarta",cited page was not read by the fetcher (cannot check)
r023,Haute Ecole de la Communauté française Albert Jacquard,partner,ECC Computer College,https://www.heaj.be/fr/int/partenaires-par-departement/,ECC Computer College à Osaka,cited page was not read by the fetcher (cannot check)
r023,Haute Ecole de la Communauté française Albert Jacquard,partner,INTI : International University and Colleges,https://www.heaj.be/fr/int/partenaires-par-departement/,INTI : International University and Colleges,cited page was not read by the fetcher (cannot check)
r023,Haute Ecole de la Communauté française Albert Jacquard,partner,Université Phan Thiet,https://www.heaj.be/fr/int/partenaires-par-departement/,Université Phan Thiet,cited page was not read by the fetcher (cannot check)
r023,Haute Ecole de la Communauté française Albert Jacquard,partner,HEC Rabat Business School,https://www.heaj.be/fr/int/partenaires-par-departement/,HEC Rabat Business School,cited page was not read by the fetcher (cannot check)
r023,Haute Ecole de la Communauté française Albert Jacquard,partner,Académie de Saint-Louis,https://www.heaj.be/fr/int/partenaires-par-departement/,Académie de Saint-Louis,cited page was not read by the fetcher (cannot check)
r023,Haute Ecole de la Communauté française Albert Jacquard,partner,Le BIEFOR,https://www.heaj.be/fr/int/partenaires-par-departement/,Le BIEFOR – Bureau International en Education et Formation,cited page was not read by the fetcher (cannot check)
r023,Haute Ecole de la Communauté française Albert Jacquard,partner,Cultural Vistas,https://www.heaj.be/fr/int/partenaires-par-departement/,"Cultural Vistas, Etats-Unis",cited page was not read by the fetcher (cannot check)
r023,Haute Ecole de la Communauté française Albert Jacquard,partner,NEW – (Namur Europe Wallonie),https://www.heaj.be/fr/int/partenaires-par-departement/,NEW – (Namur Europe Wallonie) Organisme de promotion de la Ville de Namur,cited page was not read by the fetcher (cannot check)
r023,Haute Ecole de la Communauté française Albert Jacquard,partner,EuropeDirect,https://www.heaj.be/fr/int/partenaires-par-departement/,EuropeDirect – Réseau européen d’information en Province de Namur,cited page was not read by the fetcher (cannot check)
r023,Haute Ecole de la Communauté française Albert Jacquard,partner,Le Bureau économique de la Province de Namur – (BEP),https://www.heaj.be/fr/int/partenaires-par-departement/,Le Bureau économique de la Province de Namur – (BEP),cited page was not read by the fetcher (cannot check)
r023,Haute Ecole de la Communauté française Albert Jacquard,partner,La Fédération Wallonie-Bruxelles,https://www.heaj.be/fr/int/partenaires-par-departement/,La Fédération Wallonie-Bruxelles,cited page was not read by the fetcher (cannot check)
r023,Haute Ecole de la Communauté française Albert Jacquard,partner,le WBI- Wallonie-Bruxelles international,https://www.heaj.be/fr/int/partenaires-par-departement/,le WBI- Wallonie-Bruxelles international,cited page was not read by the fetcher (cannot check)
r023,Haute Ecole de la Communauté française Albert Jacquard,partner,L’AGEFA mobilité,https://www.heaj.be/fr/int/partenaires-par-departement/,"L’AGEFA mobilité, réseau d’entreprises partenaires",cited page was not read by the fetcher (cannot check)
r023,Haute Ecole de la Communauté française Albert Jacquard,partner,le BIJ (Bureau International Jeunesse),https://www.heaj.be/fr/int/partenaires-par-departement/,le BIJ (Bureau International Jeunesse),cited page was not read by the fetcher (cannot check)
r023,Haute Ecole de la Communauté française Albert Jacquard,partner,Erasmus+,https://www.heaj.be/fr/int/mobilite-etudiante/,"Un des principaux objectifs de la Cellule Relations Internationales est naturellement d’encourager la mobilité des étudiants. Dans cette optique, les étudiants peuvent bénéficier de bourses Erasmus+ pour leur séjour d’étude ou leur stage. Toutes les informations pratiques concernant ces bourses se trouvent dans la rubrique « étudiants sortants » mais vous pouvez également consulter le document « foire aux questions » rassemblant les questions les plus fréquentes sur la mobilité Erasmus+.",cited page was not read by the fetcher (cannot check)
r023,Haute Ecole de la Communauté française Albert Jacquard,partner,AEF,https://www.heaj.be/fr/int/mobilite-etudiante/,"L’AEF propose un prêt Erasmus+ pour les Masters (Student Loan Guarantee Facility). Pour rappel, Erasmus+ offre la possibilité aux étudiants de demander un prêt pour suivre des études de master à l’étranger. Ces prêts sont proposés par les banques et les agences de prêts participant au projet, à des conditions intéressantes: les taux d’intérêt sont plus avantageux que ceux du marché et les prêts sont remboursables en deux ans, pour permettre aux diplômés de trouver un emploi avant de commencer à ",cited page was not read by the fetcher (cannot check)
r023,Haute Ecole de la Communauté française Albert Jacquard,partner,URegina,https://www.heaj.be/fr/int/partenaires-par-departement/,"Description détaillée pour les partenaires suivants : URegina (Canada), INTI (Malaysie), USMP (Pérou), ASUE (Arménie), Uskudar (Turquie) : pdf",cited page was not read by the fetcher (cannot check)
r023,Haute Ecole de la Communauté française Albert Jacquard,partner,INTI,https://www.heaj.be/fr/int/partenaires-par-departement/,"Description détaillée pour les partenaires suivants : URegina (Canada), INTI (Malaysie), USMP (Pérou), ASUE (Arménie), Uskudar (Turquie) : pdf",cited page was not read by the fetcher (cannot check)
r023,Haute Ecole de la Communauté française Albert Jacquard,partner,USMP,https://www.heaj.be/fr/int/partenaires-par-departement/,"Description détaillée pour les partenaires suivants : URegina (Canada), INTI (Malaysie), USMP (Pérou), ASUE (Arménie), Uskudar (Turquie) : pdf",cited page was not read by the fetcher (cannot check)
r023,Haute Ecole de la Communauté française Albert Jacquard,partner,ASUE,https://www.heaj.be/fr/int/partenaires-par-departement/,"Description détaillée pour les partenaires suivants : URegina (Canada), INTI (Malaysie), USMP (Pérou), ASUE (Arménie), Uskudar (Turquie) : pdf",cited page was not read by the fetcher (cannot check)
r023,Haute Ecole de la Communauté française Albert Jacquard,partner,Uskudar,https://www.heaj.be/fr/int/partenaires-par-departement/,"Description détaillée pour les partenaires suivants : URegina (Canada), INTI (Malaysie), USMP (Pérou), ASUE (Arménie), Uskudar (Turquie) : pdf",cited page was not read by the fetcher (cannot check)
r023,Haute Ecole de la Communauté française Albert Jacquard,partner,ESAAT (Ecole supérieure des arts appliqués et du textile),https://www.heaj.be/fr/int/partenaires-par-departement/,L’ESAAT (Ecole supérieure des arts appliqués et du textile) de Roubaix,cited page was not read by the fetcher (cannot check)
r023,Haute Ecole de la Communauté française Albert Jacquard,partner,ENSIIE (Ecole nationale supérieure d’informatique pour l’industrie et l’entreprise),https://www.heaj.be/fr/int/partenaires-par-departement/,L’ENSIIE (Ecole nationale supérieure d’informatique pour l’industrie et l’entreprise) d’Evry (Paris),cited page was not read by the fetcher (cannot check)
r023,Haute Ecole de la Communauté française Albert Jacquard,partner,Le Kodolanyi College,https://www.heaj.be/fr/int/partenaires-par-departement/,"Le Kodolanyi College, Szekesfehervar",cited page was not read by the fetcher (cannot check)
r023,Haute Ecole de la Communauté française Albert Jacquard,partner,Le College of Dunaujvaros,https://www.heaj.be/fr/int/partenaires-par-departement/,Le College of Dunaujvaros,cited page was not read by the fetcher (cannot check)
r023,Haute Ecole de la Communauté française Albert Jacquard,partner,L’Université dell’Insubria,https://www.heaj.be/fr/int/partenaires-par-departement/,"L’Université dell’Insubria, à Varese",cited page was not read by the fetcher (cannot check)
r023,Haute Ecole de la Communauté française Albert Jacquard,partner,L’Institut Panthéon,https://www.heaj.be/fr/int/partenaires-par-departement/,"L’Institut Panthéon, à Rome",cited page was not read by the fetcher (cannot check)
r023,Haute Ecole de la Communauté française Albert Jacquard,partner,Le Kauno Kolegija,https://www.heaj.be/fr/int/partenaires-par-departement/,"Le Kauno Kolegija, à Kaunas",cited page was not read by the fetcher (cannot check)
r023,Haute Ecole de la Communauté française Albert Jacquard,partner,Le LTAM,https://www.heaj.be/fr/int/partenaires-par-departement/,Le LTAM à Luxembourg,cited page was not read by the fetcher (cannot check)
r023,Haute Ecole de la Communauté française Albert Jacquard,partner,L’Université du Luxembourg,https://www.heaj.be/fr/int/partenaires-par-departement/,L’Université du Luxembourg,cited page was not read by the fetcher (cannot check)
r023,Haute Ecole de la Communauté française Albert Jacquard,partner,L’Instituto politecnico de Santarèm,https://www.heaj.be/fr/int/partenaires-par-departement/,L’Instituto politecnico de Santarèm,cited page was not read by the fetcher (cannot check)
r023,Haute Ecole de la Communauté française Albert Jacquard,partner,National University of Science and Technology MISIS de Moscou,https://www.heaj.be/fr/int/partenaires-par-departement/,National University of Science and Technology MISIS de Moscou,cited page was not read by the fetcher (cannot check)
r023,Haute Ecole de la Communauté française Albert Jacquard,partner,La SUPSI (Scuola universitaria professionale della Svizzera italiana),https://www.heaj.be/fr/int/partenaires-par-departement/,"La SUPSI (Scuola universitaria professionale della Svizzera italiana), à Lugano",cited page was not read by the fetcher (cannot check)
r023,Haute Ecole de la Communauté française Albert Jacquard,partner,L’Université de Fribourg,https://www.heaj.be/fr/int/partenaires-par-departement/,L’Université de Fribourg,cited page was not read by the fetcher (cannot check)
r023,Haute Ecole de la Communauté française Albert Jacquard,partner,L’Université Laval,https://www.heaj.be/fr/int/partenaires-par-departement/,"L’Université Laval, à Québec",cited page was not read by the fetcher (cannot check)
r023,Haute Ecole de la Communauté française Albert Jacquard,partner,Le Cégep de Ste-Foy,https://www.heaj.be/fr/int/partenaires-par-departement/,"Le Cégep de Ste-Foy, à Québec",cited page was not read by the fetcher (cannot check)
r023,Haute Ecole de la Communauté française Albert Jacquard,partner,Le Cégep de l’Outaouais,https://www.heaj.be/fr/int/partenaires-par-departement/,"Le Cégep de l’Outaouais, à Québec",cited page was not read by the fetcher (cannot check)
r023,Haute Ecole de la Communauté française Albert Jacquard,partner,Cegep,https://www.heaj.be/fr/int/partenaires-par-departement/,"Cegep, à Chicoutimi",cited page was not read by the fetcher (cannot check)
r023,Haute Ecole de la Communauté française Albert Jacquard,partner,Le Collège Ahuntsic,https://www.heaj.be/fr/int/partenaires-par-departement/,"Le Collège Ahuntsic, à Montréal",cited page was not read by the fetcher (cannot check)
r023,Haute Ecole de la Communauté française Albert Jacquard,partner,L’Université de Regina,https://www.heaj.be/fr/int/partenaires-par-departement/,"L’Université de Regina, à Regina",cited page was not read by the fetcher (cannot check)
r023,Haute Ecole de la Communauté française Albert Jacquard,partner,L’Universidad Autonoma de Guadalajara,https://www.heaj.be/fr/int/partenaires-par-departement/,"L’Universidad Autonoma de Guadalajara, à Guadalajara",cited page was not read by the fetcher (cannot check)
r023,Haute Ecole de la Communauté française Albert Jacquard,partner,L’Université libanaise,https://www.heaj.be/fr/int/partenaires-par-departement/,"L’Université libanaise, Beyrout",cited page was not read by the fetcher (cannot check)
r023,Haute Ecole de la Communauté française Albert Jacquard,partner,Le BIEFOR – Bureau International en Education et Formation,https://www.heaj.be/fr/int/partenaires-par-departement/,Le BIEFOR – Bureau International en Education et Formation,cited page was not read by the fetcher (cannot check)
r023,Haute Ecole de la Communauté française Albert Jacquard,campus,Campus des Cadets,https://www.heaj.be/fr/,"Place de l'Ecole des Cadets 4, 5000 Namur info@heaj.be <info@heaj.be>",cited page was not read by the fetcher (cannot check)
r023,Haute Ecole de la Communauté française Albert Jacquard,campus,Entreprise & communication – Namur,https://www.heaj.be/fr/,1 Place Saint-Aubain 5000 Namur question@heaj.be <question@heaj.be>,cited page was not read by the fetcher (cannot check)
r023,Haute Ecole de la Communauté française Albert Jacquard,campus,Entreprise & communication – Charleroi Métropole,https://www.heaj.be/fr/,97 Avenue Président Roosevelt 5060 Tamines question@heaj.be <question@heaj.be>,cited page was not read by the fetcher (cannot check)
r024,AKADEMIA BIALSKA NAUK STOSOWANYCH IM. JANA PAWŁA II,campus,Akademia Bialska Nauk Stosowanych im. Jana Pawła II,https://akademiabialska.pl/,ul. Sidorska 95/97,cited page was not read by the fetcher (cannot check)
r025,Duale Hochschule Baden-Württemberg Lörrach,partner,Université de Haute Alsace – UHA,https://dhbw-loerrach.de/ibm/studieninhalte-profil,"Der Studiengang International Business Management (IBM) Trinational vermittelt betriebswirtschaftliche und interkulturelle Kompetenzen. Ein besonderes Merkmal des Studiengangs stellt das grenzüberschreitende Konzept dar. Das heißt, das mehrsprachige Studium wird gemeinsam mit den beiden Partnerhochschulen Université de Haute Alsace – UHA in Colmar (Frankreich) und der Fachhochschule Nordwestschweiz – FHNW in Basel (Schweiz) durchgeführt.",cited page was not read by the fetcher (cannot check)
r025,Duale Hochschule Baden-Württemberg Lörrach,partner,Fachhochschule Nordwestschweiz – FHNW,https://dhbw-loerrach.de/ibm/studieninhalte-profil,"Der Studiengang International Business Management (IBM) Trinational vermittelt betriebswirtschaftliche und interkulturelle Kompetenzen. Ein besonderes Merkmal des Studiengangs stellt das grenzüberschreitende Konzept dar. Das heißt, das mehrsprachige Studium wird gemeinsam mit den beiden Partnerhochschulen Université de Haute Alsace – UHA in Colmar (Frankreich) und der Fachhochschule Nordwestschweiz – FHNW in Basel (Schweiz) durchgeführt.",cited page was not read by the fetcher (cannot check)
r025,Duale Hochschule Baden-Württemberg Lörrach,partner,Deutsch-Französische Hochschule (DFH),https://dhbw-loerrach.de/forschung/wissenstransfer-kooperationen,Deutsch-Französische Hochschule (DFH),cited page was not read by the fetcher (cannot check)
r025,Duale Hochschule Baden-Württemberg Lörrach,campus,Standort Hangstraße,https://dhbw-loerrach.de/kontakt/standorte#inhalt,Standort Hangstraße,cited page was not read by the fetcher (cannot check)
r025,Duale Hochschule Baden-Württemberg Lörrach,campus,Standort Marie-Curie-Straße (KBC),https://dhbw-loerrach.de/kontakt/standorte#inhalt,Standort Marie-Curie-Straße (KBC),cited page was not read by the fetcher (cannot check)
r025,Duale Hochschule Baden-Württemberg Lörrach,campus,Standort Vitra Campus,https://dhbw-loerrach.de/kontakt/standorte#inhalt,Standort Vitra Campus,cited page was not read by the fetcher (cannot check)
r026,Det Kongelige Danske Musikkonservatorium,campus,Det Kongelige Danske Musikkonservatorium,https://www.dkdm.dk/da,Rosenørns Allé 22,cited page was not read by the fetcher (cannot check)
r027,INSTITUTE OF TECHNOLOGY SLIGO - ITS,partner,World Technology Universities Network (WTUN),https://noneuapply.atu.ie/,Two PhD students from Atlantic Technological University achieved first place in the prestigious World Technology Universities Network (WTUN) Student Competition 2025.,cited page was not read by the fetcher (cannot check)
r027,INSTITUTE OF TECHNOLOGY SLIGO - ITS,partner,Global Sustainable Tourism Council (GSTC),https://noneuapply.atu.ie/,"County Clare has become the first county in Ireland to achieve full certification as a sustainable tourism destination, marking a significant milestone in the evolution of Irish tourism. The certification, awarded by EarthCheck and aligned with the Global Sustainable Tourism Council (GSTC) standards, positions Clare as a global leader in responsible travel and destination management.",cited page was not read by the fetcher (cannot check)
r027,INSTITUTE OF TECHNOLOGY SLIGO - ITS,partner,Texas A&M University,https://noneuapply.atu.ie/,"Atlantic Technological University announces that the Irish team, IRIS, has been selected among the six finalist teams for IFTP 2025. The team will compete at Texas A&M University, College Station next week, from April 15–18, for the title of Global Champion.",cited page was not read by the fetcher (cannot check)
r027,INSTITUTE OF TECHNOLOGY SLIGO - ITS,partner,Bright Kids Uganda (BKU),https://noneuapply.atu.ie/,"Since 2017, Atlantic Technological University (ATU) St Angelas has supported NGO Bright Kids Uganda (BKU) through various humanitarian initiatives. Since then, a formal Erasmus+ partnership has been established which offers students and staff a truly life-changing experience though community engagement projects in the Entebbe region of the country.",cited page was not read by the fetcher (cannot check)
r027,INSTITUTE OF TECHNOLOGY SLIGO - ITS,partner,EarthCheck,https://noneuapply.atu.ie/,"County Clare has become the first county in Ireland to achieve full certification as a sustainable tourism destination, marking a significant milestone in the evolution of Irish tourism. The certification, awarded by EarthCheck and aligned with the Global Sustainable Tourism Council (GSTC) standards, positions Clare as a global leader in responsible travel and destination management.",cited page was not read by the fetcher (cannot check)
r027,INSTITUTE OF TECHNOLOGY SLIGO - ITS,campus,Atlantic Technological University Donegal,https://noneuapply.atu.ie/,Atlantic Technological University Donegal,cited page was not read by the fetcher (cannot check)
r027,INSTITUTE OF TECHNOLOGY SLIGO - ITS,campus,Atlantic Technological University Galway-Mayo,https://noneuapply.atu.ie/,Atlantic Technological University Galway-Mayo,cited page was not read by the fetcher (cannot check)
r027,INSTITUTE OF TECHNOLOGY SLIGO - ITS,campus,Atlantic Technological University Sligo,https://noneuapply.atu.ie/,Atlantic Technological University Sligo,cited page was not read by the fetcher (cannot check)
r034,Institut Supérieur de Gestion,contact,Elodie GRAY,https://www.isg.fr/international/le-programme-erasmus/,Élodie GRAY ... Coordinatrice Erasmus+,cited page was not read by the fetcher (cannot check)
r034,Institut Supérieur de Gestion,partner,Berlin School of Business,https://www.isg.fr/international/partenaires-europe/,Berlin School of Business,cited page was not read by the fetcher (cannot check)
r034,Institut Supérieur de Gestion,partner,FH Köln,https://www.isg.fr/international/partenaires-europe/,FH Köln,cited page was not read by the fetcher (cannot check)
r034,Institut Supérieur de Gestion,partner,Cologne Business School,https://www.isg.fr/international/partenaires-europe/,Cologne Business School,cited page was not read by the fetcher (cannot check)
r034,Institut Supérieur de Gestion,partner,Ernst-Abbe-Hochschule Jena University of Applied Sciences,https://www.isg.fr/international/partenaires-europe/,Ernst-Abbe-Hochschule Jena University of Applied Sciences,cited page was not read by the fetcher (cannot check)
r034,Institut Supérieur de Gestion,partner,FH Nüremberg,https://www.isg.fr/international/partenaires-europe/,FH Nüremberg,cited page was not read by the fetcher (cannot check)
r034,Institut Supérieur de Gestion,partner,Universität Paderborn,https://www.isg.fr/international/partenaires-europe/,Universität Paderborn,cited page was not read by the fetcher (cannot check)
r034,Institut Supérieur de Gestion,partner,"MCI, Management Center Innsbruck",https://www.isg.fr/international/partenaires-europe/,"MCI, Management Center Innsbruck",cited page was not read by the fetcher (cannot check)
r034,Institut Supérieur de Gestion,partner,Hasselt University,https://www.isg.fr/international/partenaires-europe/,Hasselt University,cited page was not read by the fetcher (cannot check)
r034,Institut Supérieur de Gestion,partner,New Bulgarian University,https://www.isg.fr/international/partenaires-europe/,New Bulgarian University,cited page was not read by the fetcher (cannot check)
r034,Institut Supérieur de Gestion,partner,University of Rijeka,https://www.isg.fr/international/partenaires-europe/,University of Rijeka,cited page was not read by the fetcher (cannot check)
r034,Institut Supérieur de Gestion,partner,University of Zagreb,https://www.isg.fr/international/partenaires-europe/,University of Zagreb,cited page was not read by the fetcher (cannot check)
r034,Institut Supérieur de Gestion,partner,CPHBusiness,https://www.isg.fr/international/partenaires-europe/,CPHBusiness,cited page was not read by the fetcher (cannot check)
r034,Institut Supérieur de Gestion,partner,Escuela de administración de Empresas,https://www.isg.fr/international/partenaires-europe/,Escuela de administración de Empresas (Double-Diplôme),cited page was not read by the fetcher (cannot check)
r034,Institut Supérieur de Gestion,partner,Universidad de Huelva,https://www.isg.fr/international/partenaires-europe/,Universidad de Huelva,cited page was not read by the fetcher (cannot check)
r034,Institut Supérieur de Gestion,partner,UNIE Madrid,https://www.isg.fr/international/partenaires-europe/,UNIE Madrid,cited page was not read by the fetcher (cannot check)
r034,Institut Supérieur de Gestion,partner,Universidad Carlos III de Madrid,https://www.isg.fr/international/partenaires-europe/,Universidad Carlos III de Madrid,cited page was not read by the fetcher (cannot check)
r034,Institut Supérieur de Gestion,partner,Universidad Rey Juan Carlos,https://www.isg.fr/international/partenaires-europe/,Universidad Rey Juan Carlos,cited page was not read by the fetcher (cannot check)
r034,Institut Supérieur de Gestion,partner,CESINE,https://www.isg.fr/international/partenaires-europe/,CESINE,cited page was not read by the fetcher (cannot check)
r034,Institut Supérieur de Gestion,partner,EUSA/Camara de comercia Sevilla,https://www.isg.fr/international/partenaires-europe/,EUSA/Camara de comercia Sevilla,cited page was not read by the fetcher (cannot check)
r034,Institut Supérieur de Gestion,partner,Estonian Business School,https://www.isg.fr/international/partenaires-europe/,Estonian Business School,cited page was not read by the fetcher (cannot check)
r034,Institut Supérieur de Gestion,partner,International Black Sea University,https://www.isg.fr/international/partenaires-europe/,International Black Sea University,cited page was not read by the fetcher (cannot check)
r034,Institut Supérieur de Gestion,partner,University of Corvinus of Budapest,https://www.isg.fr/international/partenaires-europe/,University of Corvinus of Budapest,cited page was not read by the fetcher (cannot check)
r034,Institut Supérieur de Gestion,partner,Griffith College Dublin,https://www.isg.fr/international/partenaires-europe/,Griffith College Dublin,cited page was not read by the fetcher (cannot check)
r034,Institut Supérieur de Gestion,partner,Dublin Business School,https://www.isg.fr/international/partenaires-europe/,Dublin Business School,cited page was not read by the fetcher (cannot check)
r034,Institut Supérieur de Gestion,partner,Griffith College,https://www.isg.fr/international/partenaires-europe/,Griffith College (Double-Diplôme),cited page was not read by the fetcher (cannot check)
r034,Institut Supérieur de Gestion,partner,UNIBO,https://www.isg.fr/international/partenaires-europe/,UNIBO,cited page was not read by the fetcher (cannot check)
r034,Institut Supérieur de Gestion,partner,UNIVERSITÀ CATTOLICA DEL SACRO CUORE,https://www.isg.fr/international/partenaires-europe/,UNIVERSITÀ CATTOLICA DEL SACRO CUORE,cited page was not read by the fetcher (cannot check)
r034,Institut Supérieur de Gestion,partner,UNINA,https://www.isg.fr/international/partenaires-europe/,UNINA,cited page was not read by the fetcher (cannot check)
r034,Institut Supérieur de Gestion,partner,Scuola di Administrazione Aziendale,https://www.isg.fr/international/partenaires-europe/,Scuola di Administrazione Aziendale,cited page was not read by the fetcher (cannot check)
r034,Institut Supérieur de Gestion,partner,KVK,https://www.isg.fr/international/partenaires-europe/,[kvk],cited page was not read by the fetcher (cannot check)
r034,Institut Supérieur de Gestion,partner,University American College Skopje,https://www.isg.fr/international/partenaires-europe/,University American College Skopje,cited page was not read by the fetcher (cannot check)
r034,Institut Supérieur de Gestion,partner,University of Agder,https://www.isg.fr/international/partenaires-europe/,University of Agder,cited page was not read by the fetcher (cannot check)
r034,Institut Supérieur de Gestion,partner,Hogeschool Tio,https://www.isg.fr/international/partenaires-europe/,Hogeschool Tio,cited page was not read by the fetcher (cannot check)
r034,Institut Supérieur de Gestion,partner,Fontys University of Applied Sciences,https://www.isg.fr/international/partenaires-europe/,Fontys University of Applied Sciences,cited page was not read by the fetcher (cannot check)
r034,Institut Supérieur de Gestion,partner,Cracow University of Economics,https://www.isg.fr/international/partenaires-europe/,Cracow University of Economics,cited page was not read by the fetcher (cannot check)
r034,Institut Supérieur de Gestion,partner,Gdansk University,https://www.isg.fr/international/partenaires-europe/,Gdansk University,cited page was not read by the fetcher (cannot check)
r034,Institut Supérieur de Gestion,partner,Kozminski University,https://www.isg.fr/international/partenaires-europe/,Kozminski University,cited page was not read by the fetcher (cannot check)
r034,Institut Supérieur de Gestion,partner,Lazarski University,https://www.isg.fr/international/partenaires-europe/,Lazarski University,cited page was not read by the fetcher (cannot check)
r034,Institut Supérieur de Gestion,partner,Wroclaw University of Economics,https://www.isg.fr/international/partenaires-europe/,Wroclaw University of Economics,cited page was not read by the fetcher (cannot check)
r034,Institut Supérieur de Gestion,partner,ISLA,https://www.isg.fr/international/partenaires-europe/,ISLA,cited page was not read by the fetcher (cannot check)
r034,Institut Supérieur de Gestion,partner,University of Economics,https://www.isg.fr/international/partenaires-europe/,University of Economics,cited page was not read by the fetcher (cannot check)
r034,Institut Supérieur de Gestion,partner,Skoda Auto University,https://www.isg.fr/international/partenaires-europe/,[Skoda Auto University],cited page was not read by the fetcher (cannot check)
r034,Institut Supérieur de Gestion,partner,Transilvania University of Brasov,https://www.isg.fr/international/partenaires-europe/,Transilvania University of Brasov,cited page was not read by the fetcher (cannot check)
r034,Institut Supérieur de Gestion,partner,Heriot-Watt University,https://www.isg.fr/international/partenaires-europe/,Heriot-Watt University (Douple-diplôme),cited page was not read by the fetcher (cannot check)
r034,Institut Supérieur de Gestion,partner,The Business School Edinburgh Napier University,https://www.isg.fr/international/partenaires-europe/,The Business School Edinburgh Napier University (Douple-diplôme),cited page was not read by the fetcher (cannot check)
r034,Institut Supérieur de Gestion,partner,Glasgow Caledonian University,https://www.isg.fr/international/partenaires-europe/,Glasgow Caledonian University,cited page was not read by the fetcher (cannot check)
r034,Institut Supérieur de Gestion,partner,Richmond International University,https://www.isg.fr/international/partenaires-europe/,Richmond International University (Douple-diplôme),cited page was not read by the fetcher (cannot check)
r034,Institut Supérieur de Gestion,partner,Saint-Petersburg University,https://www.isg.fr/international/partenaires-europe/,Saint-Petersburg University,cited page was not read by the fetcher (cannot check)
r034,Institut Supérieur de Gestion,partner,University of Economics in Bratislava,https://www.isg.fr/international/partenaires-europe/,University of Economics in Bratislava,cited page was not read by the fetcher (cannot check)
r034,Institut Supérieur de Gestion,partner,Hôgskolan Kristianstad,https://www.isg.fr/international/partenaires-europe/,Hôgskolan Kristianstad,cited page was not read by the fetcher (cannot check)
r034,Institut Supérieur de Gestion,partner,Södertörn University,https://www.isg.fr/international/partenaires-europe/,Södertörn University,cited page was not read by the fetcher (cannot check)
r034,Institut Supérieur de Gestion,partner,Fachhochschule Nordwestschweiz,https://www.isg.fr/international/partenaires-europe/,Fachhochschule Nordwestschweiz,cited page was not read by the fetcher (cannot check)
r034,Institut Supérieur de Gestion,partner,OSTIM Technical University,https://www.isg.fr/international/partenaires-europe/,OSTIM Technical University,cited page was not read by the fetcher (cannot check)
r034,Institut Supérieur de Gestion,partner,Kadir Has University,https://www.isg.fr/international/partenaires-europe/,Kadir Has University,cited page was not read by the fetcher (cannot check)
r034,Institut Supérieur de Gestion,partner,Yeditepe University,https://www.isg.fr/international/partenaires-europe/,Yeditepe University,cited page was not read by the fetcher (cannot check)
r034,Institut Supérieur de Gestion,partner,IA Institut by Epita & ISG,https://www.isg.fr/,IA Institut by Epita & ISG,cited page was not read by the fetcher (cannot check)
r034,Institut Supérieur de Gestion,partner,OpenAI,https://www.isg.fr/,"Cap sur Londres, au cœur de la révolution de l’intelligence artificielle. Les étudiants de l’ISG ont vécu un roadtrip immersif entre visites exclusives chez OpenAI, rencontres avec la direction de StationAI et découvertes des enjeux IA chez KPMG et Schneider Electric.",cited page was not read by the fetcher (cannot check)
r034,Institut Supérieur de Gestion,partner,StationAI,https://www.isg.fr/,"Cap sur Londres, au cœur de la révolution de l’intelligence artificielle. Les étudiants de l’ISG ont vécu un roadtrip immersif entre visites exclusives chez OpenAI, rencontres avec la direction de StationAI et découvertes des enjeux IA chez KPMG et Schneider Electric.",cited page was not read by the fetcher (cannot check)
r034,Institut Supérieur de Gestion,partner,KPMG,https://www.isg.fr/,"Cap sur Londres, au cœur de la révolution de l’intelligence artificielle. Les étudiants de l’ISG ont vécu un roadtrip immersif entre visites exclusives chez OpenAI, rencontres avec la direction de StationAI et découvertes des enjeux IA chez KPMG et Schneider Electric.",cited page was not read by the fetcher (cannot check)
r034,Institut Supérieur de Gestion,partner,Schneider Electric,https://www.isg.fr/,"Cap sur Londres, au cœur de la révolution de l’intelligence artificielle. Les étudiants de l’ISG ont vécu un roadtrip immersif entre visites exclusives chez OpenAI, rencontres avec la direction de StationAI et découvertes des enjeux IA chez KPMG et Schneider Electric.",cited page was not read by the fetcher (cannot check)
r034,Institut Supérieur de Gestion,partner,Richemont Americas,https://www.isg.fr/,"Durant quelques jours, les étudiants de l’ISG ont exploré une nouvelle vision du luxe aux côtés de Richemont Americas, en échangeant sur la RSE et l’impact environnemental avec son President & CEO, Alumni de l’ISG.",cited page was not read by the fetcher (cannot check)
r034,Institut Supérieur de Gestion,partner,Compass,https://www.isg.fr/,"Entre engagement, excellence et visite exclusive d’un penthouse d’exception avec Compass, ce roadtrip a illustré une réalité clé : dans le luxe d’aujourd’hui, image et responsabilité vont de pair.",cited page was not read by the fetcher (cannot check)
r034,Institut Supérieur de Gestion,partner,TXT Media,https://www.isg.fr/,"En plus de cet événement d’envergure, les étudiants ont pu rencontrer de grandes entreprises telles que TXT Media et Henkel et rencontrer des Alumni venus faire carrière à Dubaï lors d’une soirée exclusive. Un moment privilégié qui a permis aux étudiants de recueillir les conseils de leurs prédécesseurs et de visualiser les opportunités de carrières internationales.",cited page was not read by the fetcher (cannot check)
r034,Institut Supérieur de Gestion,partner,Henkel,https://www.isg.fr/,"En plus de cet événement d’envergure, les étudiants ont pu rencontrer de grandes entreprises telles que TXT Media et Henkel et rencontrer des Alumni venus faire carrière à Dubaï lors d’une soirée exclusive. Un moment privilégié qui a permis aux étudiants de recueillir les conseils de leurs prédécesseurs et de visualiser les opportunités de carrières internationales.",cited page was not read by the fetcher (cannot check)
r034,Institut Supérieur de Gestion,partner,Google,https://www.isg.fr/,"de la tech, Google et LinkedIn",cited page was not read by the fetcher (cannot check)
r034,Institut Supérieur de Gestion,partner,LinkedIn,https://www.isg.fr/,"de la tech, Google et LinkedIn",cited page was not read by the fetcher (cannot check)
r034,Institut Supérieur de Gestion,partner,Piaget,https://www.isg.fr/,"Entre networking d’exception et immersion dans l’univers du luxe, ce roadtrip a offert aux étudiants de l’ISG une expérience unique. À Genève, ils ont découvert la puissance du réseau Alumni lors d’une soirée riche en échanges et opportunités, avant de plonger dans les coulisses de maisons horlogères prestigieuses comme Piaget et ANDERSEN Genève. Rencontres inspirantes, savoir-faire d’excellence et découvertes exclusives.",cited page was not read by the fetcher (cannot check)
r034,Institut Supérieur de Gestion,partner,ANDERSEN Genève,https://www.isg.fr/,"Entre networking d’exception et immersion dans l’univers du luxe, ce roadtrip a offert aux étudiants de l’ISG une expérience unique. À Genève, ils ont découvert la puissance du réseau Alumni lors d’une soirée riche en échanges et opportunités, avant de plonger dans les coulisses de maisons horlogères prestigieuses comme Piaget et ANDERSEN Genève. Rencontres inspirantes, savoir-faire d’excellence et découvertes exclusives.",cited page was not read by the fetcher (cannot check)
r034,Institut Supérieur de Gestion,partner,Havas,https://www.isg.fr/,"Pendant plusieurs jours, les étudiants de l’ISG ont eu l’opportunité de découvrir les coulisses du marketing d’influence lors d’une immersion exclusive chez Havas et de partager un moment fort lors d’une soirée dédiée au Alumni ISG.",cited page was not read by the fetcher (cannot check)
r034,Institut Supérieur de Gestion,partner,LVMH,https://www.isg.fr/,"Lors du roadtrip à Tokyo, nos étudiants ont assisté à de nombreuses rencontres avec des acteurs majeurs du luxe (LVMH), de l’automobile (Toyota) et du retail (Rakuten) afin de comprendre les défis environnementaux et les équilibres géopolitiques mondiaux.",cited page was not read by the fetcher (cannot check)
r034,Institut Supérieur de Gestion,partner,Toyota,https://www.isg.fr/,"Lors du roadtrip à Tokyo, nos étudiants ont assisté à de nombreuses rencontres avec des acteurs majeurs du luxe (LVMH), de l’automobile (Toyota) et du retail (Rakuten) afin de comprendre les défis environnementaux et les équilibres géopolitiques mondiaux.",cited page was not read by the fetcher (cannot check)
r034,Institut Supérieur de Gestion,partner,Rakuten,https://www.isg.fr/,"Lors du roadtrip à Tokyo, nos étudiants ont assisté à de nombreuses rencontres avec des acteurs majeurs du luxe (LVMH), de l’automobile (Toyota) et du retail (Rakuten) afin de comprendre les défis environnementaux et les équilibres géopolitiques mondiaux.",cited page was not read by the fetcher (cannot check)
r034,Institut Supérieur de Gestion,partner,Sanofi,https://www.isg.fr/,Rencontre avec l’excellence pharmaceutique : Sanofi,cited page was not read by the fetcher (cannot check)
r034,Institut Supérieur de Gestion,partner,PRME,https://www.isg.fr/,[PRME],cited page was not read by the fetcher (cannot check)
r034,Institut Supérieur de Gestion,partner,logo-efmd,https://www.isg.fr/,[logo-efmd],cited page was not read by the fetcher (cannot check)
r034,Institut Supérieur de Gestion,partner,logo-amcham,https://www.isg.fr/,[logo-amcham],cited page was not read by the fetcher (cannot check)
r034,Institut Supérieur de Gestion,partner,logo-cladea,https://www.isg.fr/,[logo-cladea],cited page was not read by the fetcher (cannot check)
r034,Institut Supérieur de Gestion,partner,logo-cdefm,https://www.isg.fr/,[logo-cdefm],cited page was not read by the fetcher (cannot check)
r034,Institut Supérieur de Gestion,partner,logo-ugei,https://www.isg.fr/,[logo-ugei],cited page was not read by the fetcher (cannot check)
r034,Institut Supérieur de Gestion,partner,AACSB - Business Education Alliance,https://www.isg.fr/,[AACSB - Business Education Alliance],cited page was not read by the fetcher (cannot check)
r034,Institut Supérieur de Gestion,partner,CEFDG,https://www.isg.fr/,[CEFDG],cited page was not read by the fetcher (cannot check)
r034,Institut Supérieur de Gestion,partner,IONIS Education Group,https://www.isg.fr/,Établissement d’enseignement supérieur privé. Cette école est membre de IONIS Education Group,cited page was not read by the fetcher (cannot check)
r034,Institut Supérieur de Gestion,partner,Roehampton University,https://www.isg.fr/programmes/bmi/,"Les étudiants ont la possibilité en 2e et/ou 3e année d’effectuer un échange académique dans une université partenaire de l’ISG et d’obtenir un double diplôme européen : le diplôme en Management International de l’ISG (visé Bac+3) et un Bachelor of Arts d’une université anglo-saxonne Griffith College (Dublin), DBS (Dublin Business School) ou Roehampton University (Londres).",cited page was not read by the fetcher (cannot check)
r034,Institut Supérieur de Gestion,partner,Conférence des Grandes Ecoles,https://www.isg.fr/en/international/the-erasmus-programme/,"Founded in 1967 and member of the “Conférence des Grandes Ecoles”, ISG is located on 9 campuses in France and abroad where it offers its programmes (Grande Ecole, Bachelor Management International, International program BBA / MBA, Business and Management, MSc and MBA, its Luxury Management track and its Sport Business Management track (Bachelors and Masters)). Its active academic methods, rooted in current business issues, trains responsible, creative, enterprising managers who are able to evolv",cited page was not read by the fetcher (cannot check)
r034,Institut Supérieur de Gestion,campus,ISG Paris,https://www.isg.fr/,Paris,cited page was not read by the fetcher (cannot check)
r034,Institut Supérieur de Gestion,campus,ISG Bordeaux,https://www.isg.fr/,Bordeaux,cited page was not read by the fetcher (cannot check)
r034,Institut Supérieur de Gestion,campus,ISG Lille,https://www.isg.fr/,Lille,cited page was not read by the fetcher (cannot check)
r034,Institut Supérieur de Gestion,campus,ISG Genève,https://www.isg.fr/,Genève,cited page was not read by the fetcher (cannot check)
r034,Institut Supérieur de Gestion,campus,ISG Lyon,https://www.isg.fr/,Lyon,cited page was not read by the fetcher (cannot check)
r034,Institut Supérieur de Gestion,campus,ISG Nantes,https://www.isg.fr/,Nantes,cited page was not read by the fetcher (cannot check)
r034,Institut Supérieur de Gestion,campus,ISG Nice,https://www.isg.fr/,Nice,cited page was not read by the fetcher (cannot check)
r034,Institut Supérieur de Gestion,campus,ISG Strasbourg,https://www.isg.fr/,Strasbourg,cited page was not read by the fetcher (cannot check)
r034,Institut Supérieur de Gestion,campus,ISG Toulouse,https://www.isg.fr/,Toulouse,cited page was not read by the fetcher (cannot check)
r035,Folkwang Universität der Künste,contact,Dr. Christiane Boje-Karaaslan,https://www.folkwang-uni.de/home/hochschule/international/international-office,Dr. Christiane Boje-Karaaslan ... Dezernat Studium und Internationales | International Office | Leitung,cited page was not read by the fetcher (cannot check)
r035,Folkwang Universität der Künste,contact,Nora Naujoks,https://www.folkwang-uni.de/home/hochschule/international/international-office,Nora Naujoks ... Dezernat Studium und Internationales | Zentrale Studienberatung | International Office,cited page was not read by the fetcher (cannot check)
r035,Folkwang Universität der Künste,contact,"Angela Wallenzus, M.A.",https://www.folkwang-uni.de/home/hochschule/international/international-office,"Angela Wallenzus, M.A. ... Dezernat Studium und Internationales | International Office | Austausch Koordinatorin FB 4",cited page was not read by the fetcher (cannot check)
r035,Folkwang Universität der Künste,partner,"Artesis Plantijn Hogeschool Antwerpen -Royal Conservatoire, Antwerpen",https://www.folkwang-uni.de/home/tanz/choreographien-und-kooperationen/partnerhochschulen,"Artesis Plantijn Hogeschool Antwerpen -Royal Conservatoire, Antwerpen",cited page was not read by the fetcher (cannot check)
r035,Folkwang Universität der Künste,partner,"The Danish National School of Performing Arts, Kopenhagen",https://www.folkwang-uni.de/home/tanz/choreographien-und-kooperationen/partnerhochschulen,"The Danish National School of Performing Arts, Kopenhagen",cited page was not read by the fetcher (cannot check)
r035,Folkwang Universität der Künste,partner,"Centre National de Danse Contemporaine (CNDC), Angers",https://www.folkwang-uni.de/home/tanz/choreographien-und-kooperationen/partnerhochschulen,"Centre National de Danse Contemporaine (CNDC), Angers",cited page was not read by the fetcher (cannot check)
r035,Folkwang Universität der Künste,partner,Université d’Angers,https://www.folkwang-uni.de/home/tanz/choreographien-und-kooperationen/partnerhochschulen,www.univ-angers.fr,cited page was not read by the fetcher (cannot check)
r035,Folkwang Universität der Künste,partner,"Conservatoire National Supérieur de Musique et de Danse de Lyon, Lyon",https://www.folkwang-uni.de/home/tanz/choreographien-und-kooperationen/partnerhochschulen,"Conservatoire National Supérieur de Musique et de Danse de Lyon, Lyon",cited page was not read by the fetcher (cannot check)
r035,Folkwang Universität der Künste,partner,Pôle Supérieur d’Enseignement Artistique of Paris Boulogne-Billancourt,https://www.folkwang-uni.de/home/tanz/choreographien-und-kooperationen/partnerhochschulen,Pôle Supérieur d’Enseignement Artistique of Paris Boulogne-Billancourt,cited page was not read by the fetcher (cannot check)
r035,Folkwang Universität der Künste,partner,London Contemporary Dance School (LCDS),https://www.folkwang-uni.de/home/tanz/choreographien-und-kooperationen/partnerhochschulen,London Contemporary Dance School (LCDS),cited page was not read by the fetcher (cannot check)
r035,Folkwang Universität der Künste,partner,"Trinity Laban Conservatoire of Music and Dance, London",https://www.folkwang-uni.de/home/tanz/choreographien-und-kooperationen/partnerhochschulen,"Trinity Laban Conservatoire of Music and Dance, London",cited page was not read by the fetcher (cannot check)
r035,Folkwang Universität der Künste,partner,"Accademia Nazionale di Danza, Rom",https://www.folkwang-uni.de/home/tanz/choreographien-und-kooperationen/partnerhochschulen,"Accademia Nazionale di Danza, Rom",cited page was not read by the fetcher (cannot check)
r035,Folkwang Universität der Künste,partner,"National Academy of the Arts, Oslo",https://www.folkwang-uni.de/home/tanz/choreographien-und-kooperationen/partnerhochschulen,"National Academy of the Arts, Oslo",cited page was not read by the fetcher (cannot check)
r035,Folkwang Universität der Künste,partner,"PWST National Academy of Theatre Arts in Krakow, Krakau",https://www.folkwang-uni.de/home/tanz/choreographien-und-kooperationen/partnerhochschulen,"PWST National Academy of Theatre Arts in Krakow, Krakau",cited page was not read by the fetcher (cannot check)
r035,Folkwang Universität der Künste,partner,"Akademia Teatralna im. Aleksandra Zelwerowicza w Warszawie, Warschau",https://www.folkwang-uni.de/home/tanz/choreographien-und-kooperationen/partnerhochschulen,"Akademia Teatralna im. Aleksandra Zelwerowicza w Warszawie, Warschau",cited page was not read by the fetcher (cannot check)
r035,Folkwang Universität der Künste,partner,"Conservatorio Superior de danza Maria de Ávila, Madrid",https://www.folkwang-uni.de/home/tanz/choreographien-und-kooperationen/partnerhochschulen,"Conservatorio Superior de danza Maria de Ávila, Madrid",cited page was not read by the fetcher (cannot check)
r035,Folkwang Universität der Künste,partner,"Yildiz Technical University, Istanbul",https://www.folkwang-uni.de/home/tanz/choreographien-und-kooperationen/partnerhochschulen,"Yildiz Technical University, Istanbul",cited page was not read by the fetcher (cannot check)
r035,Folkwang Universität der Künste,partner,"Istanbul University, School of State Conservatory, Istanbul",https://www.folkwang-uni.de/home/tanz/choreographien-und-kooperationen/partnerhochschulen,"Istanbul University, School of State Conservatory, Istanbul",cited page was not read by the fetcher (cannot check)
r035,Folkwang Universität der Künste,partner,"Taipei National University of the Arts, Taipei",https://www.folkwang-uni.de/home/tanz/choreographien-und-kooperationen/partnerhochschulen,"Taipei National University of the Arts, Taipei",cited page was not read by the fetcher (cannot check)
r035,Folkwang Universität der Künste,partner,Wuppertal Institut,https://www.folkwang-uni.de/home/gestaltung/industrial-design/team,"[Foto: Wuppertal Institut, S. Michaelis]",cited page was not read by the fetcher (cannot check)
r035,Folkwang Universität der Künste,partner,Artesis Plantijn Hogeschool Antwerpen -Royal Conservatoire,https://www.folkwang-uni.de/home/tanz/choreographien-und-kooperationen/partnerhochschulen,"Artesis Plantijn Hogeschool Antwerpen -Royal Conservatoire, Antwerpen",cited page was not read by the fetcher (cannot check)
r035,Folkwang Universität der Künste,partner,The Danish National School of Performing Arts,https://www.folkwang-uni.de/home/tanz/choreographien-und-kooperationen/partnerhochschulen,"The Danish National School of Performing Arts, Kopenhagen",cited page was not read by the fetcher (cannot check)
r035,Folkwang Universität der Künste,partner,Centre National de Danse Contemporaine (CNDC),https://www.folkwang-uni.de/home/tanz/choreographien-und-kooperationen/partnerhochschulen,"Centre National de Danse Contemporaine (CNDC), Angers",cited page was not read by the fetcher (cannot check)
r035,Folkwang Universität der Künste,partner,Conservatoire National Supérieur de Musique et de Danse de Lyon,https://www.folkwang-uni.de/home/tanz/choreographien-und-kooperationen/partnerhochschulen,"Conservatoire National Supérieur de Musique et de Danse de Lyon, Lyon",cited page was not read by the fetcher (cannot check)
r035,Folkwang Universität der Künste,partner,Trinity Laban Conservatoire of Music and Dance,https://www.folkwang-uni.de/home/tanz/choreographien-und-kooperationen/partnerhochschulen,"Trinity Laban Conservatoire of Music and Dance, London",cited page was not read by the fetcher (cannot check)
r035,Folkwang Universität der Künste,partner,Accademia Nazionale di Danza,https://www.folkwang-uni.de/home/tanz/choreographien-und-kooperationen/partnerhochschulen,"Accademia Nazionale di Danza, Rom",cited page was not read by the fetcher (cannot check)
r035,Folkwang Universität der Künste,partner,National Academy of the Arts,https://www.folkwang-uni.de/home/tanz/choreographien-und-kooperationen/partnerhochschulen,"National Academy of the Arts, Oslo",cited page was not read by the fetcher (cannot check)
r035,Folkwang Universität der Künste,partner,PWST National Academy of Theatre Arts in Krakow,https://www.folkwang-uni.de/home/tanz/choreographien-und-kooperationen/partnerhochschulen,"PWST National Academy of Theatre Arts in Krakow, Krakau",cited page was not read by the fetcher (cannot check)
r035,Folkwang Universität der Künste,partner,Akademia Teatralna im. Aleksandra Zelwerowicza w Warszawie,https://www.folkwang-uni.de/home/tanz/choreographien-und-kooperationen/partnerhochschulen,"Akademia Teatralna im. Aleksandra Zelwerowicza w Warszawie, Warschau",cited page was not read by the fetcher (cannot check)
r035,Folkwang Universität der Künste,partner,Conservatorio Superior de danza Maria de Ávila,https://www.folkwang-uni.de/home/tanz/choreographien-und-kooperationen/partnerhochschulen,"Conservatorio Superior de danza Maria de Ávila, Madrid",cited page was not read by the fetcher (cannot check)
r035,Folkwang Universität der Künste,partner,Yildiz Technical University,https://www.folkwang-uni.de/home/tanz/choreographien-und-kooperationen/partnerhochschulen,"Yildiz Technical University, Istanbul",cited page was not read by the fetcher (cannot check)
r035,Folkwang Universität der Künste,partner,"Istanbul University, School of State Conservatory",https://www.folkwang-uni.de/home/tanz/choreographien-und-kooperationen/partnerhochschulen,"Istanbul University, School of State Conservatory, Istanbul",cited page was not read by the fetcher (cannot check)
r035,Folkwang Universität der Künste,partner,Janacek Academy of Music and Performing Arts,https://www.folkwang-uni.de/home/tanz/choreographien-und-kooperationen/partnerhochschulen,"Janacek Academy of Music and Performing Arts, Brno",cited page was not read by the fetcher (cannot check)
r035,Folkwang Universität der Künste,partner,Taipei National University of the Arts,https://www.folkwang-uni.de/home/tanz/choreographien-und-kooperationen/partnerhochschulen,"Taipei National University of the Arts, Taipei",cited page was not read by the fetcher (cannot check)
r035,Folkwang Universität der Künste,campus,Campus Essen-Werden,https://www.folkwang-uni.de/home/hochschule/studium/austausch-auslandsaufenthalt/erasmus/personalmobilitaet,Campus Essen-Werden,cited page was not read by the fetcher (cannot check)
r035,Folkwang Universität der Künste,campus,Campus Welterbe Zollverein,https://www.folkwang-uni.de/home/hochschule/studium/austausch-auslandsaufenthalt/erasmus/personalmobilitaet,Campus Welterbe Zollverein | Fachbereich Gestaltung,cited page was not read by the fetcher (cannot check)
r035,Folkwang Universität der Künste,campus,Campus Duisburg,https://www.folkwang-uni.de/home/hochschule/studium/austausch-auslandsaufenthalt/erasmus/personalmobilitaet,Campus Duisburg,cited page was not read by the fetcher (cannot check)
r035,Folkwang Universität der Künste,campus,Campus Bochum,https://www.folkwang-uni.de/home/hochschule/studium/austausch-auslandsaufenthalt/erasmus/personalmobilitaet,Campus Bochum | Folkwang Theaterzentrum,cited page was not read by the fetcher (cannot check)
r035,Folkwang Universität der Künste,campus,Campus Dortmund,https://www.folkwang-uni.de/home/hochschule/studium/austausch-auslandsaufenthalt/erasmus/personalmobilitaet,Campus Dortmund,cited page was not read by the fetcher (cannot check)
r037,DIAKONIA-AMMATTIKORKEAKOULU OY,campus,Helsingin-kampus,https://www.diak.fi/,Helsingin-kampus,cited page was not read by the fetcher (cannot check)
r037,DIAKONIA-AMMATTIKORKEAKOULU OY,campus,Oulun-kampus,https://www.diak.fi/,Oulun-kampus,cited page was not read by the fetcher (cannot check)
r037,DIAKONIA-AMMATTIKORKEAKOULU OY,campus,Porin-kampus,https://www.diak.fi/,Porin-kampus,cited page was not read by the fetcher (cannot check)
r037,DIAKONIA-AMMATTIKORKEAKOULU OY,campus,Diak Itä-Suomi,https://www.diak.fi/,Diak Itä-Suomi,cited page was not read by the fetcher (cannot check)
r037,DIAKONIA-AMMATTIKORKEAKOULU OY,campus,Verkkokampus,https://www.diak.fi/,Verkkokampus,cited page was not read by the fetcher (cannot check)
r039,Ecole nationale supérieure d'architecture et de paysage de Bordeaux,partner,Ecole d’architecture de San Sebastian,https://www.bordeaux.archi.fr/wp-content/uploads/dmdocuments/Declaration_de_politique_erasmus_strategie_internationale.pdf,• Ecole d’architecture de San Sebastian en Espagne : l’ENSAPBx a réalisé de nombreux échanges,cited page was not read by the fetcher (cannot check)
r039,Ecole nationale supérieure d'architecture et de paysage de Bordeaux,partner,Universités de Santiago du Chili,https://www.bordeaux.archi.fr/wp-content/uploads/dmdocuments/Declaration_de_politique_erasmus_strategie_internationale.pdf,• Universités de Santiago du Chili et de Rosario en Argentine : un workshop annuel se tient,cited page was not read by the fetcher (cannot check)
r039,Ecole nationale supérieure d'architecture et de paysage de Bordeaux,partner,Rosario,https://www.bordeaux.archi.fr/wp-content/uploads/dmdocuments/Declaration_de_politique_erasmus_strategie_internationale.pdf,• Universités de Santiago du Chili et de Rosario en Argentine : un workshop annuel se tient,cited page was not read by the fetcher (cannot check)
r039,Ecole nationale supérieure d'architecture et de paysage de Bordeaux,partner,Université de Hanoï,https://www.bordeaux.archi.fr/wp-content/uploads/dmdocuments/Declaration_de_politique_erasmus_strategie_internationale.pdf,• Université de Hanoï au Vietnam : l’ENSAPBx est membre d’un c onsortium avec les écoles,cited page was not read by the fetcher (cannot check)
r039,Ecole nationale supérieure d'architecture et de paysage de Bordeaux,partner,Université Kasetsart de Bangkok,https://www.bordeaux.archi.fr/wp-content/uploads/dmdocuments/Declaration_de_politique_erasmus_strategie_internationale.pdf,"• Université Kasetsart de Bangkok en Thaïlande : des échanges pédagogiques, mobilités et",cited page was not read by the fetcher (cannot check)
r039,Ecole nationale supérieure d'architecture et de paysage de Bordeaux,partner,Ecole Supérieure Spéciale d’architecture du Cameroun,https://www.bordeaux.archi.fr/wp-content/uploads/dmdocuments/Declaration_de_politique_erasmus_strategie_internationale.pdf,• Ecole Supérieure Spéciale d’architecture du Cameroun : avec cet te école privée créée il y a 5,cited page was not read by the fetcher (cannot check)
r039,Ecole nationale supérieure d'architecture et de paysage de Bordeaux,partner,Université de Tianjin,https://www.bordeaux.archi.fr/wp-content/uploads/dmdocuments/Declaration_de_politique_erasmus_strategie_internationale.pdf,• Université de Tianjin en Chine : la collaboration vise à développer une formation au paysage,cited page was not read by the fetcher (cannot check)
r039,Ecole nationale supérieure d'architecture et de paysage de Bordeaux,partner,Université Jawaharlal Nehru d’Architecture et des Beaux-Arts d’Hyderabad,https://www.bordeaux.archi.fr/wp-content/uploads/dmdocuments/Declaration_de_politique_erasmus_strategie_internationale.pdf,• Université Jawaharlal Nehru d’Architecture et des Beaux -Arts d’Hyderabad en Inde : un accord,cited page was not read by the fetcher (cannot check)
r039,Ecole nationale supérieure d'architecture et de paysage de Bordeaux,partner,Université Bordeaux-Montaigne,https://www.bordeaux.archi.fr/wp-content/uploads/dmdocuments/Declaration_de_politique_erasmus_strategie_internationale.pdf,Un partenariat l’Université de Bordeaux et l’Université Bordeaux -Montaigne a également permis,cited page was not read by the fetcher (cannot check)
r039,Ecole nationale supérieure d'architecture et de paysage de Bordeaux,partner,universités de Bucarest,https://www.bordeaux.archi.fr/wp-content/uploads/dmdocuments/Declaration_de_politique_erasmus_strategie_internationale.pdf,soutenues dans le cadre de conventions de cotutelle signées avec les universités de Bucarest et de,cited page was not read by the fetcher (cannot check)
r039,Ecole nationale supérieure d'architecture et de paysage de Bordeaux,partner,université de Curitiba,https://www.bordeaux.archi.fr/wp-content/uploads/dmdocuments/Declaration_de_politique_erasmus_strategie_internationale.pdf,Milan. 2 conventions de cotutelle sont en cours avec l’université de Curitiba au Brésil et l’Université de,cited page was not read by the fetcher (cannot check)
r039,Ecole nationale supérieure d'architecture et de paysage de Bordeaux,partner,Université de Turin,https://www.bordeaux.archi.fr/wp-content/uploads/dmdocuments/Declaration_de_politique_erasmus_strategie_internationale.pdf,Turin.,cited page was not read by the fetcher (cannot check)
r039,Ecole nationale supérieure d'architecture et de paysage de Bordeaux,partner,AMU (Aix-Marseille Université),https://www.bordeaux.archi.fr/nos-partenaires/,"ACS Production – ADERA – Association pour le développement de l’Enseignement et de la Recherche auprès des universités, des centre de recherche et des entreprises d’Aquitaine – AGCNAM NA (Association de Gestion du Conservatoire National des Arts et Métiers de Nouvelle Aquitaine) – AMU (Aix-Marseille Université) – A’URBA (Agence d’urbanisme Bordeaux métropole Aquitaine) – Bordeaux Sotheby’s International Realty – Bureau des Sports ENSAP Bordeaux – CCAS de Talence – Centre Hospitalier Libourne – C",cited page was not read by the fetcher (cannot check)
r039,Ecole nationale supérieure d'architecture et de paysage de Bordeaux,partner,Lycée JEAN HYPPOLITE de JONZAC,https://www.bordeaux.archi.fr/nos-partenaires/,308-Maison de l’architecture en Nouvelle-Aquitaine – Lycée JEAN HYPPOLITE de JONZAC – PAVE – ADERA – Archimuse – A’URBA – Bordeaux Metropole – Bordeaux Sotheby’s International Realty – Centre international d’études pédagogiques (CIEP) – CNRS – Communauté de Communes des Bastides en Haut Agenais Périgord – CCBHAP – Communauté de communes Val de Gers – Communauté d’universités et établissements d’Aquitaine (ComUE d’Aquitaine) – CROUS Bordeaux – DRAC Nouvellle-Aquitaine – École Nationale Supérieure,cited page was not read by the fetcher (cannot check)
r039,Ecole nationale supérieure d'architecture et de paysage de Bordeaux,partner,Bordeaux Métropole,https://www.bordeaux.archi.fr/wp-content/uploads/dmdocuments/Declaration_de_politique_erasmus_strategie_internationale.pdf,régional de la Nouvelle Aquitaine et un partenariat avec Bordeaux Métropole,cited page was not read by the fetcher (cannot check)
r039,Ecole nationale supérieure d'architecture et de paysage de Bordeaux,partner,Université Bordeaux Montaigne,https://www.bordeaux.archi.fr/wp-content/uploads/dmdocuments/Declaration_de_politique_erasmus_strategie_internationale.pdf,convention signée en juille t 2016 avec l’Université Bordeaux Mon taigne permet aux,cited page was not read by the fetcher (cannot check)
r039,Ecole nationale supérieure d'architecture et de paysage de Bordeaux,partner,"Eurorégion Euskadi, Nouvelle Aquitaine, Navarre",https://www.bordeaux.archi.fr/wp-content/uploads/dmdocuments/Declaration_de_politique_erasmus_strategie_internationale.pdf,"• d’une politique du renforcement de liens transfrontaliers dans le cadre de l’Eurorégion Euskadi,",cited page was not read by the fetcher (cannot check)
r039,Ecole nationale supérieure d'architecture et de paysage de Bordeaux,partner,écoles d’architecture de Rouen,https://www.bordeaux.archi.fr/wp-content/uploads/dmdocuments/Declaration_de_politique_erasmus_strategie_internationale.pdf,délocalisé. Les écoles françaises se partagent la responsabilité des cycles : L’école de Rouen,cited page was not read by the fetcher (cannot check)
r039,Ecole nationale supérieure d'architecture et de paysage de Bordeaux,partner,Université Jawaharlal Nehru d’Architecture et des Beaux -Arts d’Hyderabad,https://www.bordeaux.archi.fr/wp-content/uploads/dmdocuments/Declaration_de_politique_erasmus_strategie_internationale.pdf,• Université Jawaharlal Nehru d’Architecture et des Beaux -Arts d’Hyderabad en Inde : un accord,cited page was not read by the fetcher (cannot check)
r039,Ecole nationale supérieure d'architecture et de paysage de Bordeaux,partner,Architecture and design foundation India (ADFI),https://www.bordeaux.archi.fr/wp-content/uploads/dmdocuments/Declaration_de_politique_erasmus_strategie_internationale.pdf,la fondation indienne Architecture and design foundation India (ADFI) et de Bordeaux Métropole.,cited page was not read by the fetcher (cannot check)
r039,Ecole nationale supérieure d'architecture et de paysage de Bordeaux,partner,l’Université Bordeaux -Montaigne,https://www.bordeaux.archi.fr/wp-content/uploads/dmdocuments/Declaration_de_politique_erasmus_strategie_internationale.pdf,Un partenariat l’Université de Bordeaux et l’Université Bordeaux -Montaigne a également permis,cited page was not read by the fetcher (cannot check)
r039,Ecole nationale supérieure d'architecture et de paysage de Bordeaux,partner,ENSA de Toulouse,https://www.bordeaux.archi.fr/wp-content/uploads/dmdocuments/Declaration_de_politique_erasmus_strategie_internationale.pdf,"en collaboration avec l’université de Hanoï et les ENSA de Toulouse et Rouen, avec le soutien de",cited page was not read by the fetcher (cannot check)
r039,Ecole nationale supérieure d'architecture et de paysage de Bordeaux,partner,Rouen,https://www.bordeaux.archi.fr/wp-content/uploads/dmdocuments/Declaration_de_politique_erasmus_strategie_internationale.pdf,"en collaboration avec l’université de Hanoï et les ENSA de Toulouse et Rouen, avec le soutien de",cited page was not read by the fetcher (cannot check)
r039,Ecole nationale supérieure d'architecture et de paysage de Bordeaux,partner,Agence Universitaire de la Francophonie,https://www.bordeaux.archi.fr/wp-content/uploads/dmdocuments/Declaration_de_politique_erasmus_strategie_internationale.pdf,l’Agence Universitaire de la Francophonie. Ce projet s’adosse aux filières doctorales que l’ENSAP,cited page was not read by the fetcher (cannot check)
r039,Ecole nationale supérieure d'architecture et de paysage de Bordeaux,partner,universités de Bordeaux,https://www.bordeaux.archi.fr/wp-content/uploads/dmdocuments/Declaration_de_politique_erasmus_strategie_internationale.pdf,Bordeaux a mises en place avec les universités de Bordeaux et de Bordeaux Montaigne.,cited page was not read by the fetcher (cannot check)
r039,Ecole nationale supérieure d'architecture et de paysage de Bordeaux,partner,Bordeaux Montaigne,https://www.bordeaux.archi.fr/wp-content/uploads/dmdocuments/Declaration_de_politique_erasmus_strategie_internationale.pdf,Bordeaux a mises en place avec les universités de Bordeaux et de Bordeaux Montaigne.,cited page was not read by the fetcher (cannot check)
r039,Ecole nationale supérieure d'architecture et de paysage de Bordeaux,partner,AEEA (Association des écoles européennes d’architecture),https://www.bordeaux.archi.fr/wp-content/uploads/dmdocuments/Declaration_de_politique_erasmus_strategie_internationale.pdf,L’ENSAPBx a organisé en septembre 2017 la 40 ème conférence de l’AEEA (Association des écoles,cited page was not read by the fetcher (cannot check)
r039,Ecole nationale supérieure d'architecture et de paysage de Bordeaux,partner,REA : réseau des écoles françaises et francophones des pays d’Europe centrale et orientale,https://www.bordeaux.archi.fr/wp-content/uploads/dmdocuments/Declaration_de_politique_erasmus_strategie_internationale.pdf,L’ENSAPBx est membre actif du REA : réseau des écoles françaises et francophones des pays d’Europe,cited page was not read by the fetcher (cannot check)
r039,Ecole nationale supérieure d'architecture et de paysage de Bordeaux,partner,IFoU (International Forum on Urbanism),https://www.bordeaux.archi.fr/wp-content/uploads/dmdocuments/Declaration_de_politique_erasmus_strategie_internationale.pdf,"Depuis octobre 2017 l’ENSAPBx fait partie de l’IFoU (International Forum on Urbanism), Ce réseau",cited page was not read by the fetcher (cannot check)
r039,Ecole nationale supérieure d'architecture et de paysage de Bordeaux,partner,Université Technologique de Delft,https://www.bordeaux.archi.fr/wp-content/uploads/dmdocuments/Declaration_de_politique_erasmus_strategie_internationale.pdf,"interuniversitaire, piloté par l’Université Technologique de Delft, est constitué par des universit és de",cited page was not read by the fetcher (cannot check)
r039,Ecole nationale supérieure d'architecture et de paysage de Bordeaux,partner,Campus France,https://www.bordeaux.archi.fr/wp-content/uploads/dmdocuments/Declaration_de_politique_erasmus_strategie_internationale.pdf,L’ENSAPBx participe régulièrement avec Campus France dans la promotion du dialogue entre les écoles,cited page was not read by the fetcher (cannot check)
r039,Ecole nationale supérieure d'architecture et de paysage de Bordeaux,partner,Campus France Mexique,https://www.bordeaux.archi.fr/wp-content/uploads/dmdocuments/Declaration_de_politique_erasmus_strategie_internationale.pdf,d’art et d’architecture» au Mexique organisé par Campus France Mexique.,cited page was not read by the fetcher (cannot check)
r039,Ecole nationale supérieure d'architecture et de paysage de Bordeaux,partner,vingt ENSA,https://www.bordeaux.archi.fr/nos-partenaires/,L’ENSAP Bordeaux participe pleinement à l’animation et à la collaboration au réseau des vingt ENSA et des quatre écoles nationales supérieures de paysage,cited page was not read by the fetcher (cannot check)
r039,Ecole nationale supérieure d'architecture et de paysage de Bordeaux,partner,quatre écoles nationales supérieures de paysage,https://www.bordeaux.archi.fr/nos-partenaires/,L’ENSAP Bordeaux participe pleinement à l’animation et à la collaboration au réseau des vingt ENSA et des quatre écoles nationales supérieures de paysage,cited page was not read by the fetcher (cannot check)
r039,Ecole nationale supérieure d'architecture et de paysage de Bordeaux,partner,ACS Production,https://www.bordeaux.archi.fr/nos-partenaires/,"ACS Production – ADERA – Association pour le développement de l’Enseignement et de la Recherche auprès des universités, des centre de recherche et des entreprises d’Aquitaine – AGCNAM NA (Association de Gestion du Conservatoire National des Arts et Métiers de Nouvelle Aquitaine) – AMU (Aix-Marseille Université) – A’URBA (Agence d’urbanisme Bordeaux métropole Aquitaine) – Bordeaux Sotheby’s International Realty – Bureau des Sports ENSAP Bordeaux – CCAS de Talence – Centre Hospitalier Libourne – C",cited page was not read by the fetcher (cannot check)
r039,Ecole nationale supérieure d'architecture et de paysage de Bordeaux,partner,ADERA,https://www.bordeaux.archi.fr/nos-partenaires/,"ACS Production – ADERA – Association pour le développement de l’Enseignement et de la Recherche auprès des universités, des centre de recherche et des entreprises d’Aquitaine – AGCNAM NA (Association de Gestion du Conservatoire National des Arts et Métiers de Nouvelle Aquitaine) – AMU (Aix-Marseille Université) – A’URBA (Agence d’urbanisme Bordeaux métropole Aquitaine) – Bordeaux Sotheby’s International Realty – Bureau des Sports ENSAP Bordeaux – CCAS de Talence – Centre Hospitalier Libourne – C",cited page was not read by the fetcher (cannot check)
r039,Ecole nationale supérieure d'architecture et de paysage de Bordeaux,partner,AGCNAM NA (Association de Gestion du Conservatoire National des Arts et Métiers de Nouvelle Aquitaine),https://www.bordeaux.archi.fr/nos-partenaires/,"ACS Production – ADERA – Association pour le développement de l’Enseignement et de la Recherche auprès des universités, des centre de recherche et des entreprises d’Aquitaine – AGCNAM NA (Association de Gestion du Conservatoire National des Arts et Métiers de Nouvelle Aquitaine) – AMU (Aix-Marseille Université) – A’URBA (Agence d’urbanisme Bordeaux métropole Aquitaine) – Bordeaux Sotheby’s International Realty – Bureau des Sports ENSAP Bordeaux – CCAS de Talence – Centre Hospitalier Libourne – C",cited page was not read by the fetcher (cannot check)
r039,Ecole nationale supérieure d'architecture et de paysage de Bordeaux,partner,A’URBA (Agence d’urbanisme Bordeaux métropole Aquitaine),https://www.bordeaux.archi.fr/nos-partenaires/,"ACS Production – ADERA – Association pour le développement de l’Enseignement et de la Recherche auprès des universités, des centre de recherche et des entreprises d’Aquitaine – AGCNAM NA (Association de Gestion du Conservatoire National des Arts et Métiers de Nouvelle Aquitaine) – AMU (Aix-Marseille Université) – A’URBA (Agence d’urbanisme Bordeaux métropole Aquitaine) – Bordeaux Sotheby’s International Realty – Bureau des Sports ENSAP Bordeaux – CCAS de Talence – Centre Hospitalier Libourne – C",cited page was not read by the fetcher (cannot check)
r039,Ecole nationale supérieure d'architecture et de paysage de Bordeaux,partner,Bordeaux Sotheby’s International Realty,https://www.bordeaux.archi.fr/nos-partenaires/,"ACS Production – ADERA – Association pour le développement de l’Enseignement et de la Recherche auprès des universités, des centre de recherche et des entreprises d’Aquitaine – AGCNAM NA (Association de Gestion du Conservatoire National des Arts et Métiers de Nouvelle Aquitaine) – AMU (Aix-Marseille Université) – A’URBA (Agence d’urbanisme Bordeaux métropole Aquitaine) – Bordeaux Sotheby’s International Realty – Bureau des Sports ENSAP Bordeaux – CCAS de Talence – Centre Hospitalier Libourne – C",cited page was not read by the fetcher (cannot check)
r039,Ecole nationale supérieure d'architecture et de paysage de Bordeaux,partner,Bureau des Sports ENSAP Bordeaux,https://www.bordeaux.archi.fr/nos-partenaires/,"ACS Production – ADERA – Association pour le développement de l’Enseignement et de la Recherche auprès des universités, des centre de recherche et des entreprises d’Aquitaine – AGCNAM NA (Association de Gestion du Conservatoire National des Arts et Métiers de Nouvelle Aquitaine) – AMU (Aix-Marseille Université) – A’URBA (Agence d’urbanisme Bordeaux métropole Aquitaine) – Bordeaux Sotheby’s International Realty – Bureau des Sports ENSAP Bordeaux – CCAS de Talence – Centre Hospitalier Libourne – C",cited page was not read by the fetcher (cannot check)
r039,Ecole nationale supérieure d'architecture et de paysage de Bordeaux,partner,CCAS de Talence,https://www.bordeaux.archi.fr/nos-partenaires/,"ACS Production – ADERA – Association pour le développement de l’Enseignement et de la Recherche auprès des universités, des centre de recherche et des entreprises d’Aquitaine – AGCNAM NA (Association de Gestion du Conservatoire National des Arts et Métiers de Nouvelle Aquitaine) – AMU (Aix-Marseille Université) – A’URBA (Agence d’urbanisme Bordeaux métropole Aquitaine) – Bordeaux Sotheby’s International Realty – Bureau des Sports ENSAP Bordeaux – CCAS de Talence – Centre Hospitalier Libourne – C",cited page was not read by the fetcher (cannot check)
r039,Ecole nationale supérieure d'architecture et de paysage de Bordeaux,partner,Centre Hospitalier Libourne,https://www.bordeaux.archi.fr/nos-partenaires/,"ACS Production – ADERA – Association pour le développement de l’Enseignement et de la Recherche auprès des universités, des centre de recherche et des entreprises d’Aquitaine – AGCNAM NA (Association de Gestion du Conservatoire National des Arts et Métiers de Nouvelle Aquitaine) – AMU (Aix-Marseille Université) – A’URBA (Agence d’urbanisme Bordeaux métropole Aquitaine) – Bordeaux Sotheby’s International Realty – Bureau des Sports ENSAP Bordeaux – CCAS de Talence – Centre Hospitalier Libourne – C",cited page was not read by the fetcher (cannot check)
r039,Ecole nationale supérieure d'architecture et de paysage de Bordeaux,partner,Maison de l’Architecture en Nouvelle-Aquitaine,https://www.bordeaux.archi.fr/nos-partenaires/,308 – Maison de l’Architecture en Nouvelle-Aquitaine – Agora – Pôle national cirque Boulazac Aquitaine – Association Campus régional du patrimoine bâti – de la restauration à l’écoconstruction – Association Les Events – A’URBA – Agence d’urbanisme Bordeaux métropole Aquitaine – Bureau des Etudiants – Bureau des Sports – ENSAP Bordeaux – C.A.C.I.S. Centre d’Accueil Consultation Information Sexualité – CASC – Comité d’Action Sociale et Culturelle – CAUE de la Gironde – CEGAPE – City Résidence Bord,cited page was not read by the fetcher (cannot check)
r039,Ecole nationale supérieure d'architecture et de paysage de Bordeaux,partner,Agora,https://www.bordeaux.archi.fr/nos-partenaires/,308 – Maison de l’Architecture en Nouvelle-Aquitaine – Agora – Pôle national cirque Boulazac Aquitaine – Association Campus régional du patrimoine bâti – de la restauration à l’écoconstruction – Association Les Events – A’URBA – Agence d’urbanisme Bordeaux métropole Aquitaine – Bureau des Etudiants – Bureau des Sports – ENSAP Bordeaux – C.A.C.I.S. Centre d’Accueil Consultation Information Sexualité – CASC – Comité d’Action Sociale et Culturelle – CAUE de la Gironde – CEGAPE – City Résidence Bord,cited page was not read by the fetcher (cannot check)
r039,Ecole nationale supérieure d'architecture et de paysage de Bordeaux,partner,Pôle national cirque Boulazac Aquitaine,https://www.bordeaux.archi.fr/nos-partenaires/,308 – Maison de l’Architecture en Nouvelle-Aquitaine – Agora – Pôle national cirque Boulazac Aquitaine – Association Campus régional du patrimoine bâti – de la restauration à l’écoconstruction – Association Les Events – A’URBA – Agence d’urbanisme Bordeaux métropole Aquitaine – Bureau des Etudiants – Bureau des Sports – ENSAP Bordeaux – C.A.C.I.S. Centre d’Accueil Consultation Information Sexualité – CASC – Comité d’Action Sociale et Culturelle – CAUE de la Gironde – CEGAPE – City Résidence Bord,cited page was not read by the fetcher (cannot check)
r039,Ecole nationale supérieure d'architecture et de paysage de Bordeaux,partner,Association Campus régional du patrimoine bâti,https://www.bordeaux.archi.fr/nos-partenaires/,308 – Maison de l’Architecture en Nouvelle-Aquitaine – Agora – Pôle national cirque Boulazac Aquitaine – Association Campus régional du patrimoine bâti – de la restauration à l’écoconstruction – Association Les Events – A’URBA – Agence d’urbanisme Bordeaux métropole Aquitaine – Bureau des Etudiants – Bureau des Sports – ENSAP Bordeaux – C.A.C.I.S. Centre d’Accueil Consultation Information Sexualité – CASC – Comité d’Action Sociale et Culturelle – CAUE de la Gironde – CEGAPE – City Résidence Bord,cited page was not read by the fetcher (cannot check)
r039,Ecole nationale supérieure d'architecture et de paysage de Bordeaux,partner,Association Les Events,https://www.bordeaux.archi.fr/nos-partenaires/,308 – Maison de l’Architecture en Nouvelle-Aquitaine – Agora – Pôle national cirque Boulazac Aquitaine – Association Campus régional du patrimoine bâti – de la restauration à l’écoconstruction – Association Les Events – A’URBA – Agence d’urbanisme Bordeaux métropole Aquitaine – Bureau des Etudiants – Bureau des Sports – ENSAP Bordeaux – C.A.C.I.S. Centre d’Accueil Consultation Information Sexualité – CASC – Comité d’Action Sociale et Culturelle – CAUE de la Gironde – CEGAPE – City Résidence Bord,cited page was not read by the fetcher (cannot check)
r039,Ecole nationale supérieure d'architecture et de paysage de Bordeaux,partner,A’URBA,https://www.bordeaux.archi.fr/nos-partenaires/,308 – Maison de l’Architecture en Nouvelle-Aquitaine – Agora – Pôle national cirque Boulazac Aquitaine – Association Campus régional du patrimoine bâti – de la restauration à l’écoconstruction – Association Les Events – A’URBA – Agence d’urbanisme Bordeaux métropole Aquitaine – Bureau des Etudiants – Bureau des Sports – ENSAP Bordeaux – C.A.C.I.S. Centre d’Accueil Consultation Information Sexualité – CASC – Comité d’Action Sociale et Culturelle – CAUE de la Gironde – CEGAPE – City Résidence Bord,cited page was not read by the fetcher (cannot check)
r039,Ecole nationale supérieure d'architecture et de paysage de Bordeaux,partner,Bureau des Etudiants,https://www.bordeaux.archi.fr/nos-partenaires/,308 – Maison de l’Architecture en Nouvelle-Aquitaine – Agora – Pôle national cirque Boulazac Aquitaine – Association Campus régional du patrimoine bâti – de la restauration à l’écoconstruction – Association Les Events – A’URBA – Agence d’urbanisme Bordeaux métropole Aquitaine – Bureau des Etudiants – Bureau des Sports – ENSAP Bordeaux – C.A.C.I.S. Centre d’Accueil Consultation Information Sexualité – CASC – Comité d’Action Sociale et Culturelle – CAUE de la Gironde – CEGAPE – City Résidence Bord,cited page was not read by the fetcher (cannot check)
r039,Ecole nationale supérieure d'architecture et de paysage de Bordeaux,partner,Bureau des Sports,https://www.bordeaux.archi.fr/nos-partenaires/,308 – Maison de l’Architecture en Nouvelle-Aquitaine – Agora – Pôle national cirque Boulazac Aquitaine – Association Campus régional du patrimoine bâti – de la restauration à l’écoconstruction – Association Les Events – A’URBA – Agence d’urbanisme Bordeaux métropole Aquitaine – Bureau des Etudiants – Bureau des Sports – ENSAP Bordeaux – C.A.C.I.S. Centre d’Accueil Consultation Information Sexualité – CASC – Comité d’Action Sociale et Culturelle – CAUE de la Gironde – CEGAPE – City Résidence Bord,cited page was not read by the fetcher (cannot check)
r039,Ecole nationale supérieure d'architecture et de paysage de Bordeaux,partner,C.A.C.I.S. Centre d’Accueil Consultation Information Sexualité,https://www.bordeaux.archi.fr/nos-partenaires/,308 – Maison de l’Architecture en Nouvelle-Aquitaine – Agora – Pôle national cirque Boulazac Aquitaine – Association Campus régional du patrimoine bâti – de la restauration à l’écoconstruction – Association Les Events – A’URBA – Agence d’urbanisme Bordeaux métropole Aquitaine – Bureau des Etudiants – Bureau des Sports – ENSAP Bordeaux – C.A.C.I.S. Centre d’Accueil Consultation Information Sexualité – CASC – Comité d’Action Sociale et Culturelle – CAUE de la Gironde – CEGAPE – City Résidence Bord,cited page was not read by the fetcher (cannot check)
r039,Ecole nationale supérieure d'architecture et de paysage de Bordeaux,partner,CASC,https://www.bordeaux.archi.fr/nos-partenaires/,308 – Maison de l’Architecture en Nouvelle-Aquitaine – Agora – Pôle national cirque Boulazac Aquitaine – Association Campus régional du patrimoine bâti – de la restauration à l’écoconstruction – Association Les Events – A’URBA – Agence d’urbanisme Bordeaux métropole Aquitaine – Bureau des Etudiants – Bureau des Sports – ENSAP Bordeaux – C.A.C.I.S. Centre d’Accueil Consultation Information Sexualité – CASC – Comité d’Action Sociale et Culturelle – CAUE de la Gironde – CEGAPE – City Résidence Bord,cited page was not read by the fetcher (cannot check)
r039,Ecole nationale supérieure d'architecture et de paysage de Bordeaux,partner,Comité d’Action Sociale et Culturelle,https://www.bordeaux.archi.fr/nos-partenaires/,308 – Maison de l’Architecture en Nouvelle-Aquitaine – Agora – Pôle national cirque Boulazac Aquitaine – Association Campus régional du patrimoine bâti – de la restauration à l’écoconstruction – Association Les Events – A’URBA – Agence d’urbanisme Bordeaux métropole Aquitaine – Bureau des Etudiants – Bureau des Sports – ENSAP Bordeaux – C.A.C.I.S. Centre d’Accueil Consultation Information Sexualité – CASC – Comité d’Action Sociale et Culturelle – CAUE de la Gironde – CEGAPE – City Résidence Bord,cited page was not read by the fetcher (cannot check)
r039,Ecole nationale supérieure d'architecture et de paysage de Bordeaux,partner,CAUE de la Gironde,https://www.bordeaux.archi.fr/nos-partenaires/,308 – Maison de l’Architecture en Nouvelle-Aquitaine – Agora – Pôle national cirque Boulazac Aquitaine – Association Campus régional du patrimoine bâti – de la restauration à l’écoconstruction – Association Les Events – A’URBA – Agence d’urbanisme Bordeaux métropole Aquitaine – Bureau des Etudiants – Bureau des Sports – ENSAP Bordeaux – C.A.C.I.S. Centre d’Accueil Consultation Information Sexualité – CASC – Comité d’Action Sociale et Culturelle – CAUE de la Gironde – CEGAPE – City Résidence Bord,cited page was not read by the fetcher (cannot check)
r039,Ecole nationale supérieure d'architecture et de paysage de Bordeaux,partner,CEGAPE,https://www.bordeaux.archi.fr/nos-partenaires/,308 – Maison de l’Architecture en Nouvelle-Aquitaine – Agora – Pôle national cirque Boulazac Aquitaine – Association Campus régional du patrimoine bâti – de la restauration à l’écoconstruction – Association Les Events – A’URBA – Agence d’urbanisme Bordeaux métropole Aquitaine – Bureau des Etudiants – Bureau des Sports – ENSAP Bordeaux – C.A.C.I.S. Centre d’Accueil Consultation Information Sexualité – CASC – Comité d’Action Sociale et Culturelle – CAUE de la Gironde – CEGAPE – City Résidence Bord,cited page was not read by the fetcher (cannot check)
r039,Ecole nationale supérieure d'architecture et de paysage de Bordeaux,partner,City Résidence Bord,https://www.bordeaux.archi.fr/nos-partenaires/,308 – Maison de l’Architecture en Nouvelle-Aquitaine – Agora – Pôle national cirque Boulazac Aquitaine – Association Campus régional du patrimoine bâti – de la restauration à l’écoconstruction – Association Les Events – A’URBA – Agence d’urbanisme Bordeaux métropole Aquitaine – Bureau des Etudiants – Bureau des Sports – ENSAP Bordeaux – C.A.C.I.S. Centre d’Accueil Consultation Information Sexualité – CASC – Comité d’Action Sociale et Culturelle – CAUE de la Gironde – CEGAPE – City Résidence Bord,cited page was not read by the fetcher (cannot check)
r039,Ecole nationale supérieure d'architecture et de paysage de Bordeaux,partner,308-Maison de l’architecture en Nouvelle-Aquitaine,https://www.bordeaux.archi.fr/nos-partenaires/,308-Maison de l’architecture en Nouvelle-Aquitaine – Lycée JEAN HYPPOLITE de JONZAC – PAVE – ADERA – Archimuse – A’URBA – Bordeaux Metropole – Bordeaux Sotheby’s International Realty – Centre international d’études pédagogiques (CIEP) – CNRS – Communauté de Communes des Bastides en Haut Agenais Périgord – CCBHAP – Communauté de communes Val de Gers – Communauté d’universités et établissements d’Aquitaine (ComUE d’Aquitaine) – CROUS Bordeaux – DRAC Nouvellle-Aquitaine – École Nationale Supérieure,cited page was not read by the fetcher (cannot check)
r039,Ecole nationale supérieure d'architecture et de paysage de Bordeaux,partner,PAVE,https://www.bordeaux.archi.fr/nos-partenaires/,308-Maison de l’architecture en Nouvelle-Aquitaine – Lycée JEAN HYPPOLITE de JONZAC – PAVE – ADERA – Archimuse – A’URBA – Bordeaux Metropole – Bordeaux Sotheby’s International Realty – Centre international d’études pédagogiques (CIEP) – CNRS – Communauté de Communes des Bastides en Haut Agenais Périgord – CCBHAP – Communauté de communes Val de Gers – Communauté d’universités et établissements d’Aquitaine (ComUE d’Aquitaine) – CROUS Bordeaux – DRAC Nouvellle-Aquitaine – École Nationale Supérieure,cited page was not read by the fetcher (cannot check)
r039,Ecole nationale supérieure d'architecture et de paysage de Bordeaux,partner,Archimuse,https://www.bordeaux.archi.fr/nos-partenaires/,308-Maison de l’architecture en Nouvelle-Aquitaine – Lycée JEAN HYPPOLITE de JONZAC – PAVE – ADERA – Archimuse – A’URBA – Bordeaux Metropole – Bordeaux Sotheby’s International Realty – Centre international d’études pédagogiques (CIEP) – CNRS – Communauté de Communes des Bastides en Haut Agenais Périgord – CCBHAP – Communauté de communes Val de Gers – Communauté d’universités et établissements d’Aquitaine (ComUE d’Aquitaine) – CROUS Bordeaux – DRAC Nouvellle-Aquitaine – École Nationale Supérieure,cited page was not read by the fetcher (cannot check)
r039,Ecole nationale supérieure d'architecture et de paysage de Bordeaux,partner,Centre international d’études pédagogiques (CIEP),https://www.bordeaux.archi.fr/nos-partenaires/,308-Maison de l’architecture en Nouvelle-Aquitaine – Lycée JEAN HYPPOLITE de JONZAC – PAVE – ADERA – Archimuse – A’URBA – Bordeaux Metropole – Bordeaux Sotheby’s International Realty – Centre international d’études pédagogiques (CIEP) – CNRS – Communauté de Communes des Bastides en Haut Agenais Périgord – CCBHAP – Communauté de communes Val de Gers – Communauté d’universités et établissements d’Aquitaine (ComUE d’Aquitaine) – CROUS Bordeaux – DRAC Nouvellle-Aquitaine – École Nationale Supérieure,cited page was not read by the fetcher (cannot check)
r039,Ecole nationale supérieure d'architecture et de paysage de Bordeaux,partner,CNRS,https://www.bordeaux.archi.fr/nos-partenaires/,308-Maison de l’architecture en Nouvelle-Aquitaine – Lycée JEAN HYPPOLITE de JONZAC – PAVE – ADERA – Archimuse – A’URBA – Bordeaux Metropole – Bordeaux Sotheby’s International Realty – Centre international d’études pédagogiques (CIEP) – CNRS – Communauté de Communes des Bastides en Haut Agenais Périgord – CCBHAP – Communauté de communes Val de Gers – Communauté d’universités et établissements d’Aquitaine (ComUE d’Aquitaine) – CROUS Bordeaux – DRAC Nouvellle-Aquitaine – École Nationale Supérieure,cited page was not read by the fetcher (cannot check)
r039,Ecole nationale supérieure d'architecture et de paysage de Bordeaux,partner,Communauté de Communes des Bastides en Haut Agenais Périgord,https://www.bordeaux.archi.fr/nos-partenaires/,308-Maison de l’architecture en Nouvelle-Aquitaine – Lycée JEAN HYPPOLITE de JONZAC – PAVE – ADERA – Archimuse – A’URBA – Bordeaux Metropole – Bordeaux Sotheby’s International Realty – Centre international d’études pédagogiques (CIEP) – CNRS – Communauté de Communes des Bastides en Haut Agenais Périgord – CCBHAP – Communauté de communes Val de Gers – Communauté d’universités et établissements d’Aquitaine (ComUE d’Aquitaine) – CROUS Bordeaux – DRAC Nouvellle-Aquitaine – École Nationale Supérieure,cited page was not read by the fetcher (cannot check)
r039,Ecole nationale supérieure d'architecture et de paysage de Bordeaux,partner,CCBHAP,https://www.bordeaux.archi.fr/nos-partenaires/,308-Maison de l’architecture en Nouvelle-Aquitaine – Lycée JEAN HYPPOLITE de JONZAC – PAVE – ADERA – Archimuse – A’URBA – Bordeaux Metropole – Bordeaux Sotheby’s International Realty – Centre international d’études pédagogiques (CIEP) – CNRS – Communauté de Communes des Bastides en Haut Agenais Périgord – CCBHAP – Communauté de communes Val de Gers – Communauté d’universités et établissements d’Aquitaine (ComUE d’Aquitaine) – CROUS Bordeaux – DRAC Nouvellle-Aquitaine – École Nationale Supérieure,cited page was not read by the fetcher (cannot check)
r039,Ecole nationale supérieure d'architecture et de paysage de Bordeaux,partner,Communauté de communes Val de Gers,https://www.bordeaux.archi.fr/nos-partenaires/,308-Maison de l’architecture en Nouvelle-Aquitaine – Lycée JEAN HYPPOLITE de JONZAC – PAVE – ADERA – Archimuse – A’URBA – Bordeaux Metropole – Bordeaux Sotheby’s International Realty – Centre international d’études pédagogiques (CIEP) – CNRS – Communauté de Communes des Bastides en Haut Agenais Périgord – CCBHAP – Communauté de communes Val de Gers – Communauté d’universités et établissements d’Aquitaine (ComUE d’Aquitaine) – CROUS Bordeaux – DRAC Nouvellle-Aquitaine – École Nationale Supérieure,cited page was not read by the fetcher (cannot check)
r039,Ecole nationale supérieure d'architecture et de paysage de Bordeaux,partner,Communauté d’universités et établissements d’Aquitaine (ComUE d’Aquitaine),https://www.bordeaux.archi.fr/nos-partenaires/,308-Maison de l’architecture en Nouvelle-Aquitaine – Lycée JEAN HYPPOLITE de JONZAC – PAVE – ADERA – Archimuse – A’URBA – Bordeaux Metropole – Bordeaux Sotheby’s International Realty – Centre international d’études pédagogiques (CIEP) – CNRS – Communauté de Communes des Bastides en Haut Agenais Périgord – CCBHAP – Communauté de communes Val de Gers – Communauté d’universités et établissements d’Aquitaine (ComUE d’Aquitaine) – CROUS Bordeaux – DRAC Nouvellle-Aquitaine – École Nationale Supérieure,cited page was not read by the fetcher (cannot check)
r039,Ecole nationale supérieure d'architecture et de paysage de Bordeaux,partner,CROUS Bordeaux,https://www.bordeaux.archi.fr/nos-partenaires/,308-Maison de l’architecture en Nouvelle-Aquitaine – Lycée JEAN HYPPOLITE de JONZAC – PAVE – ADERA – Archimuse – A’URBA – Bordeaux Metropole – Bordeaux Sotheby’s International Realty – Centre international d’études pédagogiques (CIEP) – CNRS – Communauté de Communes des Bastides en Haut Agenais Périgord – CCBHAP – Communauté de communes Val de Gers – Communauté d’universités et établissements d’Aquitaine (ComUE d’Aquitaine) – CROUS Bordeaux – DRAC Nouvellle-Aquitaine – École Nationale Supérieure,cited page was not read by the fetcher (cannot check)
r039,Ecole nationale supérieure d'architecture et de paysage de Bordeaux,partner,DRAC Nouvellle-Aquitaine,https://www.bordeaux.archi.fr/nos-partenaires/,308-Maison de l’architecture en Nouvelle-Aquitaine – Lycée JEAN HYPPOLITE de JONZAC – PAVE – ADERA – Archimuse – A’URBA – Bordeaux Metropole – Bordeaux Sotheby’s International Realty – Centre international d’études pédagogiques (CIEP) – CNRS – Communauté de Communes des Bastides en Haut Agenais Périgord – CCBHAP – Communauté de communes Val de Gers – Communauté d’universités et établissements d’Aquitaine (ComUE d’Aquitaine) – CROUS Bordeaux – DRAC Nouvellle-Aquitaine – École Nationale Supérieure,cited page was not read by the fetcher (cannot check)
r039,Ecole nationale supérieure d'architecture et de paysage de Bordeaux,campus,Ecole nationale supérieure d’architecture et de paysage de Bordeaux,https://www.bordeaux.archi.fr/,33405 Talence France,cited page was not read by the fetcher (cannot check)
r041,Haute école des arts du Rhin,contact,Stéphane Sauzedde,https://www.hear.fr/hear-en/contacts-en/,Stéphane Sauzedde ... Director,cited page was not read by the fetcher (cannot check)
r041,Haute école des arts du Rhin,contact,Sophie Madjibé,https://www.hear.fr/hear-en/contacts-en/,Sophie Madjibé ... Head of International Relations,cited page was not read by the fetcher (cannot check)
r041,Haute école des arts du Rhin,contact,Anaïs Menrath,https://www.hear.fr/hear-en/contacts-en/,Anaïs Menrath ... Student Mobility Officer,cited page was not read by the fetcher (cannot check)
r041,Haute école des arts du Rhin,partner,University of Art and Design Linz,https://www.hear.fr/hear-en/partners-en/,• University of Art and Design Linz,cited page was not read by the fetcher (cannot check)
r041,Haute école des arts du Rhin,partner,Academy of Fine Arts Vienna,https://www.hear.fr/hear-en/partners-en/,• Academy of Fine Arts Vienna,cited page was not read by the fetcher (cannot check)
r041,Haute école des arts du Rhin,partner,"École de Recherche Graphique, Brussels",https://www.hear.fr/hear-en/partners-en/,"• École de Recherche Graphique, Brussels",cited page was not read by the fetcher (cannot check)
r041,Haute école des arts du Rhin,partner,"ENSAV — La Cambre, Brussels",https://www.hear.fr/hear-en/partners-en/,"• ENSAV — La Cambre, Brussels",cited page was not read by the fetcher (cannot check)
r041,Haute école des arts du Rhin,partner,"LUCA School of Arts, Gent",https://www.hear.fr/hear-en/partners-en/,"• LUCA School of Arts, Gent",cited page was not read by the fetcher (cannot check)
r041,Haute école des arts du Rhin,partner,"ESA Saint-Luc, Liège",https://www.hear.fr/hear-en/partners-en/,"• ESA Saint-Luc, Liège",cited page was not read by the fetcher (cannot check)
r041,Haute école des arts du Rhin,partner,"National Academy of Arts, Sofia",https://www.hear.fr/hear-en/partners-en/,"• National Academy of Arts, Sofia",cited page was not read by the fetcher (cannot check)
r041,Haute école des arts du Rhin,partner,Université du Québec à Montréal,https://www.hear.fr/hear-en/partners-en/,• Université du Québec à Montréal,cited page was not read by the fetcher (cannot check)
r041,Haute école des arts du Rhin,partner,"Concordia University, Montréal",https://www.hear.fr/hear-en/partners-en/,"• Concordia University, Montréal",cited page was not read by the fetcher (cannot check)
r041,Haute école des arts du Rhin,partner,"China Academy of Art, Hangzhou",https://www.hear.fr/hear-en/partners-en/,"• China Academy of Art, Hangzhou",cited page was not read by the fetcher (cannot check)
r041,Haute école des arts du Rhin,partner,"Universidad de los Andes, Bogotá",https://www.hear.fr/hear-en/partners-en/,"• Universidad de los Andes, Bogotá",cited page was not read by the fetcher (cannot check)
r041,Haute école des arts du Rhin,partner,"Academy of Arts, Architecture and Design, Prague",https://www.hear.fr/hear-en/partners-en/,"• Academy of Arts, Architecture and Design, Prague",cited page was not read by the fetcher (cannot check)
r041,Haute école des arts du Rhin,partner,Kolding School of Design,https://www.hear.fr/hear-en/partners-en/,• Kolding School of Design,cited page was not read by the fetcher (cannot check)
r041,Haute école des arts du Rhin,partner,"Estonian Academy of Arts, Tallinn",https://www.hear.fr/hear-en/partners-en/,"• Estonian Academy of Arts, Tallinn",cited page was not read by the fetcher (cannot check)
r041,Haute école des arts du Rhin,partner,University of the Arts Helsinki,https://www.hear.fr/hear-en/partners-en/,• University of the Arts Helsinki,cited page was not read by the fetcher (cannot check)
r041,Haute école des arts du Rhin,partner,Staatliche Hochschule für Gestaltung Karlsruhe,https://www.hear.fr/hear-en/partners-en/,• Staatliche Hochschule für Gestaltung Karlsruhe,cited page was not read by the fetcher (cannot check)
r041,Haute école des arts du Rhin,partner,"Trier University of Applied Sciences, – Campus Idar-Oberstein",https://www.hear.fr/hear-en/partners-en/,"• Trier University of Applied Sciences, – Campus Idar-Oberstein",cited page was not read by the fetcher (cannot check)
r041,Haute école des arts du Rhin,partner,Koblenz University of Applied Sciences,https://www.hear.fr/hear-en/partners-en/,• Koblenz University of Applied Sciences,cited page was not read by the fetcher (cannot check)
r041,Haute école des arts du Rhin,partner,"Weißensee Academy of Art, Berlin",https://www.hear.fr/hear-en/partners-en/,"• Weißensee Academy of Art, Berlin",cited page was not read by the fetcher (cannot check)
r041,Haute école des arts du Rhin,partner,University of the Arts Bremen,https://www.hear.fr/hear-en/partners-en/,• University of the Arts Bremen,cited page was not read by the fetcher (cannot check)
r041,Haute école des arts du Rhin,partner,Hochschule der bildenden Künste Dresden,https://www.hear.fr/hear-en/partners-en/,• Hochschule der bildenden Künste Dresden,cited page was not read by the fetcher (cannot check)
r041,Haute école des arts du Rhin,partner,University of Applied Sciences Düsseldorf,https://www.hear.fr/hear-en/partners-en/,• University of Applied Sciences Düsseldorf,cited page was not read by the fetcher (cannot check)
r041,Haute école des arts du Rhin,partner,"University of Art and Design, Halle",https://www.hear.fr/hear-en/partners-en/,"• University of Art and Design, Halle",cited page was not read by the fetcher (cannot check)
r041,Haute école des arts du Rhin,partner,Karlsruhe University of Arts and Design,https://www.hear.fr/hear-en/partners-en/,• Karlsruhe University of Arts and Design,cited page was not read by the fetcher (cannot check)
r041,Haute école des arts du Rhin,partner,"Academy of Visual Arts, Leipzig",https://www.hear.fr/hear-en/partners-en/,"• Academy of Visual Arts, Leipzig",cited page was not read by the fetcher (cannot check)
r041,Haute école des arts du Rhin,partner,University of Applied Sciences Mainz,https://www.hear.fr/hear-en/partners-en/,• University of Applied Sciences Mainz,cited page was not read by the fetcher (cannot check)
r041,Haute école des arts du Rhin,partner,"Academy of Fine Arts, Munich",https://www.hear.fr/hear-en/partners-en/,"• Academy of Fine Arts, Munich",cited page was not read by the fetcher (cannot check)
r041,Haute école des arts du Rhin,partner,"University of Art and Design, Offenbach",https://www.hear.fr/hear-en/partners-en/,"• University of Art and Design, Offenbach",cited page was not read by the fetcher (cannot check)
r041,Haute école des arts du Rhin,partner,Stuttgart State Academy of Art and Design,https://www.hear.fr/hear-en/partners-en/,• Stuttgart State Academy of Art and Design,cited page was not read by the fetcher (cannot check)
r041,Haute école des arts du Rhin,partner,"Hochschule für Schauspielkunst Ernst Busch, Berlin",https://www.hear.fr/hear-en/partners-en/,"• Hochschule für Schauspielkunst Ernst Busch, Berlin",cited page was not read by the fetcher (cannot check)
r041,Haute école des arts du Rhin,partner,Athens School of Fine Arts,https://www.hear.fr/hear-en/partners-en/,• Athens School of Fine Arts,cited page was not read by the fetcher (cannot check)
r041,Haute école des arts du Rhin,partner,"Hungarian University of Fine Arts, Budapest",https://www.hear.fr/hear-en/partners-en/,"• Hungarian University of Fine Arts, Budapest",cited page was not read by the fetcher (cannot check)
r041,Haute école des arts du Rhin,partner,"Moholy-Nagy University of Art and Design, Budapest",https://www.hear.fr/hear-en/partners-en/,"• Moholy-Nagy University of Art and Design, Budapest",cited page was not read by the fetcher (cannot check)
r041,Haute école des arts du Rhin,partner,"National Institute of Design, Ahmedabad",https://www.hear.fr/hear-en/partners-en/,"• National Institute of Design, Ahmedabad",cited page was not read by the fetcher (cannot check)
r041,Haute école des arts du Rhin,partner,"Iceland Academy of the Arts, Reykjavik",https://www.hear.fr/hear-en/partners-en/,"• Iceland Academy of the Arts, Reykjavik",cited page was not read by the fetcher (cannot check)
r041,Haute école des arts du Rhin,partner,Accademia di Belle Arti di Venezia,https://www.hear.fr/hear-en/partners-en/,• Accademia di Belle Arti di Venezia,cited page was not read by the fetcher (cannot check)
r041,Haute école des arts du Rhin,partner,Fine Arts Academy of Bologna,https://www.hear.fr/hear-en/partners-en/,• Fine Arts Academy of Bologna,cited page was not read by the fetcher (cannot check)
r041,Haute école des arts du Rhin,partner,"Accademia Di Belle Arti di Brera, Milan",https://www.hear.fr/hear-en/partners-en/,"• Accademia Di Belle Arti di Brera, Milan",cited page was not read by the fetcher (cannot check)
r041,Haute école des arts du Rhin,partner,"ISIA, Urbino",https://www.hear.fr/hear-en/partners-en/,"• ISIA, Urbino",cited page was not read by the fetcher (cannot check)
r041,Haute école des arts du Rhin,partner,"Accademia Albertina delle Belle Arti, Torino",https://www.hear.fr/hear-en/partners-en/,"• Accademia Albertina delle Belle Arti, Torino",cited page was not read by the fetcher (cannot check)
r041,Haute école des arts du Rhin,partner,"Latvian Academy of Arts, Riga",https://www.hear.fr/hear-en/partners-en/,"• Latvian Academy of Arts, Riga",cited page was not read by the fetcher (cannot check)
r041,Haute école des arts du Rhin,partner,"Escuala National de Pintura, Escultura y Grabado — La Esmeralda, México DF",https://www.hear.fr/hear-en/partners-en/,"• Escuala National de Pintura, Escultura y Grabado — La Esmeralda, México DF",cited page was not read by the fetcher (cannot check)
r041,Haute école des arts du Rhin,partner,Bergen Academy of Art and Design,https://www.hear.fr/hear-en/partners-en/,• Bergen Academy of Art and Design,cited page was not read by the fetcher (cannot check)
r041,Haute école des arts du Rhin,partner,Design Academy Eindhoven,https://www.hear.fr/hear-en/partners-en/,• Design Academy Eindhoven,cited page was not read by the fetcher (cannot check)
r041,Haute école des arts du Rhin,partner,"ArtEZ Institute of the Arts, Zwolle-Enschede",https://www.hear.fr/hear-en/partners-en/,"• ArtEZ Institute of the Arts, Zwolle-Enschede",cited page was not read by the fetcher (cannot check)
r041,Haute école des arts du Rhin,partner,"Jan Matejko Academy of Fine Arts, Krakow",https://www.hear.fr/hear-en/partners-en/,"• Jan Matejko Academy of Fine Arts, Krakow",cited page was not read by the fetcher (cannot check)
r041,Haute école des arts du Rhin,partner,Academy of Fine Arts in Warsaw,https://www.hear.fr/hear-en/partners-en/,• Academy of Fine Arts in Warsaw,cited page was not read by the fetcher (cannot check)
r041,Haute école des arts du Rhin,partner,"National University of Arts, Bucharest",https://www.hear.fr/hear-en/partners-en/,"• National University of Arts, Bucharest",cited page was not read by the fetcher (cannot check)
r041,Haute école des arts du Rhin,partner,"Universidad Politecnica, Valencia",https://www.hear.fr/hear-en/partners-en/,"• Universidad Politecnica, Valencia",cited page was not read by the fetcher (cannot check)
r041,Haute école des arts du Rhin,partner,Edinburgh College of Art,https://www.hear.fr/hear-en/partners-en/,• Edinburgh College of Art,cited page was not read by the fetcher (cannot check)
r041,Haute école des arts du Rhin,partner,"University of the Arts (CCW colleges), London",https://www.hear.fr/hear-en/partners-en/,"• University of the Arts (CCW colleges), London",cited page was not read by the fetcher (cannot check)
r041,Haute école des arts du Rhin,partner,"Academy of Fine Arts and Design, Bratislava",https://www.hear.fr/hear-en/partners-en/,"• Academy of Fine Arts and Design, Bratislava",cited page was not read by the fetcher (cannot check)
r041,Haute école des arts du Rhin,partner,"Wits School of Arts, Johannesburg",https://www.hear.fr/hear-en/partners-en/,"• Wits School of Arts, Johannesburg",cited page was not read by the fetcher (cannot check)
r041,Haute école des arts du Rhin,partner,"K-ARTS Korean University of the Arts, Seoul",https://www.hear.fr/hear-en/partners-en/,"• K-ARTS Korean University of the Arts, Seoul",cited page was not read by the fetcher (cannot check)
r041,Haute école des arts du Rhin,partner,"Haute école d’art et de Design, Geneva",https://www.hear.fr/hear-en/partners-en/,"• Haute école d’art et de Design, Geneva",cited page was not read by the fetcher (cannot check)
r041,Haute école des arts du Rhin,partner,Lucerne University of Applied Sciences and Art,https://www.hear.fr/hear-en/partners-en/,• Lucerne University of Applied Sciences and Art,cited page was not read by the fetcher (cannot check)
r041,Haute école des arts du Rhin,partner,Zürich University of the Arts,https://www.hear.fr/hear-en/partners-en/,• Zürich University of the Arts,cited page was not read by the fetcher (cannot check)
r041,Haute école des arts du Rhin,partner,"University of Music and Performing Arts, Graz",https://www.hear.fr/hear-en/partners-en/,"• University of Music and Performing Arts, Graz",cited page was not read by the fetcher (cannot check)
r041,Haute école des arts du Rhin,partner,Music and Arts University of the City of Vienna,https://www.hear.fr/hear-en/partners-en/,• Music and Arts University of the City of Vienna,cited page was not read by the fetcher (cannot check)
r041,Haute école des arts du Rhin,partner,University of Music and Performing Arts Vienna,https://www.hear.fr/hear-en/partners-en/,• University of Music and Performing Arts Vienna,cited page was not read by the fetcher (cannot check)
r041,Haute école des arts du Rhin,partner,"Koninklijk Conservatorium, Bruxelles",https://www.hear.fr/hear-en/partners-en/,"• Koninklijk Conservatorium, Bruxelles",cited page was not read by the fetcher (cannot check)
r041,Haute école des arts du Rhin,partner,Université de Montréal — Faculté de Musique,https://www.hear.fr/hear-en/partners-en/,• Université de Montréal — Faculté de Musique,cited page was not read by the fetcher (cannot check)
r041,Haute école des arts du Rhin,partner,Music and Dance Faculty of the Academy of Performing Arts in Prague,https://www.hear.fr/hear-en/partners-en/,• Music and Dance Faculty of the Academy of Performing Arts in Prague,cited page was not read by the fetcher (cannot check)
r041,Haute école des arts du Rhin,partner,"Janáček Academy of Performing Arts, Brno",https://www.hear.fr/hear-en/partners-en/,"• Janáček Academy of Performing Arts, Brno",cited page was not read by the fetcher (cannot check)
r041,Haute école des arts du Rhin,partner,"Royal Danish Academy of Music, Copenhagen",https://www.hear.fr/hear-en/partners-en/,"• Royal Danish Academy of Music, Copenhagen",cited page was not read by the fetcher (cannot check)
r041,Haute école des arts du Rhin,partner,"Sibelius Academy, Helsinki",https://www.hear.fr/hear-en/partners-en/,"• Sibelius Academy, Helsinki",cited page was not read by the fetcher (cannot check)
r041,Haute école des arts du Rhin,partner,"College of Music, Lübeck",https://www.hear.fr/hear-en/partners-en/,"• College of Music, Lübeck",cited page was not read by the fetcher (cannot check)
r041,Haute école des arts du Rhin,partner,"State University of Music and Performing Arts, Stuttgart",https://www.hear.fr/hear-en/partners-en/,"• State University of Music and Performing Arts, Stuttgart",cited page was not read by the fetcher (cannot check)
r041,Haute école des arts du Rhin,partner,"Hochschule Für Musik Und Tanz, Köln",https://www.hear.fr/hear-en/partners-en/,"• Hochschule Für Musik Und Tanz, Köln",cited page was not read by the fetcher (cannot check)
r041,Haute école des arts du Rhin,partner,"Hochschule für Musik Carl Maria von Weber, Dresde",https://www.hear.fr/hear-en/partners-en/,"• Hochschule für Musik Carl Maria von Weber, Dresde",cited page was not read by the fetcher (cannot check)
r041,Haute école des arts du Rhin,partner,"Folkwand University of the Arts, Essen",https://www.hear.fr/hear-en/partners-en/,"• Folkwand University of the Arts, Essen",cited page was not read by the fetcher (cannot check)
r041,Haute école des arts du Rhin,partner,"Hochschule für Musik und Theater, Munich",https://www.hear.fr/hear-en/partners-en/,"• Hochschule für Musik und Theater, Munich",cited page was not read by the fetcher (cannot check)
r041,Haute école des arts du Rhin,partner,"University of Music Franz Liszt, Weimar",https://www.hear.fr/hear-en/partners-en/,"• University of Music Franz Liszt, Weimar",cited page was not read by the fetcher (cannot check)
r041,Haute école des arts du Rhin,partner,"Liszt Ferenc Academy of music, Budapest",https://www.hear.fr/hear-en/partners-en/,"• Liszt Ferenc Academy of music, Budapest",cited page was not read by the fetcher (cannot check)
r041,Haute école des arts du Rhin,partner,"Conservatorio di Musica Umberto Giordano, Foggia",https://www.hear.fr/hear-en/partners-en/,"• Conservatorio di Musica Umberto Giordano, Foggia",cited page was not read by the fetcher (cannot check)
r041,Haute école des arts du Rhin,partner,"Conservatorio di Musica Nino Rota, Monopoli",https://www.hear.fr/hear-en/partners-en/,"• Conservatorio di Musica Nino Rota, Monopoli",cited page was not read by the fetcher (cannot check)
r041,Haute école des arts du Rhin,partner,"Istituto Superiore di Studi Musicale Vecchi Tonelli, Modena",https://www.hear.fr/hear-en/partners-en/,"• Istituto Superiore di Studi Musicale Vecchi Tonelli, Modena",cited page was not read by the fetcher (cannot check)
r041,Haute école des arts du Rhin,partner,"Conservatorio di musica « F.A. Bonporti » di Trento, Trente",https://www.hear.fr/hear-en/partners-en/,"• Conservatorio di musica « F.A. Bonporti » di Trento, Trente",cited page was not read by the fetcher (cannot check)
r041,Haute école des arts du Rhin,partner,Jazeps Vitols Latvian Academy of Music,https://www.hear.fr/hear-en/partners-en/,• Jazeps Vitols Latvian Academy of Music,cited page was not read by the fetcher (cannot check)
r041,Haute école des arts du Rhin,partner,"Fontys Academy of Music and Perfoming Arts, Tillburg",https://www.hear.fr/hear-en/partners-en/,"• Fontys Academy of Music and Perfoming Arts, Tillburg",cited page was not read by the fetcher (cannot check)
r041,Haute école des arts du Rhin,partner,Karol Szymanowski Academy of Music in Katowice,https://www.hear.fr/hear-en/partners-en/,• Karol Szymanowski Academy of Music in Katowice,cited page was not read by the fetcher (cannot check)
r041,Haute école des arts du Rhin,partner,"Grazyna and Kiejstut Bacewicz University of Music, Lodz",https://www.hear.fr/hear-en/partners-en/,"• Grazyna and Kiejstut Bacewicz University of Music, Lodz",cited page was not read by the fetcher (cannot check)
r041,Haute école des arts du Rhin,partner,"Chopin University of Music, Warsaw",https://www.hear.fr/hear-en/partners-en/,"• Chopin University of Music, Warsaw",cited page was not read by the fetcher (cannot check)
r041,Haute école des arts du Rhin,partner,"National University of Music, Bucharest",https://www.hear.fr/hear-en/partners-en/,"• National University of Music, Bucharest",cited page was not read by the fetcher (cannot check)
r041,Haute école des arts du Rhin,partner,Gheorghe Dima National Music Academy of Cluj-Napoca,https://www.hear.fr/hear-en/partners-en/,• Gheorghe Dima National Music Academy of Cluj-Napoca,cited page was not read by the fetcher (cannot check)
r041,Haute école des arts du Rhin,partner,Academy of Music Ljubjana,https://www.hear.fr/hear-en/partners-en/,• Academy of Music Ljubjana,cited page was not read by the fetcher (cannot check)
r041,Haute école des arts du Rhin,partner,Conservatorio Superior de Musica de Vigo,https://www.hear.fr/hear-en/partners-en/,• Conservatorio Superior de Musica de Vigo,cited page was not read by the fetcher (cannot check)
r041,Haute école des arts du Rhin,partner,"Conservatorio Superior de Música Salvador Seguí, Castellón",https://www.hear.fr/hear-en/partners-en/,"• Conservatorio Superior de Música Salvador Seguí, Castellón",cited page was not read by the fetcher (cannot check)
r041,Haute école des arts du Rhin,partner,"Conservatorio Superior de Música de Canarias, Las Palmas",https://www.hear.fr/hear-en/partners-en/,"• Conservatorio Superior de Música de Canarias, Las Palmas",cited page was not read by the fetcher (cannot check)
r041,Haute école des arts du Rhin,partner,Conservatorio Superior de Música Rafael Orozco de Córdoba,https://www.hear.fr/hear-en/partners-en/,• Conservatorio Superior de Música Rafael Orozco de Córdoba,cited page was not read by the fetcher (cannot check)
r041,Haute école des arts du Rhin,partner,K-ARTS Korea national academy of arts,https://www.hear.fr/hear-en/partners-en/,• K-ARTS Korea national academy of arts,cited page was not read by the fetcher (cannot check)
r041,Haute école des arts du Rhin,partner,"Hochschule Luzern Musik, Luzerne",https://www.hear.fr/hear-en/partners-en/,"• Hochschule Luzern Musik, Luzerne",cited page was not read by the fetcher (cannot check)
r041,Haute école des arts du Rhin,partner,ELIA,https://www.hear.fr/hear-en/partners-en/,"Our students also have the opportunity to participate in many cross-border and international projects. HEAR currently has more than 100 partner institutions and is part of international higher artistic education networks ELIA, AEC and CUMULUS. HEAR holds the Erasmus + charter which allow us to participate in the different actions of this European programme.",cited page was not read by the fetcher (cannot check)
r041,Haute école des arts du Rhin,partner,AEC,https://www.hear.fr/hear-en/partners-en/,"Our students also have the opportunity to participate in many cross-border and international projects. HEAR currently has more than 100 partner institutions and is part of international higher artistic education networks ELIA, AEC and CUMULUS. HEAR holds the Erasmus + charter which allow us to participate in the different actions of this European programme.",cited page was not read by the fetcher (cannot check)
r041,Haute école des arts du Rhin,partner,CUMULUS,https://www.hear.fr/hear-en/partners-en/,"Our students also have the opportunity to participate in many cross-border and international projects. HEAR currently has more than 100 partner institutions and is part of international higher artistic education networks ELIA, AEC and CUMULUS. HEAR holds the Erasmus + charter which allow us to participate in the different actions of this European programme.",cited page was not read by the fetcher (cannot check)
r041,Haute école des arts du Rhin,partner,Adira,https://www.hear.fr/nous-soutenir/partenaires/,"Entreprises et institutions : Adira, Alsapan, Corderie Meyer-Sansboeuf, Clipso, CTS, Conseil de l’Europe, DMC, Emanuel Lang, Groupe Estimprim, Estimprim, Fond’Action Alsace, Garnier-Thiebaut, Julius Holland, KM0, Modag distribution, Port autonome de Strasbourg, Procédés Chénel, Sacred Europe, SAS-3b, Schmidt groupe, Senfa, Serge Ferrari, SERS, Société publique locale Deux-Rives, Thann Textiles, Verrissima, Université Populaire.",cited page was not read by the fetcher (cannot check)
r041,Haute école des arts du Rhin,partner,Alsapan,https://www.hear.fr/nous-soutenir/partenaires/,"Entreprises et institutions : Adira, Alsapan, Corderie Meyer-Sansboeuf, Clipso, CTS, Conseil de l’Europe, DMC, Emanuel Lang, Groupe Estimprim, Estimprim, Fond’Action Alsace, Garnier-Thiebaut, Julius Holland, KM0, Modag distribution, Port autonome de Strasbourg, Procédés Chénel, Sacred Europe, SAS-3b, Schmidt groupe, Senfa, Serge Ferrari, SERS, Société publique locale Deux-Rives, Thann Textiles, Verrissima, Université Populaire.",cited page was not read by the fetcher (cannot check)
r041,Haute école des arts du Rhin,partner,Corderie Meyer-Sansboeuf,https://www.hear.fr/nous-soutenir/partenaires/,"Entreprises et institutions : Adira, Alsapan, Corderie Meyer-Sansboeuf, Clipso, CTS, Conseil de l’Europe, DMC, Emanuel Lang, Groupe Estimprim, Estimprim, Fond’Action Alsace, Garnier-Thiebaut, Julius Holland, KM0, Modag distribution, Port autonome de Strasbourg, Procédés Chénel, Sacred Europe, SAS-3b, Schmidt groupe, Senfa, Serge Ferrari, SERS, Société publique locale Deux-Rives, Thann Textiles, Verrissima, Université Populaire.",cited page was not read by the fetcher (cannot check)
r041,Haute école des arts du Rhin,partner,Clipso,https://www.hear.fr/nous-soutenir/partenaires/,"Entreprises et institutions : Adira, Alsapan, Corderie Meyer-Sansboeuf, Clipso, CTS, Conseil de l’Europe, DMC, Emanuel Lang, Groupe Estimprim, Estimprim, Fond’Action Alsace, Garnier-Thiebaut, Julius Holland, KM0, Modag distribution, Port autonome de Strasbourg, Procédés Chénel, Sacred Europe, SAS-3b, Schmidt groupe, Senfa, Serge Ferrari, SERS, Société publique locale Deux-Rives, Thann Textiles, Verrissima, Université Populaire.",cited page was not read by the fetcher (cannot check)
r041,Haute école des arts du Rhin,partner,CTS,https://www.hear.fr/nous-soutenir/partenaires/,"Entreprises et institutions : Adira, Alsapan, Corderie Meyer-Sansboeuf, Clipso, CTS, Conseil de l’Europe, DMC, Emanuel Lang, Groupe Estimprim, Estimprim, Fond’Action Alsace, Garnier-Thiebaut, Julius Holland, KM0, Modag distribution, Port autonome de Strasbourg, Procédés Chénel, Sacred Europe, SAS-3b, Schmidt groupe, Senfa, Serge Ferrari, SERS, Société publique locale Deux-Rives, Thann Textiles, Verrissima, Université Populaire.",cited page was not read by the fetcher (cannot check)
r041,Haute école des arts du Rhin,partner,Conseil de l’Europe,https://www.hear.fr/nous-soutenir/partenaires/,"Entreprises et institutions : Adira, Alsapan, Corderie Meyer-Sansboeuf, Clipso, CTS, Conseil de l’Europe, DMC, Emanuel Lang, Groupe Estimprim, Estimprim, Fond’Action Alsace, Garnier-Thiebaut, Julius Holland, KM0, Modag distribution, Port autonome de Strasbourg, Procédés Chénel, Sacred Europe, SAS-3b, Schmidt groupe, Senfa, Serge Ferrari, SERS, Société publique locale Deux-Rives, Thann Textiles, Verrissima, Université Populaire.",cited page was not read by the fetcher (cannot check)
r041,Haute école des arts du Rhin,partner,DMC,https://www.hear.fr/nous-soutenir/partenaires/,"Entreprises et institutions : Adira, Alsapan, Corderie Meyer-Sansboeuf, Clipso, CTS, Conseil de l’Europe, DMC, Emanuel Lang, Groupe Estimprim, Estimprim, Fond’Action Alsace, Garnier-Thiebaut, Julius Holland, KM0, Modag distribution, Port autonome de Strasbourg, Procédés Chénel, Sacred Europe, SAS-3b, Schmidt groupe, Senfa, Serge Ferrari, SERS, Société publique locale Deux-Rives, Thann Textiles, Verrissima, Université Populaire.",cited page was not read by the fetcher (cannot check)
r041,Haute école des arts du Rhin,partner,Emanuel Lang,https://www.hear.fr/nous-soutenir/partenaires/,"Entreprises et institutions : Adira, Alsapan, Corderie Meyer-Sansboeuf, Clipso, CTS, Conseil de l’Europe, DMC, Emanuel Lang, Groupe Estimprim, Estimprim, Fond’Action Alsace, Garnier-Thiebaut, Julius Holland, KM0, Modag distribution, Port autonome de Strasbourg, Procédés Chénel, Sacred Europe, SAS-3b, Schmidt groupe, Senfa, Serge Ferrari, SERS, Société publique locale Deux-Rives, Thann Textiles, Verrissima, Université Populaire.",cited page was not read by the fetcher (cannot check)
r041,Haute école des arts du Rhin,partner,Groupe Estimprim,https://www.hear.fr/nous-soutenir/partenaires/,"Entreprises et institutions : Adira, Alsapan, Corderie Meyer-Sansboeuf, Clipso, CTS, Conseil de l’Europe, DMC, Emanuel Lang, Groupe Estimprim, Estimprim, Fond’Action Alsace, Garnier-Thiebaut, Julius Holland, KM0, Modag distribution, Port autonome de Strasbourg, Procédés Chénel, Sacred Europe, SAS-3b, Schmidt groupe, Senfa, Serge Ferrari, SERS, Société publique locale Deux-Rives, Thann Textiles, Verrissima, Université Populaire.",cited page was not read by the fetcher (cannot check)
r041,Haute école des arts du Rhin,partner,Estimprim,https://www.hear.fr/nous-soutenir/partenaires/,"Entreprises et institutions : Adira, Alsapan, Corderie Meyer-Sansboeuf, Clipso, CTS, Conseil de l’Europe, DMC, Emanuel Lang, Groupe Estimprim, Estimprim, Fond’Action Alsace, Garnier-Thiebaut, Julius Holland, KM0, Modag distribution, Port autonome de Strasbourg, Procédés Chénel, Sacred Europe, SAS-3b, Schmidt groupe, Senfa, Serge Ferrari, SERS, Société publique locale Deux-Rives, Thann Textiles, Verrissima, Université Populaire.",cited page was not read by the fetcher (cannot check)
r041,Haute école des arts du Rhin,partner,Fond’Action Alsace,https://www.hear.fr/nous-soutenir/partenaires/,"Entreprises et institutions : Adira, Alsapan, Corderie Meyer-Sansboeuf, Clipso, CTS, Conseil de l’Europe, DMC, Emanuel Lang, Groupe Estimprim, Estimprim, Fond’Action Alsace, Garnier-Thiebaut, Julius Holland, KM0, Modag distribution, Port autonome de Strasbourg, Procédés Chénel, Sacred Europe, SAS-3b, Schmidt groupe, Senfa, Serge Ferrari, SERS, Société publique locale Deux-Rives, Thann Textiles, Verrissima, Université Populaire.",cited page was not read by the fetcher (cannot check)
r041,Haute école des arts du Rhin,partner,Garnier-Thiebaut,https://www.hear.fr/nous-soutenir/partenaires/,"Entreprises et institutions : Adira, Alsapan, Corderie Meyer-Sansboeuf, Clipso, CTS, Conseil de l’Europe, DMC, Emanuel Lang, Groupe Estimprim, Estimprim, Fond’Action Alsace, Garnier-Thiebaut, Julius Holland, KM0, Modag distribution, Port autonome de Strasbourg, Procédés Chénel, Sacred Europe, SAS-3b, Schmidt groupe, Senfa, Serge Ferrari, SERS, Société publique locale Deux-Rives, Thann Textiles, Verrissima, Université Populaire.",cited page was not read by the fetcher (cannot check)
r041,Haute école des arts du Rhin,partner,Julius Holland,https://www.hear.fr/nous-soutenir/partenaires/,"Entreprises et institutions : Adira, Alsapan, Corderie Meyer-Sansboeuf, Clipso, CTS, Conseil de l’Europe, DMC, Emanuel Lang, Groupe Estimprim, Estimprim, Fond’Action Alsace, Garnier-Thiebaut, Julius Holland, KM0, Modag distribution, Port autonome de Strasbourg, Procédés Chénel, Sacred Europe, SAS-3b, Schmidt groupe, Senfa, Serge Ferrari, SERS, Société publique locale Deux-Rives, Thann Textiles, Verrissima, Université Populaire.",cited page was not read by the fetcher (cannot check)
r041,Haute école des arts du Rhin,partner,KM0,https://www.hear.fr/nous-soutenir/partenaires/,"Entreprises et institutions : Adira, Alsapan, Corderie Meyer-Sansboeuf, Clipso, CTS, Conseil de l’Europe, DMC, Emanuel Lang, Groupe Estimprim, Estimprim, Fond’Action Alsace, Garnier-Thiebaut, Julius Holland, KM0, Modag distribution, Port autonome de Strasbourg, Procédés Chénel, Sacred Europe, SAS-3b, Schmidt groupe, Senfa, Serge Ferrari, SERS, Société publique locale Deux-Rives, Thann Textiles, Verrissima, Université Populaire.",cited page was not read by the fetcher (cannot check)
r041,Haute école des arts du Rhin,partner,Modag distribution,https://www.hear.fr/nous-soutenir/partenaires/,"Entreprises et institutions : Adira, Alsapan, Corderie Meyer-Sansboeuf, Clipso, CTS, Conseil de l’Europe, DMC, Emanuel Lang, Groupe Estimprim, Estimprim, Fond’Action Alsace, Garnier-Thiebaut, Julius Holland, KM0, Modag distribution, Port autonome de Strasbourg, Procédés Chénel, Sacred Europe, SAS-3b, Schmidt groupe, Senfa, Serge Ferrari, SERS, Société publique locale Deux-Rives, Thann Textiles, Verrissima, Université Populaire.",cited page was not read by the fetcher (cannot check)
r041,Haute école des arts du Rhin,partner,Port autonome de Strasbourg,https://www.hear.fr/nous-soutenir/partenaires/,"Entreprises et institutions : Adira, Alsapan, Corderie Meyer-Sansboeuf, Clipso, CTS, Conseil de l’Europe, DMC, Emanuel Lang, Groupe Estimprim, Estimprim, Fond’Action Alsace, Garnier-Thiebaut, Julius Holland, KM0, Modag distribution, Port autonome de Strasbourg, Procédés Chénel, Sacred Europe, SAS-3b, Schmidt groupe, Senfa, Serge Ferrari, SERS, Société publique locale Deux-Rives, Thann Textiles, Verrissima, Université Populaire.",cited page was not read by the fetcher (cannot check)
r041,Haute école des arts du Rhin,partner,Procédés Chénel,https://www.hear.fr/nous-soutenir/partenaires/,"Entreprises et institutions : Adira, Alsapan, Corderie Meyer-Sansboeuf, Clipso, CTS, Conseil de l’Europe, DMC, Emanuel Lang, Groupe Estimprim, Estimprim, Fond’Action Alsace, Garnier-Thiebaut, Julius Holland, KM0, Modag distribution, Port autonome de Strasbourg, Procédés Chénel, Sacred Europe, SAS-3b, Schmidt groupe, Senfa, Serge Ferrari, SERS, Société publique locale Deux-Rives, Thann Textiles, Verrissima, Université Populaire.",cited page was not read by the fetcher (cannot check)
r041,Haute école des arts du Rhin,partner,Sacred Europe,https://www.hear.fr/nous-soutenir/partenaires/,"Entreprises et institutions : Adira, Alsapan, Corderie Meyer-Sansboeuf, Clipso, CTS, Conseil de l’Europe, DMC, Emanuel Lang, Groupe Estimprim, Estimprim, Fond’Action Alsace, Garnier-Thiebaut, Julius Holland, KM0, Modag distribution, Port autonome de Strasbourg, Procédés Chénel, Sacred Europe, SAS-3b, Schmidt groupe, Senfa, Serge Ferrari, SERS, Société publique locale Deux-Rives, Thann Textiles, Verrissima, Université Populaire.",cited page was not read by the fetcher (cannot check)
r041,Haute école des arts du Rhin,partner,SAS-3b,https://www.hear.fr/nous-soutenir/partenaires/,"Entreprises et institutions : Adira, Alsapan, Corderie Meyer-Sansboeuf, Clipso, CTS, Conseil de l’Europe, DMC, Emanuel Lang, Groupe Estimprim, Estimprim, Fond’Action Alsace, Garnier-Thiebaut, Julius Holland, KM0, Modag distribution, Port autonome de Strasbourg, Procédés Chénel, Sacred Europe, SAS-3b, Schmidt groupe, Senfa, Serge Ferrari, SERS, Société publique locale Deux-Rives, Thann Textiles, Verrissima, Université Populaire.",cited page was not read by the fetcher (cannot check)
r041,Haute école des arts du Rhin,partner,Schmidt groupe,https://www.hear.fr/nous-soutenir/partenaires/,"Entreprises et institutions : Adira, Alsapan, Corderie Meyer-Sansboeuf, Clipso, CTS, Conseil de l’Europe, DMC, Emanuel Lang, Groupe Estimprim, Estimprim, Fond’Action Alsace, Garnier-Thiebaut, Julius Holland, KM0, Modag distribution, Port autonome de Strasbourg, Procédés Chénel, Sacred Europe, SAS-3b, Schmidt groupe, Senfa, Serge Ferrari, SERS, Société publique locale Deux-Rives, Thann Textiles, Verrissima, Université Populaire.",cited page was not read by the fetcher (cannot check)
r041,Haute école des arts du Rhin,partner,Senfa,https://www.hear.fr/nous-soutenir/partenaires/,"Entreprises et institutions : Adira, Alsapan, Corderie Meyer-Sansboeuf, Clipso, CTS, Conseil de l’Europe, DMC, Emanuel Lang, Groupe Estimprim, Estimprim, Fond’Action Alsace, Garnier-Thiebaut, Julius Holland, KM0, Modag distribution, Port autonome de Strasbourg, Procédés Chénel, Sacred Europe, SAS-3b, Schmidt groupe, Senfa, Serge Ferrari, SERS, Société publique locale Deux-Rives, Thann Textiles, Verrissima, Université Populaire.",cited page was not read by the fetcher (cannot check)
r041,Haute école des arts du Rhin,partner,Serge Ferrari,https://www.hear.fr/nous-soutenir/partenaires/,"Entreprises et institutions : Adira, Alsapan, Corderie Meyer-Sansboeuf, Clipso, CTS, Conseil de l’Europe, DMC, Emanuel Lang, Groupe Estimprim, Estimprim, Fond’Action Alsace, Garnier-Thiebaut, Julius Holland, KM0, Modag distribution, Port autonome de Strasbourg, Procédés Chénel, Sacred Europe, SAS-3b, Schmidt groupe, Senfa, Serge Ferrari, SERS, Société publique locale Deux-Rives, Thann Textiles, Verrissima, Université Populaire.",cited page was not read by the fetcher (cannot check)
r041,Haute école des arts du Rhin,partner,SERS,https://www.hear.fr/nous-soutenir/partenaires/,"Entreprises et institutions : Adira, Alsapan, Corderie Meyer-Sansboeuf, Clipso, CTS, Conseil de l’Europe, DMC, Emanuel Lang, Groupe Estimprim, Estimprim, Fond’Action Alsace, Garnier-Thiebaut, Julius Holland, KM0, Modag distribution, Port autonome de Strasbourg, Procédés Chénel, Sacred Europe, SAS-3b, Schmidt groupe, Senfa, Serge Ferrari, SERS, Société publique locale Deux-Rives, Thann Textiles, Verrissima, Université Populaire.",cited page was not read by the fetcher (cannot check)
r041,Haute école des arts du Rhin,partner,Société publique locale Deux-Rives,https://www.hear.fr/nous-soutenir/partenaires/,"Entreprises et institutions : Adira, Alsapan, Corderie Meyer-Sansboeuf, Clipso, CTS, Conseil de l’Europe, DMC, Emanuel Lang, Groupe Estimprim, Estimprim, Fond’Action Alsace, Garnier-Thiebaut, Julius Holland, KM0, Modag distribution, Port autonome de Strasbourg, Procédés Chénel, Sacred Europe, SAS-3b, Schmidt groupe, Senfa, Serge Ferrari, SERS, Société publique locale Deux-Rives, Thann Textiles, Verrissima, Université Populaire.",cited page was not read by the fetcher (cannot check)
r041,Haute école des arts du Rhin,partner,Thann Textiles,https://www.hear.fr/nous-soutenir/partenaires/,"Entreprises et institutions : Adira, Alsapan, Corderie Meyer-Sansboeuf, Clipso, CTS, Conseil de l’Europe, DMC, Emanuel Lang, Groupe Estimprim, Estimprim, Fond’Action Alsace, Garnier-Thiebaut, Julius Holland, KM0, Modag distribution, Port autonome de Strasbourg, Procédés Chénel, Sacred Europe, SAS-3b, Schmidt groupe, Senfa, Serge Ferrari, SERS, Société publique locale Deux-Rives, Thann Textiles, Verrissima, Université Populaire.",cited page was not read by the fetcher (cannot check)
r041,Haute école des arts du Rhin,partner,Verrissima,https://www.hear.fr/nous-soutenir/partenaires/,"Entreprises et institutions : Adira, Alsapan, Corderie Meyer-Sansboeuf, Clipso, CTS, Conseil de l’Europe, DMC, Emanuel Lang, Groupe Estimprim, Estimprim, Fond’Action Alsace, Garnier-Thiebaut, Julius Holland, KM0, Modag distribution, Port autonome de Strasbourg, Procédés Chénel, Sacred Europe, SAS-3b, Schmidt groupe, Senfa, Serge Ferrari, SERS, Société publique locale Deux-Rives, Thann Textiles, Verrissima, Université Populaire.",cited page was not read by the fetcher (cannot check)
r041,Haute école des arts du Rhin,partner,Université Populaire,https://www.hear.fr/nous-soutenir/partenaires/,"Entreprises et institutions : Adira, Alsapan, Corderie Meyer-Sansboeuf, Clipso, CTS, Conseil de l’Europe, DMC, Emanuel Lang, Groupe Estimprim, Estimprim, Fond’Action Alsace, Garnier-Thiebaut, Julius Holland, KM0, Modag distribution, Port autonome de Strasbourg, Procédés Chénel, Sacred Europe, SAS-3b, Schmidt groupe, Senfa, Serge Ferrari, SERS, Société publique locale Deux-Rives, Thann Textiles, Verrissima, Université Populaire.",cited page was not read by the fetcher (cannot check)
r041,Haute école des arts du Rhin,partner,Le 19 – CRAC,https://www.hear.fr/nous-soutenir/partenaires/,"Le 19 – CRAC, Accélérateur de particules, Accroche notes, AEDEN Gallery, Ballet du Rhin, Bibliothèque nationale universitaire, Bibliothèque des musées de Strasbourg, Bibliothèques d’écoles d’arts en réseau, Biennale de design graphique de Chaumont, Casino Luxembourg, CEEAC, La Chambre, Cinéma Odysée, CRAC Alsace, Ensemble Linéa, Espace Django, Espace multimédia Gantner, festival Central vapeur, festival du livre de Colmar, festival Musica, fondation François Schneider, fondation Culture & divers",cited page was not read by the fetcher (cannot check)
r041,Haute école des arts du Rhin,partner,Accélérateur de particules,https://www.hear.fr/nous-soutenir/partenaires/,"Le 19 – CRAC, Accélérateur de particules, Accroche notes, AEDEN Gallery, Ballet du Rhin, Bibliothèque nationale universitaire, Bibliothèque des musées de Strasbourg, Bibliothèques d’écoles d’arts en réseau, Biennale de design graphique de Chaumont, Casino Luxembourg, CEEAC, La Chambre, Cinéma Odysée, CRAC Alsace, Ensemble Linéa, Espace Django, Espace multimédia Gantner, festival Central vapeur, festival du livre de Colmar, festival Musica, fondation François Schneider, fondation Culture & divers",cited page was not read by the fetcher (cannot check)
r041,Haute école des arts du Rhin,partner,Accroche notes,https://www.hear.fr/nous-soutenir/partenaires/,"Le 19 – CRAC, Accélérateur de particules, Accroche notes, AEDEN Gallery, Ballet du Rhin, Bibliothèque nationale universitaire, Bibliothèque des musées de Strasbourg, Bibliothèques d’écoles d’arts en réseau, Biennale de design graphique de Chaumont, Casino Luxembourg, CEEAC, La Chambre, Cinéma Odysée, CRAC Alsace, Ensemble Linéa, Espace Django, Espace multimédia Gantner, festival Central vapeur, festival du livre de Colmar, festival Musica, fondation François Schneider, fondation Culture & divers",cited page was not read by the fetcher (cannot check)
r041,Haute école des arts du Rhin,partner,AEDEN Gallery,https://www.hear.fr/nous-soutenir/partenaires/,"Le 19 – CRAC, Accélérateur de particules, Accroche notes, AEDEN Gallery, Ballet du Rhin, Bibliothèque nationale universitaire, Bibliothèque des musées de Strasbourg, Bibliothèques d’écoles d’arts en réseau, Biennale de design graphique de Chaumont, Casino Luxembourg, CEEAC, La Chambre, Cinéma Odysée, CRAC Alsace, Ensemble Linéa, Espace Django, Espace multimédia Gantner, festival Central vapeur, festival du livre de Colmar, festival Musica, fondation François Schneider, fondation Culture & divers",cited page was not read by the fetcher (cannot check)
r041,Haute école des arts du Rhin,partner,Ballet du Rhin,https://www.hear.fr/nous-soutenir/partenaires/,"Le 19 – CRAC, Accélérateur de particules, Accroche notes, AEDEN Gallery, Ballet du Rhin, Bibliothèque nationale universitaire, Bibliothèque des musées de Strasbourg, Bibliothèques d’écoles d’arts en réseau, Biennale de design graphique de Chaumont, Casino Luxembourg, CEEAC, La Chambre, Cinéma Odysée, CRAC Alsace, Ensemble Linéa, Espace Django, Espace multimédia Gantner, festival Central vapeur, festival du livre de Colmar, festival Musica, fondation François Schneider, fondation Culture & divers",cited page was not read by the fetcher (cannot check)
r041,Haute école des arts du Rhin,partner,Bibliothèque nationale universitaire,https://www.hear.fr/nous-soutenir/partenaires/,"Le 19 – CRAC, Accélérateur de particules, Accroche notes, AEDEN Gallery, Ballet du Rhin, Bibliothèque nationale universitaire, Bibliothèque des musées de Strasbourg, Bibliothèques d’écoles d’arts en réseau, Biennale de design graphique de Chaumont, Casino Luxembourg, CEEAC, La Chambre, Cinéma Odysée, CRAC Alsace, Ensemble Linéa, Espace Django, Espace multimédia Gantner, festival Central vapeur, festival du livre de Colmar, festival Musica, fondation François Schneider, fondation Culture & divers",cited page was not read by the fetcher (cannot check)
r041,Haute école des arts du Rhin,partner,Bibliothèque des musées de Strasbourg,https://www.hear.fr/nous-soutenir/partenaires/,"Le 19 – CRAC, Accélérateur de particules, Accroche notes, AEDEN Gallery, Ballet du Rhin, Bibliothèque nationale universitaire, Bibliothèque des musées de Strasbourg, Bibliothèques d’écoles d’arts en réseau, Biennale de design graphique de Chaumont, Casino Luxembourg, CEEAC, La Chambre, Cinéma Odysée, CRAC Alsace, Ensemble Linéa, Espace Django, Espace multimédia Gantner, festival Central vapeur, festival du livre de Colmar, festival Musica, fondation François Schneider, fondation Culture & divers",cited page was not read by the fetcher (cannot check)
r041,Haute école des arts du Rhin,partner,Bibliothèques d’écoles d’arts en réseau,https://www.hear.fr/nous-soutenir/partenaires/,"Le 19 – CRAC, Accélérateur de particules, Accroche notes, AEDEN Gallery, Ballet du Rhin, Bibliothèque nationale universitaire, Bibliothèque des musées de Strasbourg, Bibliothèques d’écoles d’arts en réseau, Biennale de design graphique de Chaumont, Casino Luxembourg, CEEAC, La Chambre, Cinéma Odysée, CRAC Alsace, Ensemble Linéa, Espace Django, Espace multimédia Gantner, festival Central vapeur, festival du livre de Colmar, festival Musica, fondation François Schneider, fondation Culture & divers",cited page was not read by the fetcher (cannot check)
r041,Haute école des arts du Rhin,partner,Biennale de design graphique de Chaumont,https://www.hear.fr/nous-soutenir/partenaires/,"Le 19 – CRAC, Accélérateur de particules, Accroche notes, AEDEN Gallery, Ballet du Rhin, Bibliothèque nationale universitaire, Bibliothèque des musées de Strasbourg, Bibliothèques d’écoles d’arts en réseau, Biennale de design graphique de Chaumont, Casino Luxembourg, CEEAC, La Chambre, Cinéma Odysée, CRAC Alsace, Ensemble Linéa, Espace Django, Espace multimédia Gantner, festival Central vapeur, festival du livre de Colmar, festival Musica, fondation François Schneider, fondation Culture & divers",cited page was not read by the fetcher (cannot check)
r041,Haute école des arts du Rhin,partner,Casino Luxembourg,https://www.hear.fr/nous-soutenir/partenaires/,"Le 19 – CRAC, Accélérateur de particules, Accroche notes, AEDEN Gallery, Ballet du Rhin, Bibliothèque nationale universitaire, Bibliothèque des musées de Strasbourg, Bibliothèques d’écoles d’arts en réseau, Biennale de design graphique de Chaumont, Casino Luxembourg, CEEAC, La Chambre, Cinéma Odysée, CRAC Alsace, Ensemble Linéa, Espace Django, Espace multimédia Gantner, festival Central vapeur, festival du livre de Colmar, festival Musica, fondation François Schneider, fondation Culture & divers",cited page was not read by the fetcher (cannot check)
r041,Haute école des arts du Rhin,partner,CEEAC,https://www.hear.fr/nous-soutenir/partenaires/,"Le 19 – CRAC, Accélérateur de particules, Accroche notes, AEDEN Gallery, Ballet du Rhin, Bibliothèque nationale universitaire, Bibliothèque des musées de Strasbourg, Bibliothèques d’écoles d’arts en réseau, Biennale de design graphique de Chaumont, Casino Luxembourg, CEEAC, La Chambre, Cinéma Odysée, CRAC Alsace, Ensemble Linéa, Espace Django, Espace multimédia Gantner, festival Central vapeur, festival du livre de Colmar, festival Musica, fondation François Schneider, fondation Culture & divers",cited page was not read by the fetcher (cannot check)
r041,Haute école des arts du Rhin,partner,La Chambre,https://www.hear.fr/nous-soutenir/partenaires/,"Le 19 – CRAC, Accélérateur de particules, Accroche notes, AEDEN Gallery, Ballet du Rhin, Bibliothèque nationale universitaire, Bibliothèque des musées de Strasbourg, Bibliothèques d’écoles d’arts en réseau, Biennale de design graphique de Chaumont, Casino Luxembourg, CEEAC, La Chambre, Cinéma Odysée, CRAC Alsace, Ensemble Linéa, Espace Django, Espace multimédia Gantner, festival Central vapeur, festival du livre de Colmar, festival Musica, fondation François Schneider, fondation Culture & divers",cited page was not read by the fetcher (cannot check)
r041,Haute école des arts du Rhin,partner,Cinéma Odysée,https://www.hear.fr/nous-soutenir/partenaires/,"Le 19 – CRAC, Accélérateur de particules, Accroche notes, AEDEN Gallery, Ballet du Rhin, Bibliothèque nationale universitaire, Bibliothèque des musées de Strasbourg, Bibliothèques d’écoles d’arts en réseau, Biennale de design graphique de Chaumont, Casino Luxembourg, CEEAC, La Chambre, Cinéma Odysée, CRAC Alsace, Ensemble Linéa, Espace Django, Espace multimédia Gantner, festival Central vapeur, festival du livre de Colmar, festival Musica, fondation François Schneider, fondation Culture & divers",cited page was not read by the fetcher (cannot check)
r041,Haute école des arts du Rhin,partner,CRAC Alsace,https://www.hear.fr/nous-soutenir/partenaires/,"Le 19 – CRAC, Accélérateur de particules, Accroche notes, AEDEN Gallery, Ballet du Rhin, Bibliothèque nationale universitaire, Bibliothèque des musées de Strasbourg, Bibliothèques d’écoles d’arts en réseau, Biennale de design graphique de Chaumont, Casino Luxembourg, CEEAC, La Chambre, Cinéma Odysée, CRAC Alsace, Ensemble Linéa, Espace Django, Espace multimédia Gantner, festival Central vapeur, festival du livre de Colmar, festival Musica, fondation François Schneider, fondation Culture & divers",cited page was not read by the fetcher (cannot check)
r041,Haute école des arts du Rhin,partner,Ensemble Linéa,https://www.hear.fr/nous-soutenir/partenaires/,"Le 19 – CRAC, Accélérateur de particules, Accroche notes, AEDEN Gallery, Ballet du Rhin, Bibliothèque nationale universitaire, Bibliothèque des musées de Strasbourg, Bibliothèques d’écoles d’arts en réseau, Biennale de design graphique de Chaumont, Casino Luxembourg, CEEAC, La Chambre, Cinéma Odysée, CRAC Alsace, Ensemble Linéa, Espace Django, Espace multimédia Gantner, festival Central vapeur, festival du livre de Colmar, festival Musica, fondation François Schneider, fondation Culture & divers",cited page was not read by the fetcher (cannot check)
r041,Haute école des arts du Rhin,partner,Espace Django,https://www.hear.fr/nous-soutenir/partenaires/,"Le 19 – CRAC, Accélérateur de particules, Accroche notes, AEDEN Gallery, Ballet du Rhin, Bibliothèque nationale universitaire, Bibliothèque des musées de Strasbourg, Bibliothèques d’écoles d’arts en réseau, Biennale de design graphique de Chaumont, Casino Luxembourg, CEEAC, La Chambre, Cinéma Odysée, CRAC Alsace, Ensemble Linéa, Espace Django, Espace multimédia Gantner, festival Central vapeur, festival du livre de Colmar, festival Musica, fondation François Schneider, fondation Culture & divers",cited page was not read by the fetcher (cannot check)
r041,Haute école des arts du Rhin,partner,Espace multimédia Gantner,https://www.hear.fr/nous-soutenir/partenaires/,"Le 19 – CRAC, Accélérateur de particules, Accroche notes, AEDEN Gallery, Ballet du Rhin, Bibliothèque nationale universitaire, Bibliothèque des musées de Strasbourg, Bibliothèques d’écoles d’arts en réseau, Biennale de design graphique de Chaumont, Casino Luxembourg, CEEAC, La Chambre, Cinéma Odysée, CRAC Alsace, Ensemble Linéa, Espace Django, Espace multimédia Gantner, festival Central vapeur, festival du livre de Colmar, festival Musica, fondation François Schneider, fondation Culture & divers",cited page was not read by the fetcher (cannot check)
r041,Haute école des arts du Rhin,partner,festival Central vapeur,https://www.hear.fr/nous-soutenir/partenaires/,"Le 19 – CRAC, Accélérateur de particules, Accroche notes, AEDEN Gallery, Ballet du Rhin, Bibliothèque nationale universitaire, Bibliothèque des musées de Strasbourg, Bibliothèques d’écoles d’arts en réseau, Biennale de design graphique de Chaumont, Casino Luxembourg, CEEAC, La Chambre, Cinéma Odysée, CRAC Alsace, Ensemble Linéa, Espace Django, Espace multimédia Gantner, festival Central vapeur, festival du livre de Colmar, festival Musica, fondation François Schneider, fondation Culture & divers",cited page was not read by the fetcher (cannot check)
r041,Haute école des arts du Rhin,partner,festival du livre de Colmar,https://www.hear.fr/nous-soutenir/partenaires/,"Le 19 – CRAC, Accélérateur de particules, Accroche notes, AEDEN Gallery, Ballet du Rhin, Bibliothèque nationale universitaire, Bibliothèque des musées de Strasbourg, Bibliothèques d’écoles d’arts en réseau, Biennale de design graphique de Chaumont, Casino Luxembourg, CEEAC, La Chambre, Cinéma Odysée, CRAC Alsace, Ensemble Linéa, Espace Django, Espace multimédia Gantner, festival Central vapeur, festival du livre de Colmar, festival Musica, fondation François Schneider, fondation Culture & divers",cited page was not read by the fetcher (cannot check)
r041,Haute école des arts du Rhin,partner,festival Musica,https://www.hear.fr/nous-soutenir/partenaires/,"Le 19 – CRAC, Accélérateur de particules, Accroche notes, AEDEN Gallery, Ballet du Rhin, Bibliothèque nationale universitaire, Bibliothèque des musées de Strasbourg, Bibliothèques d’écoles d’arts en réseau, Biennale de design graphique de Chaumont, Casino Luxembourg, CEEAC, La Chambre, Cinéma Odysée, CRAC Alsace, Ensemble Linéa, Espace Django, Espace multimédia Gantner, festival Central vapeur, festival du livre de Colmar, festival Musica, fondation François Schneider, fondation Culture & divers",cited page was not read by the fetcher (cannot check)
r041,Haute école des arts du Rhin,partner,fondation François Schneider,https://www.hear.fr/nous-soutenir/partenaires/,"Le 19 – CRAC, Accélérateur de particules, Accroche notes, AEDEN Gallery, Ballet du Rhin, Bibliothèque nationale universitaire, Bibliothèque des musées de Strasbourg, Bibliothèques d’écoles d’arts en réseau, Biennale de design graphique de Chaumont, Casino Luxembourg, CEEAC, La Chambre, Cinéma Odysée, CRAC Alsace, Ensemble Linéa, Espace Django, Espace multimédia Gantner, festival Central vapeur, festival du livre de Colmar, festival Musica, fondation François Schneider, fondation Culture & divers",cited page was not read by the fetcher (cannot check)
r041,Haute école des arts du Rhin,partner,fondation Culture & divers,https://www.hear.fr/nous-soutenir/partenaires/,"Le 19 – CRAC, Accélérateur de particules, Accroche notes, AEDEN Gallery, Ballet du Rhin, Bibliothèque nationale universitaire, Bibliothèque des musées de Strasbourg, Bibliothèques d’écoles d’arts en réseau, Biennale de design graphique de Chaumont, Casino Luxembourg, CEEAC, La Chambre, Cinéma Odysée, CRAC Alsace, Ensemble Linéa, Espace Django, Espace multimédia Gantner, festival Central vapeur, festival du livre de Colmar, festival Musica, fondation François Schneider, fondation Culture & divers",cited page was not read by the fetcher (cannot check)
r041,Haute école des arts du Rhin,partner,Université de Strasbourg,https://www.hear.fr/nous-soutenir/partenaires/,Université de Strasbourg,cited page was not read by the fetcher (cannot check)
r041,Haute école des arts du Rhin,partner,aec-music.eu,https://www.hear.fr/nous-soutenir/partenaires/,www.aec-music.eu,cited page was not read by the fetcher (cannot check)
r041,Haute école des arts du Rhin,partner,elia-artschools.org,https://www.hear.fr/nous-soutenir/partenaires/,www.elia-artschools.org,cited page was not read by the fetcher (cannot check)
r041,Haute école des arts du Rhin,partner,alsacetech.org,https://www.hear.fr/nous-soutenir/partenaires/,www.alsacetech.org,cited page was not read by the fetcher (cannot check)
r041,Haute école des arts du Rhin,partner,cumulusassociation.org,https://www.hear.fr/nous-soutenir/partenaires/,www.cumulusassociation.org,cited page was not read by the fetcher (cannot check)
r041,Haute école des arts du Rhin,partner,anescas.fr,https://www.hear.fr/nous-soutenir/partenaires/,www.anescas.fr,cited page was not read by the fetcher (cannot check)
r041,Haute école des arts du Rhin,partner,Haute école d’art de Zurich (Zürcher Hochschule der Künste),https://www.hear.fr/lexperience-de-mobilite/,"Emmanuel Michaud, étudiant en Art, a choisi la Haute école d’art de Zurich (Zürcher Hochschule der Künste), attiré par le master d’études artistiques transdisciplinaires. « J’ai choisi une école à proximité de l’Alsace dans une perspective de poursuivre les projets entamés là-bas après ma mobilité », explique-t-il.",cited page was not read by the fetcher (cannot check)
r041,Haute école des arts du Rhin,partner,Bezalel Academy of Arts and Design,https://www.hear.fr/lexperience-de-mobilite/,"Ambre Quemin, étudiante en Communication graphique, a également choisi une mobilité dans une école partenaire. La jeune femme a voulu sortir de l’Europe pour un dépaysement total et a choisi la Bezalel Academy of Arts and Design de Jerusalem. « J’avais un cours en hébreu, je ne le parle pas du tout mais d’un point de vue graphique, c’était extrêmement intéressant de voir comment ils travaillent cette typographie », explique-t-elle. « Un autre cours, en anglais, était assuré par un enseignant trè",cited page was not read by the fetcher (cannot check)
r041,Haute école des arts du Rhin,campus,Mulhouse,https://www.hear.fr/,Mulhouse — Strasbourg,cited page was not read by the fetcher (cannot check)
r041,Haute école des arts du Rhin,campus,Strasbourg,https://www.hear.fr/,Mulhouse — Strasbourg,cited page was not read by the fetcher (cannot check)
r043,"Vysoká škola NEWTON, a.s.",contact,"Ing. Ludmila Hruban, Ph.D., MSc.",https://newton.university/en/about-us/management/,"Ing. Ludmila Hruban, Ph.D., MSc. ... Academic Director of Centre for International Programmes & Language Centre",cited page was not read by the fetcher (cannot check)
r043,"Vysoká škola NEWTON, a.s.",contact,"prof. Mgr. Dagmar Cagáňová, PhD.",https://newton.university/en/about-us/management/,"prof. Mgr. Dagmar Cagáňová, PhD. ... Vice-Chancellor for Internationalisation",cited page was not read by the fetcher (cannot check)
r043,"Vysoká škola NEWTON, a.s.",contact,Ing. Miriam Habibi,https://newton.university/inovace-a-partnerstvi/partnerske-akce/,Ing. Miriam Habibi ... Event Manager,cited page was not read by the fetcher (cannot check)
r043,"Vysoká škola NEWTON, a.s.",partner,Česká manažerská asociace,https://newton.university/inovace-a-partnerstvi/,Česká manažerská asociace,cited page was not read by the fetcher (cannot check)
r043,"Vysoká škola NEWTON, a.s.",partner,DOFE,https://newton.university/inovace-a-partnerstvi/,DOFE,cited page was not read by the fetcher (cannot check)
r043,"Vysoká škola NEWTON, a.s.",partner,"NEWTON Media, a.s.",https://newton.university/inovace-a-partnerstvi/,"NEWTON Media, a.s.",cited page was not read by the fetcher (cannot check)
r043,"Vysoká škola NEWTON, a.s.",partner,TeachMakers s.r.o.,https://newton.university/inovace-a-partnerstvi/,TeachMakers s.r.o.,cited page was not read by the fetcher (cannot check)
r043,"Vysoká škola NEWTON, a.s.",partner,EAI European Alliance for Innovation,https://newton.university/inovace-a-partnerstvi/partnerske-akce/,"NEWTON University se podílí na významné mezinárodní konferenci konané v Dubaji Mobility, IoT and Smart Life & Business & Education pořádané EAI European Alliance for Innovation. Akce spojuje klíčové oblasti současného digitálního a udržitelného rozvoje. Témata konference reflektují propojení mobility, IoT, chytrého života, moderního byznysu i vzdělávání. Tedy oblasti, které jsou v centru i naší pozornosti.",cited page was not read by the fetcher (cannot check)
r043,"Vysoká škola NEWTON, a.s.",partner,Letní podnikatelský kemp,https://newton.university/,NEWTON University je hlavním programovým partnerem Letního podnikatelského kempu (LPK).,cited page was not read by the fetcher (cannot check)
r043,"Vysoká škola NEWTON, a.s.",partner,Times Higher Education,https://newton.university/,NEWTON University se jako jediná soukromá vysoká škola z České republiky zařadila do prestižního hodnocení Times Higher Education Sustainability Impact Ratings 2026. Výrazného výsledku dosáhla zejména v oblasti důstojné práce a ekonomického růstu.,cited page was not read by the fetcher (cannot check)
r043,"Vysoká škola NEWTON, a.s.",partner,ČMA,https://newton.university/,NEWTON University a ČMA mění DNA českého leadershipu,cited page was not read by the fetcher (cannot check)
r043,"Vysoká škola NEWTON, a.s.",partner,EAI,https://newton.university/,"NEWTON University je spolupořadatelem konference EAI Mobility, IoT and Smart Cities 2026",cited page was not read by the fetcher (cannot check)
r043,"Vysoká škola NEWTON, a.s.",partner,OSN,https://newton.university/,"Na NEWTON University se hlásíme k Cílům udržitelného rozvoje OSN, protože představují jasný a mezinárodně uznávaný rámec pro odpovědné a moderní vzdělávání.",cited page was not read by the fetcher (cannot check)
r043,"Vysoká škola NEWTON, a.s.",partner,Times Higher Education Sustainability Impact Network,https://newton.university/,"Od roku 2025 jsme členy Times Higher Education Sustainability Impact Network, která propojuje vysoké školy zaměřené na udržitelnost a společenský dopad. Naše dlouhodobé zaměření na tato témata se promítlo také do mezinárodního hodnocení Times Higher Education (THE) Sustainability Impact Ratings 2026, ve kterém se NEWTON University jako jediná soukromá vysoká škola z České republiky umístila mezi hodnocenými institucemi.",cited page was not read by the fetcher (cannot check)
r043,"Vysoká škola NEWTON, a.s.",partner,Ogilvy,https://newton.university/,"Vybrala jsem si tenhle obor, protože propojuje kreativitu s praktickými dovednostmi a přesně to mě baví. NEWTON mě zaujal nejen nabídkou oborů, ale také individuálním přístupem a doporučeními od kamarádů. A nelituju, učím se od lidí z praxe a opravdu mi to dává smysl. Díky flexibilnímu rozvrhu zvládám i práci. Momentálně pracuju v HR, ale ráda bych se brzy přesunula do marketingu, protože tam cítím svou budoucnost. Absolvovala jsem kurz od Ogilvy, což je jedna z největších marketingových agentur",cited page was not read by the fetcher (cannot check)
r043,"Vysoká škola NEWTON, a.s.",partner,Gepard Express,https://newton.university/,"Absolvent NEWTON University - Ekonomika a management, zakladatel Expedition Clubu, dobrodruh, provozovatel mezinárodní dopravy Gepard Express a analytik v energetice",cited page was not read by the fetcher (cannot check)
r043,"Vysoká škola NEWTON, a.s.",partner,Urban Advert,https://newton.university/,Sales Representative Urban Advert,cited page was not read by the fetcher (cannot check)
r043,"Vysoká škola NEWTON, a.s.",partner,Česká asociace škol,https://newton.university/,[Česká asociace škol],cited page was not read by the fetcher (cannot check)
r043,"Vysoká škola NEWTON, a.s.",partner,AACSB,https://newton.university/,[AACSB],cited page was not read by the fetcher (cannot check)
r043,"Vysoká škola NEWTON, a.s.",partner,"NEWTON University Group, s.r.o.",https://newton.university/,"© 2025 NEWTON University Group, s.r.o. Vysoká škola NEWTON, a.s.(v internacionálním prostředí NEWTON University), NEWTON Business School, a.s., Vysoká škola Sting, o.p.s.",cited page was not read by the fetcher (cannot check)
r043,"Vysoká škola NEWTON, a.s.",partner,"NEWTON Business School, a.s.",https://newton.university/,"© 2025 NEWTON University Group, s.r.o. Vysoká škola NEWTON, a.s.(v internacionálním prostředí NEWTON University), NEWTON Business School, a.s., Vysoká škola Sting, o.p.s.",cited page was not read by the fetcher (cannot check)
r043,"Vysoká škola NEWTON, a.s.",partner,"Vysoká škola Sting, o.p.s.",https://newton.university/,"© 2025 NEWTON University Group, s.r.o. Vysoká škola NEWTON, a.s.(v internacionálním prostředí NEWTON University), NEWTON Business School, a.s., Vysoká škola Sting, o.p.s.",cited page was not read by the fetcher (cannot check)
r043,"Vysoká škola NEWTON, a.s.",partner,NOVÝ PORG,https://newton.university/inovace-a-partnerstvi/spoluprace-se-strednimi-skolami/,"NOVÝ PORG, Praha",cited page was not read by the fetcher (cannot check)
r043,"Vysoká škola NEWTON, a.s.",partner,Prague British International School (PBIS),https://newton.university/inovace-a-partnerstvi/spoluprace-se-strednimi-skolami/,Prague British International School (PBIS),cited page was not read by the fetcher (cannot check)
r043,"Vysoká škola NEWTON, a.s.",partner,American Academy,https://newton.university/inovace-a-partnerstvi/spoluprace-se-strednimi-skolami/,American Academy: úspěch na MIT,cited page was not read by the fetcher (cannot check)
r043,"Vysoká škola NEWTON, a.s.",partner,Pražské humanitní gymnázium,https://newton.university/inovace-a-partnerstvi/spoluprace-se-strednimi-skolami/,Pražské humanitní gymnázium,cited page was not read by the fetcher (cannot check)
r043,"Vysoká škola NEWTON, a.s.",partner,Gymnázium Jana Nerudy,https://newton.university/inovace-a-partnerstvi/spoluprace-se-strednimi-skolami/,Gymnázium Jana Nerudy: University Day,cited page was not read by the fetcher (cannot check)
r043,"Vysoká škola NEWTON, a.s.",partner,Notino,https://newton.university/bakalarske-studium/globalni-podnikani-a-management/management-a-podnikani/,"Absolventka NEWTON University, Recruitment Team Leader - Retail Notino Partner",cited page was not read by the fetcher (cannot check)
r043,"Vysoká škola NEWTON, a.s.",partner,Extima,https://newton.university/inovace-a-partnerstvi/,Extima,cited page was not read by the fetcher (cannot check)
r043,"Vysoká škola NEWTON, a.s.",partner,Český Goodwill,https://newton.university/inovace-a-partnerstvi/,Český Goodwill,cited page was not read by the fetcher (cannot check)
r043,"Vysoká škola NEWTON, a.s.",partner,FIBEP,https://newton.university/inovace-a-partnerstvi/,"NEWTON Media, a.s. je přední česká firma zaměřená na monitoring a analýzu médií. Už více než 30 let pomáhá firmám i institucím sledovat jejich obraz v tisku, online, televizi, rádiu i na sociálních sítích. Nabízí aplikaci NewtonOne s AI asistentem Isaac a nástrojem PR Studio pro práci s tiskovými zprávami. Působí v 11 zemích a je členem mezinárodních organizací FIBEP a AMEC.",cited page was not read by the fetcher (cannot check)
r043,"Vysoká škola NEWTON, a.s.",partner,AMEC,https://newton.university/inovace-a-partnerstvi/,"NEWTON Media, a.s. je přední česká firma zaměřená na monitoring a analýzu médií. Už více než 30 let pomáhá firmám i institucím sledovat jejich obraz v tisku, online, televizi, rádiu i na sociálních sítích. Nabízí aplikaci NewtonOne s AI asistentem Isaac a nástrojem PR Studio pro práci s tiskovými zprávami. Působí v 11 zemích a je členem mezinárodních organizací FIBEP a AMEC.",cited page was not read by the fetcher (cannot check)
r043,"Vysoká škola NEWTON, a.s.",partner,Marketing Festival,https://newton.university/inovace-a-partnerstvi/,Marketing Festival,cited page was not read by the fetcher (cannot check)
r043,"Vysoká škola NEWTON, a.s.",partner,Greenhack,https://newton.university/inovace-a-partnerstvi/,Greenhack,cited page was not read by the fetcher (cannot check)
r043,"Vysoká škola NEWTON, a.s.",partner,Econverse V4,https://newton.university/inovace-a-partnerstvi/,Econverse V4,cited page was not read by the fetcher (cannot check)
r043,"Vysoká škola NEWTON, a.s.",partner,Vysoká škola STING,https://newton.university/en/about-us/management/,"Chief Academic Officer, Chancellor of Vysoká škola STING, founder and consultant at GET & INVEST",cited page was not read by the fetcher (cannot check)
r043,"Vysoká škola NEWTON, a.s.",partner,Ministry of Education,https://newton.university/en/about-us/management/,[Ministry of Education],cited page was not read by the fetcher (cannot check)
r043,"Vysoká škola NEWTON, a.s.",partner,Czech Association of Schools,https://newton.university/en/about-us/management/,[Czech Association of Schools],cited page was not read by the fetcher (cannot check)
r043,"Vysoká škola NEWTON, a.s.",campus,NEWTON University,https://newton.university/,Praha,cited page was not read by the fetcher (cannot check)
r045,LYCEE HOTELLERIE TOURISME GUADELOUPE (CAMPUS DES METIERS TOURISME GUADELOUPE TI-VAG),contact,Evely Paulino Biras,https://campustivag.com/les-erasmus-days-2024-celebration-de-la-mobilite-et-de-lechange-culturel/,"Madame Marlène Borel, présidente du Campus Mobilité TI-VAG, Monsieur Pierre-Eric Marcial, proviseur, et Madame Evely Paulino Biras, directrice opérationnelle, ont le plaisir d’inviter élèves, étudiants et enseignants à un forum d’échanges et de retour d’expériences.",cited page was not read by the fetcher (cannot check)
r045,LYCEE HOTELLERIE TOURISME GUADELOUPE (CAMPUS DES METIERS TOURISME GUADELOUPE TI-VAG),contact,Marlène Borel,https://campustivag.com/les-erasmus-days-2024-celebration-de-la-mobilite-et-de-lechange-culturel/,"Madame Marlène Borel, présidente du Campus Mobilité TI-VAG, Monsieur Pierre-Eric Marcial, proviseur, et Madame Evely Paulino Biras, directrice opérationnelle, ont le plaisir d’inviter élèves, étudiants et enseignants à un forum d’échanges et de retour d’expériences.",cited page was not read by the fetcher (cannot check)
r045,LYCEE HOTELLERIE TOURISME GUADELOUPE (CAMPUS DES METIERS TOURISME GUADELOUPE TI-VAG),partner,Lycée des Métiers de l’Hôtellerie et du Tourisme (LMHT) du Gosier,https://campustivag.com/nos-programmes-erasmus/,"le Lycée des Métiers de l’Hôtellerie et du Tourisme (LMHT) du Gosier,",cited page was not read by the fetcher (cannot check)
r045,LYCEE HOTELLERIE TOURISME GUADELOUPE (CAMPUS DES METIERS TOURISME GUADELOUPE TI-VAG),partner,Lycée Professionnel Augustin ARRON,https://campustivag.com/nos-programmes-erasmus/,"le Lycée Professionnel Augustin ARRON à Baie-Mahault,",cited page was not read by the fetcher (cannot check)
r045,LYCEE HOTELLERIE TOURISME GUADELOUPE (CAMPUS DES METIERS TOURISME GUADELOUPE TI-VAG),partner,Lycée Polyvalent Hyacinthe Bastaraud,https://campustivag.com/nos-programmes-erasmus/,"le Lycée Polyvalent Hyacinthe Bastaraud à Grand-Bourg de Marie-Galante,",cited page was not read by the fetcher (cannot check)
r045,LYCEE HOTELLERIE TOURISME GUADELOUPE (CAMPUS DES METIERS TOURISME GUADELOUPE TI-VAG),partner,Lycée Polyvalent Carnot,https://campustivag.com/nos-programmes-erasmus/,"le Lycée Polyvalent Carnot à Pointe-à-Pitre,",cited page was not read by the fetcher (cannot check)
r045,LYCEE HOTELLERIE TOURISME GUADELOUPE (CAMPUS DES METIERS TOURISME GUADELOUPE TI-VAG),partner,Lycée Professionnel Ducharmoy,https://campustivag.com/nos-programmes-erasmus/,"le Lycée Professionnel Ducharmoy à Saint-Claude,",cited page was not read by the fetcher (cannot check)
r045,LYCEE HOTELLERIE TOURISME GUADELOUPE (CAMPUS DES METIERS TOURISME GUADELOUPE TI-VAG),partner,Lycée Polyvalent de Pointe-Noire,https://campustivag.com/nos-programmes-erasmus/,"le Lycée Polyvalent de Pointe-Noire,",cited page was not read by the fetcher (cannot check)
r045,LYCEE HOTELLERIE TOURISME GUADELOUPE (CAMPUS DES METIERS TOURISME GUADELOUPE TI-VAG),partner,Lycée Professionnel Daniella Jeffry,https://campustivag.com/nos-programmes-erasmus/,et le Lycée Professionnel Daniella Jeffry à Saint-Martin,cited page was not read by the fetcher (cannot check)
r045,LYCEE HOTELLERIE TOURISME GUADELOUPE (CAMPUS DES METIERS TOURISME GUADELOUPE TI-VAG),partner,Université des Antilles,https://campustivag.com/membres-partenaires/,"Le Campus TI-VAG collabore avec plusieurs institutions académiques, notamment l’Université des Antilles et son IUT de Saint-Claude, qui offrent des programmes de formation continue et de recherche.",cited page was not read by the fetcher (cannot check)
r045,LYCEE HOTELLERIE TOURISME GUADELOUPE (CAMPUS DES METIERS TOURISME GUADELOUPE TI-VAG),partner,Air Caraïbes,https://campustivag.com/membres-partenaires/,"Parmi eux, des entreprises locales et internationales telles que Air Caraïbes, Air France, Corsair, Club Med, Hôtel Arawak Beach Resort, et Habitation Desmarais.",cited page was not read by the fetcher (cannot check)
r045,LYCEE HOTELLERIE TOURISME GUADELOUPE (CAMPUS DES METIERS TOURISME GUADELOUPE TI-VAG),partner,Air France,https://campustivag.com/membres-partenaires/,"Parmi eux, des entreprises locales et internationales telles que Air Caraïbes, Air France, Corsair, Club Med, Hôtel Arawak Beach Resort, et Habitation Desmarais.",cited page was not read by the fetcher (cannot check)
r045,LYCEE HOTELLERIE TOURISME GUADELOUPE (CAMPUS DES METIERS TOURISME GUADELOUPE TI-VAG),partner,Corsair,https://campustivag.com/membres-partenaires/,"Parmi eux, des entreprises locales et internationales telles que Air Caraïbes, Air France, Corsair, Club Med, Hôtel Arawak Beach Resort, et Habitation Desmarais.",cited page was not read by the fetcher (cannot check)
r045,LYCEE HOTELLERIE TOURISME GUADELOUPE (CAMPUS DES METIERS TOURISME GUADELOUPE TI-VAG),partner,Club Med,https://campustivag.com/membres-partenaires/,"Parmi eux, des entreprises locales et internationales telles que Air Caraïbes, Air France, Corsair, Club Med, Hôtel Arawak Beach Resort, et Habitation Desmarais.",cited page was not read by the fetcher (cannot check)
r045,LYCEE HOTELLERIE TOURISME GUADELOUPE (CAMPUS DES METIERS TOURISME GUADELOUPE TI-VAG),partner,Hôtel Arawak Beach Resort,https://campustivag.com/membres-partenaires/,"Parmi eux, des entreprises locales et internationales telles que Air Caraïbes, Air France, Corsair, Club Med, Hôtel Arawak Beach Resort, et Habitation Desmarais.",cited page was not read by the fetcher (cannot check)
r045,LYCEE HOTELLERIE TOURISME GUADELOUPE (CAMPUS DES METIERS TOURISME GUADELOUPE TI-VAG),partner,Habitation Desmarais,https://campustivag.com/membres-partenaires/,"Parmi eux, des entreprises locales et internationales telles que Air Caraïbes, Air France, Corsair, Club Med, Hôtel Arawak Beach Resort, et Habitation Desmarais.",cited page was not read by the fetcher (cannot check)
r045,LYCEE HOTELLERIE TOURISME GUADELOUPE (CAMPUS DES METIERS TOURISME GUADELOUPE TI-VAG),partner,Lycée Technique d’Abidjan-Cocody,https://campustivag.com/cooperation-cote-divoire-guadeloupe-12-etudiants-guadeloupeens-en-voyage-detude-en-cote-divoire/,"Le 27 novembre, les étudiants guadeloupéens ont été accueillis au Lycée Technique d’Abidjan-Cocody par Monsieur N’Guessan KOFFI, Ministre de l’Enseignement Technique.",cited page was not read by the fetcher (cannot check)
r045,LYCEE HOTELLERIE TOURISME GUADELOUPE (CAMPUS DES METIERS TOURISME GUADELOUPE TI-VAG),partner,Lycée Professionnel Hôtelier de la Riviera,https://campustivag.com/cooperation-cote-divoire-guadeloupe-12-etudiants-guadeloupeens-en-voyage-detude-en-cote-divoire/,"Le ministre a également souligné l’opportunité pour les formateurs et les étudiants du Lycée Professionnel Hôtelier de la Riviera de bénéficier de cette collaboration, avec des projets de mobilité qui permettront aux apprenants ivoiriens de se rendre en Guadeloupe pour un concours international de cuisine dans quelques mois.",cited page was not read by the fetcher (cannot check)
r045,LYCEE HOTELLERIE TOURISME GUADELOUPE (CAMPUS DES METIERS TOURISME GUADELOUPE TI-VAG),partner,Lycée des Métiers de l’Hôtellerie et du Tourisme Archipel Guadeloupe,https://campustivag.com/membres-partenaires/,"Parmi eux, on retrouve des lycées tels que le Lycée des Métiers de l’Hôtellerie et du Tourisme Archipel Guadeloupe, les lycées professionnels Augustin Arron et Hyacinthe Bastaraud ( trois établissements fondateurs), ainsi que plusieurs centres de formation pour apprentis comme le CFAPAG et le CFA Kalamus.",cited page was not read by the fetcher (cannot check)
r045,LYCEE HOTELLERIE TOURISME GUADELOUPE (CAMPUS DES METIERS TOURISME GUADELOUPE TI-VAG),partner,CFAPAG,https://campustivag.com/membres-partenaires/,"Parmi eux, on retrouve des lycées tels que le Lycée des Métiers de l’Hôtellerie et du Tourisme Archipel Guadeloupe, les lycées professionnels Augustin Arron et Hyacinthe Bastaraud ( trois établissements fondateurs), ainsi que plusieurs centres de formation pour apprentis comme le CFAPAG et le CFA Kalamus.",cited page was not read by the fetcher (cannot check)
r045,LYCEE HOTELLERIE TOURISME GUADELOUPE (CAMPUS DES METIERS TOURISME GUADELOUPE TI-VAG),partner,CFA Kalamus,https://campustivag.com/membres-partenaires/,"Parmi eux, on retrouve des lycées tels que le Lycée des Métiers de l’Hôtellerie et du Tourisme Archipel Guadeloupe, les lycées professionnels Augustin Arron et Hyacinthe Bastaraud ( trois établissements fondateurs), ainsi que plusieurs centres de formation pour apprentis comme le CFAPAG et le CFA Kalamus.",cited page was not read by the fetcher (cannot check)
r045,LYCEE HOTELLERIE TOURISME GUADELOUPE (CAMPUS DES METIERS TOURISME GUADELOUPE TI-VAG),partner,Région Guadeloupe,https://campustivag.com/membres-partenaires/,"Parmi les partenaires clés, on compte la Région Guadeloupe, la Préfecture, la Direction des Affaires Culturelles, et le Comité du Tourisme des Iles de Guadeloupe (CTIG).",cited page was not read by the fetcher (cannot check)
r045,LYCEE HOTELLERIE TOURISME GUADELOUPE (CAMPUS DES METIERS TOURISME GUADELOUPE TI-VAG),partner,Préfecture,https://campustivag.com/membres-partenaires/,"Parmi les partenaires clés, on compte la Région Guadeloupe, la Préfecture, la Direction des Affaires Culturelles, et le Comité du Tourisme des Iles de Guadeloupe (CTIG).",cited page was not read by the fetcher (cannot check)
r045,LYCEE HOTELLERIE TOURISME GUADELOUPE (CAMPUS DES METIERS TOURISME GUADELOUPE TI-VAG),partner,Direction des Affaires Culturelles,https://campustivag.com/membres-partenaires/,"Parmi les partenaires clés, on compte la Région Guadeloupe, la Préfecture, la Direction des Affaires Culturelles, et le Comité du Tourisme des Iles de Guadeloupe (CTIG).",cited page was not read by the fetcher (cannot check)
r045,LYCEE HOTELLERIE TOURISME GUADELOUPE (CAMPUS DES METIERS TOURISME GUADELOUPE TI-VAG),partner,Comité du Tourisme des Iles de Guadeloupe (CTIG),https://campustivag.com/membres-partenaires/,"Parmi les partenaires clés, on compte la Région Guadeloupe, la Préfecture, la Direction des Affaires Culturelles, et le Comité du Tourisme des Iles de Guadeloupe (CTIG).",cited page was not read by the fetcher (cannot check)
r045,LYCEE HOTELLERIE TOURISME GUADELOUPE (CAMPUS DES METIERS TOURISME GUADELOUPE TI-VAG),partner,Riviera du Levant,https://campustivag.com/membres-partenaires/,Les communautés d’agglomération comme la Riviera du Levant et Cap Excellence ainsi que la communauté de communes de Marie-Galante participent également activement au projet.,cited page was not read by the fetcher (cannot check)
r045,LYCEE HOTELLERIE TOURISME GUADELOUPE (CAMPUS DES METIERS TOURISME GUADELOUPE TI-VAG),partner,Cap Excellence,https://campustivag.com/membres-partenaires/,Les communautés d’agglomération comme la Riviera du Levant et Cap Excellence ainsi que la communauté de communes de Marie-Galante participent également activement au projet.,cited page was not read by the fetcher (cannot check)
r045,LYCEE HOTELLERIE TOURISME GUADELOUPE (CAMPUS DES METIERS TOURISME GUADELOUPE TI-VAG),partner,communauté de communes de Marie-Galante,https://campustivag.com/membres-partenaires/,Les communautés d’agglomération comme la Riviera du Levant et Cap Excellence ainsi que la communauté de communes de Marie-Galante participent également activement au projet.,cited page was not read by the fetcher (cannot check)
r045,LYCEE HOTELLERIE TOURISME GUADELOUPE (CAMPUS DES METIERS TOURISME GUADELOUPE TI-VAG),partner,INRAe,https://campustivag.com/membres-partenaires/,Des laboratoires tels que l’INRAe et le CREDDI contribuent au développement de projets innovants dans les domaines de l’agriculture et du développement durable.,cited page was not read by the fetcher (cannot check)
r045,LYCEE HOTELLERIE TOURISME GUADELOUPE (CAMPUS DES METIERS TOURISME GUADELOUPE TI-VAG),partner,CREDDI,https://campustivag.com/membres-partenaires/,Des laboratoires tels que l’INRAe et le CREDDI contribuent au développement de projets innovants dans les domaines de l’agriculture et du développement durable.,cited page was not read by the fetcher (cannot check)
r045,LYCEE HOTELLERIE TOURISME GUADELOUPE (CAMPUS DES METIERS TOURISME GUADELOUPE TI-VAG),partner,ASVP,https://campustivag.com/membres-partenaires/,"Des associations comme l’ASVP et des entreprises dans les secteurs de l’hôtellerie, de la restauration, et du tourisme contribuent à faire du campus un pôle d’excellence.",cited page was not read by the fetcher (cannot check)
r045,LYCEE HOTELLERIE TOURISME GUADELOUPE (CAMPUS DES METIERS TOURISME GUADELOUPE TI-VAG),partner,Greta de Guadeloupe,https://campustivag.com/forum-campus-pro-12-13-novembre-2024/,Le Campus TI-VAG et le Greta de Guadeloupe présents à Rome au Palais Farnèse,cited page was not read by the fetcher (cannot check)
r045,LYCEE HOTELLERIE TOURISME GUADELOUPE (CAMPUS DES METIERS TOURISME GUADELOUPE TI-VAG),partner,réseau Italien des ITS Instituti Tecnologici Superiori,https://campustivag.com/forum-campus-pro-12-13-novembre-2024/,"Suite à la signature du Traité du Quirinal (2021), un accord de coopération entre l’Ambassade de France à Rome et le réseau Italien des ITS Instituti Tecnologici Superiori a vu le jour en 2023 qui prévoit le développement des synergies avec les Campus des métiers et des Qualifications.",cited page was not read by the fetcher (cannot check)
r045,LYCEE HOTELLERIE TOURISME GUADELOUPE (CAMPUS DES METIERS TOURISME GUADELOUPE TI-VAG),partner,"Ministère de l’Enseignement Technique, de la Formation Professionnelle et de l’Apprentissage (METFPA) de Côte d’Ivoire",https://campustivag.com/cooperation-cote-divoire-guadeloupe-12-etudiants-guadeloupeens-en-voyage-detude-en-cote-divoire/,"Ce projet s’inscrit dans le cadre d’une coopération dynamique entre le Ministère de l’Enseignement Technique, de la Formation Professionnelle et de l’Apprentissage (METFPA) de Côte d’Ivoire et le Campus TI-VAG, visant à favoriser la découverte du patrimoine culturel, gastronomique et touristique ivoirien pour les jeunes Guadeloupéens.",cited page was not read by the fetcher (cannot check)
r045,LYCEE HOTELLERIE TOURISME GUADELOUPE (CAMPUS DES METIERS TOURISME GUADELOUPE TI-VAG),partner,hôtels SEEN,https://campustivag.com/cooperation-cote-divoire-guadeloupe-12-etudiants-guadeloupeens-en-voyage-detude-en-cote-divoire/,"Durant leur séjour, les étudiants du Campus TI-VAG auront l’opportunité d’enrichir leur expérience grâce aux hôtels SEEN et NOOM, qui les accueilleront pour des visites et des échanges avec des professionnels du secteur.",cited page was not read by the fetcher (cannot check)
r045,LYCEE HOTELLERIE TOURISME GUADELOUPE (CAMPUS DES METIERS TOURISME GUADELOUPE TI-VAG),partner,hôtels NOOM,https://campustivag.com/cooperation-cote-divoire-guadeloupe-12-etudiants-guadeloupeens-en-voyage-detude-en-cote-divoire/,"Durant leur séjour, les étudiants du Campus TI-VAG auront l’opportunité d’enrichir leur expérience grâce aux hôtels SEEN et NOOM, qui les accueilleront pour des visites et des échanges avec des professionnels du secteur.",cited page was not read by the fetcher (cannot check)
r045,LYCEE HOTELLERIE TOURISME GUADELOUPE (CAMPUS DES METIERS TOURISME GUADELOUPE TI-VAG),partner,PatMAT,https://campustivag.com/seminaire-du-reseau-thematique-national-tourisme-et-gastronomie-en-touraine/,"Ce rassemblement, accueilli par l’équipe de PatMAT (Patrimoine des Métiers d’Art et du Tourisme), a permis de renforcer les liens et de partager les bonnes pratiques entre les campus de ce réseau dédié aux métiers du tourisme, de la gastronomie et du patrimoine.",cited page was not read by the fetcher (cannot check)
r045,LYCEE HOTELLERIE TOURISME GUADELOUPE (CAMPUS DES METIERS TOURISME GUADELOUPE TI-VAG),partner,Institut Européen d’Histoire et des Cultures de l’Alimentation (IEHCA),https://campustivag.com/seminaire-du-reseau-thematique-national-tourisme-et-gastronomie-en-touraine/,"🔸 Découverte de l’IEHCA : Une présentation animée par Loïc Bienassis, chargé de mission scientifique, a permis de découvrir les activités de l’Institut Européen d’Histoire et des Cultures de l’Alimentation (IEHCA), apportant un éclairage historique sur la gastronomie de la région.",cited page was not read by the fetcher (cannot check)
r045,LYCEE HOTELLERIE TOURISME GUADELOUPE (CAMPUS DES METIERS TOURISME GUADELOUPE TI-VAG),partner,Union de la Sommellerie Française Val de Loire,https://campustivag.com/seminaire-du-reseau-thematique-national-tourisme-et-gastronomie-en-touraine/,"🔸 Atelier Accord Mets et Vins : Proposé par David Fontaine, formateur et président de l’Union de la Sommellerie Française Val de Loire, cet atelier a offert aux participants une expérience unique d’accords mets et vins, en présence de Jean-Luc Lapeyre, doyen des IEN 2D de l’Académie Orléans-Tours.",cited page was not read by the fetcher (cannot check)
r045,LYCEE HOTELLERIE TOURISME GUADELOUPE (CAMPUS DES METIERS TOURISME GUADELOUPE TI-VAG),partner,UMIH Centre-Val de Loire,https://campustivag.com/seminaire-du-reseau-thematique-national-tourisme-et-gastronomie-en-touraine/,"🔸 Dîner au Restaurant le Léonard de Vinci : Pascal Blaszczyk, nouveau président de l’UMIH Centre-Val de Loire, a accueilli les invités au restaurant le Léonard de Vinci pour un dîner mettant en valeur les produits et savoir-faire locaux.",cited page was not read by the fetcher (cannot check)
r045,LYCEE HOTELLERIE TOURISME GUADELOUPE (CAMPUS DES METIERS TOURISME GUADELOUPE TI-VAG),partner,Académie d’Orléans-Tours,https://campustivag.com/seminaire-du-reseau-thematique-national-tourisme-et-gastronomie-en-touraine/,"Merci à tous les partenaires qui ont permis de faire de ce séminaire un succès, et notamment à l’Académie d’Orléans-Tours, le Gip Ftlv-Ip, la Région Centre-Val de Loire, et tous les Campus d’excellence présents.",cited page was not read by the fetcher (cannot check)
r045,LYCEE HOTELLERIE TOURISME GUADELOUPE (CAMPUS DES METIERS TOURISME GUADELOUPE TI-VAG),partner,Gip Ftlv-Ip,https://campustivag.com/seminaire-du-reseau-thematique-national-tourisme-et-gastronomie-en-touraine/,"Merci à tous les partenaires qui ont permis de faire de ce séminaire un succès, et notamment à l’Académie d’Orléans-Tours, le Gip Ftlv-Ip, la Région Centre-Val de Loire, et tous les Campus d’excellence présents.",cited page was not read by the fetcher (cannot check)
r045,LYCEE HOTELLERIE TOURISME GUADELOUPE (CAMPUS DES METIERS TOURISME GUADELOUPE TI-VAG),partner,Région Centre-Val de Loire,https://campustivag.com/seminaire-du-reseau-thematique-national-tourisme-et-gastronomie-en-touraine/,"Merci à tous les partenaires qui ont permis de faire de ce séminaire un succès, et notamment à l’Académie d’Orléans-Tours, le Gip Ftlv-Ip, la Région Centre-Val de Loire, et tous les Campus d’excellence présents.",cited page was not read by the fetcher (cannot check)
r045,LYCEE HOTELLERIE TOURISME GUADELOUPE (CAMPUS DES METIERS TOURISME GUADELOUPE TI-VAG),campus,Campus TI-VAG,https://campustivag.com/contact/,BP 249 Saint Félix 97190 Le GOSIER,cited page was not read by the fetcher (cannot check)
r046,PAEDAGOGISCHE HOCHSCHULE NIEDERÖSTERREICH,contact,René-Christian Foidl,https://www.ph-noe.ac.at/de/ph-noe/wir-ueber-uns/zentren/internationales-qualitaet/erasmus-programmueberblick-3,"René-Christian Foidl ... Hochschullehrender, Erasmus+ Koordinator",cited page was not read by the fetcher (cannot check)
r046,PAEDAGOGISCHE HOCHSCHULE NIEDERÖSTERREICH,contact,Jennifer Beck-Saiz,https://www.ph-noe.ac.at/de/ph-noe/wir-ueber-uns/zentren/internationales-qualitaet/erasmus-programmueberblick/erasmus-staff-mobility-for-teaching,"Jennifer Beck-Saiz ... Koordinatorin des Zentrums für Internationales, Hochschullehrende",cited page was not read by the fetcher (cannot check)
r046,PAEDAGOGISCHE HOCHSCHULE NIEDERÖSTERREICH,contact,Fabian Staudinger,https://www.ph-noe.ac.at/de/ph-noe/wir-ueber-uns/zentren/internationales-qualitaet/erasmus-programmueberblick-3,"Fabian Staudinger ... Hochschullehrender / Lehrgangsleiter: HLG a.o. Masterstudium Bildungs-, Berufs- und Lebensorientierung / Staff and Student Mobility Coordinator",cited page was not read by the fetcher (cannot check)
r046,PAEDAGOGISCHE HOCHSCHULE NIEDERÖSTERREICH,partner,Universidad del Atlántico Medio,https://www.ph-noe.ac.at/de/,PH NÖ bei der International Week in der Universidad del Atlántico Medio (UNAM),cited page was not read by the fetcher (cannot check)
r046,PAEDAGOGISCHE HOCHSCHULE NIEDERÖSTERREICH,partner,English School in Helsinki,https://www.ph-noe.ac.at/de/,Erasmus+ Job Shadowing an der English School in Helsinki,cited page was not read by the fetcher (cannot check)
r046,PAEDAGOGISCHE HOCHSCHULE NIEDERÖSTERREICH,partner,Institut für Ökonomische Bildung,https://www.ph-noe.ac.at/de/international/erasmus-und-interreg-projekte,Institut für Ökonomische Bildung (Deutschland),cited page was not read by the fetcher (cannot check)
r046,PAEDAGOGISCHE HOCHSCHULE NIEDERÖSTERREICH,partner,Westfällische Universität Münster,https://www.ph-noe.ac.at/de/international/erasmus-und-interreg-projekte,Westfällische Universität Münster (Deutschland),cited page was not read by the fetcher (cannot check)
r046,PAEDAGOGISCHE HOCHSCHULE NIEDERÖSTERREICH,partner,Hochschule der Bundesagentur für Arbeit,https://www.ph-noe.ac.at/de/international/erasmus-und-interreg-projekte,Hochschule der Bundesagentur für Arbeit (Deutschland),cited page was not read by the fetcher (cannot check)
r046,PAEDAGOGISCHE HOCHSCHULE NIEDERÖSTERREICH,partner,Uniwersytet Jagiellonski,https://www.ph-noe.ac.at/de/international/erasmus-und-interreg-projekte,Uniwersytet Jagiellonski in Krakow (Polen),cited page was not read by the fetcher (cannot check)
r046,PAEDAGOGISCHE HOCHSCHULE NIEDERÖSTERREICH,partner,Uniwersytet Adama Mickiewicza Poznaniu,https://www.ph-noe.ac.at/de/international/erasmus-und-interreg-projekte,Uniwersytet Adama Mickiewicza Poznaniu (Polen),cited page was not read by the fetcher (cannot check)
r046,PAEDAGOGISCHE HOCHSCHULE NIEDERÖSTERREICH,partner,Universidad de Sevilla,https://www.ph-noe.ac.at/de/international/erasmus-und-interreg-projekte,Universidad de Sevilla (Spanien),cited page was not read by the fetcher (cannot check)
r046,PAEDAGOGISCHE HOCHSCHULE NIEDERÖSTERREICH,partner,Universität Potsdam,https://www.ph-noe.ac.at/de/international/erasmus-und-interreg-projekte,"| Universität Potsdam, Deutschland, Prof. Dr. Isolde Malmberg",cited page was not read by the fetcher (cannot check)
r046,PAEDAGOGISCHE HOCHSCHULE NIEDERÖSTERREICH,partner,MDW (Wien),https://www.ph-noe.ac.at/de/international/erasmus-und-interreg-projekte,"| Pädagogische Hochschule Niederösterreich, MDW (Wien), LUCA School of Arts (Brüssel), University of Nicosia, FrM Hochschule für Musik Freiburg, University of Athens, TUD Technological University Dublin, LMTA LIETUVOS MUZIKOS IR TEATRO AKADEMIJA (Litauen), ISL International School of Luxembourg, NUL NORD University Levanger, MAM Malmö Academy of Music, AML Department of Music Pedagogy (Ljubljana).",cited page was not read by the fetcher (cannot check)
r046,PAEDAGOGISCHE HOCHSCHULE NIEDERÖSTERREICH,partner,LUCA School of Arts,https://www.ph-noe.ac.at/de/international/erasmus-und-interreg-projekte,"| Pädagogische Hochschule Niederösterreich, MDW (Wien), LUCA School of Arts (Brüssel), University of Nicosia, FrM Hochschule für Musik Freiburg, University of Athens, TUD Technological University Dublin, LMTA LIETUVOS MUZIKOS IR TEATRO AKADEMIJA (Litauen), ISL International School of Luxembourg, NUL NORD University Levanger, MAM Malmö Academy of Music, AML Department of Music Pedagogy (Ljubljana).",cited page was not read by the fetcher (cannot check)
r046,PAEDAGOGISCHE HOCHSCHULE NIEDERÖSTERREICH,partner,University of Nicosia,https://www.ph-noe.ac.at/de/international/erasmus-und-interreg-projekte,"| Pädagogische Hochschule Niederösterreich, MDW (Wien), LUCA School of Arts (Brüssel), University of Nicosia, FrM Hochschule für Musik Freiburg, University of Athens, TUD Technological University Dublin, LMTA LIETUVOS MUZIKOS IR TEATRO AKADEMIJA (Litauen), ISL International School of Luxembourg, NUL NORD University Levanger, MAM Malmö Academy of Music, AML Department of Music Pedagogy (Ljubljana).",cited page was not read by the fetcher (cannot check)
r046,PAEDAGOGISCHE HOCHSCHULE NIEDERÖSTERREICH,partner,FrM Hochschule für Musik Freiburg,https://www.ph-noe.ac.at/de/international/erasmus-und-interreg-projekte,"| Pädagogische Hochschule Niederösterreich, MDW (Wien), LUCA School of Arts (Brüssel), University of Nicosia, FrM Hochschule für Musik Freiburg, University of Athens, TUD Technological University Dublin, LMTA LIETUVOS MUZIKOS IR TEATRO AKADEMIJA (Litauen), ISL International School of Luxembourg, NUL NORD University Levanger, MAM Malmö Academy of Music, AML Department of Music Pedagogy (Ljubljana).",cited page was not read by the fetcher (cannot check)
r046,PAEDAGOGISCHE HOCHSCHULE NIEDERÖSTERREICH,partner,University of Athens,https://www.ph-noe.ac.at/de/international/erasmus-und-interreg-projekte,"| Pädagogische Hochschule Niederösterreich, MDW (Wien), LUCA School of Arts (Brüssel), University of Nicosia, FrM Hochschule für Musik Freiburg, University of Athens, TUD Technological University Dublin, LMTA LIETUVOS MUZIKOS IR TEATRO AKADEMIJA (Litauen), ISL International School of Luxembourg, NUL NORD University Levanger, MAM Malmö Academy of Music, AML Department of Music Pedagogy (Ljubljana).",cited page was not read by the fetcher (cannot check)
r046,PAEDAGOGISCHE HOCHSCHULE NIEDERÖSTERREICH,partner,TUD Technological University Dublin,https://www.ph-noe.ac.at/de/international/erasmus-und-interreg-projekte,"| Pädagogische Hochschule Niederösterreich, MDW (Wien), LUCA School of Arts (Brüssel), University of Nicosia, FrM Hochschule für Musik Freiburg, University of Athens, TUD Technological University Dublin, LMTA LIETUVOS MUZIKOS IR TEATRO AKADEMIJA (Litauen), ISL International School of Luxembourg, NUL NORD University Levanger, MAM Malmö Academy of Music, AML Department of Music Pedagogy (Ljubljana).",cited page was not read by the fetcher (cannot check)
r046,PAEDAGOGISCHE HOCHSCHULE NIEDERÖSTERREICH,partner,LMTA LIETUVOS MUZIKOS IR TEATRO AKADEMIJA,https://www.ph-noe.ac.at/de/international/erasmus-und-interreg-projekte,"| Pädagogische Hochschule Niederösterreich, MDW (Wien), LUCA School of Arts (Brüssel), University of Nicosia, FrM Hochschule für Musik Freiburg, University of Athens, TUD Technological University Dublin, LMTA LIETUVOS MUZIKOS IR TEATRO AKADEMIJA (Litauen), ISL International School of Luxembourg, NUL NORD University Levanger, MAM Malmö Academy of Music, AML Department of Music Pedagogy (Ljubljana).",cited page was not read by the fetcher (cannot check)
r046,PAEDAGOGISCHE HOCHSCHULE NIEDERÖSTERREICH,partner,ISL International School of Luxembourg,https://www.ph-noe.ac.at/de/international/erasmus-und-interreg-projekte,"| Pädagogische Hochschule Niederösterreich, MDW (Wien), LUCA School of Arts (Brüssel), University of Nicosia, FrM Hochschule für Musik Freiburg, University of Athens, TUD Technological University Dublin, LMTA LIETUVOS MUZIKOS IR TEATRO AKADEMIJA (Litauen), ISL International School of Luxembourg, NUL NORD University Levanger, MAM Malmö Academy of Music, AML Department of Music Pedagogy (Ljubljana).",cited page was not read by the fetcher (cannot check)
r046,PAEDAGOGISCHE HOCHSCHULE NIEDERÖSTERREICH,partner,NUL NORD University Levanger,https://www.ph-noe.ac.at/de/international/erasmus-und-interreg-projekte,"| Pädagogische Hochschule Niederösterreich, MDW (Wien), LUCA School of Arts (Brüssel), University of Nicosia, FrM Hochschule für Musik Freiburg, University of Athens, TUD Technological University Dublin, LMTA LIETUVOS MUZIKOS IR TEATRO AKADEMIJA (Litauen), ISL International School of Luxembourg, NUL NORD University Levanger, MAM Malmö Academy of Music, AML Department of Music Pedagogy (Ljubljana).",cited page was not read by the fetcher (cannot check)
r046,PAEDAGOGISCHE HOCHSCHULE NIEDERÖSTERREICH,partner,MAM Malmö Academy of Music,https://www.ph-noe.ac.at/de/international/erasmus-und-interreg-projekte,"| Pädagogische Hochschule Niederösterreich, MDW (Wien), LUCA School of Arts (Brüssel), University of Nicosia, FrM Hochschule für Musik Freiburg, University of Athens, TUD Technological University Dublin, LMTA LIETUVOS MUZIKOS IR TEATRO AKADEMIJA (Litauen), ISL International School of Luxembourg, NUL NORD University Levanger, MAM Malmö Academy of Music, AML Department of Music Pedagogy (Ljubljana).",cited page was not read by the fetcher (cannot check)
r046,PAEDAGOGISCHE HOCHSCHULE NIEDERÖSTERREICH,partner,AML Department of Music Pedagogy,https://www.ph-noe.ac.at/de/international/erasmus-und-interreg-projekte,"| Pädagogische Hochschule Niederösterreich, MDW (Wien), LUCA School of Arts (Brüssel), University of Nicosia, FrM Hochschule für Musik Freiburg, University of Athens, TUD Technological University Dublin, LMTA LIETUVOS MUZIKOS IR TEATRO AKADEMIJA (Litauen), ISL International School of Luxembourg, NUL NORD University Levanger, MAM Malmö Academy of Music, AML Department of Music Pedagogy (Ljubljana).",cited page was not read by the fetcher (cannot check)
r046,PAEDAGOGISCHE HOCHSCHULE NIEDERÖSTERREICH,partner,Par Le Monde,https://www.ph-noe.ac.at/de/international/erasmus-und-interreg-projekte,"Im Rahmen des ERASMUS+ Projekts ODIMET entwickeln der Verein Par Le Monde (Frankreich) und die Pädagogische Hochschule Niederösterreich (PH NÖ) ein methodisches Instrumentarium für die Produktion von Videos aus der Lebenswelt von Kindern mit interkulturellen Inhalten. Die dafür erstellte „Clap!“ Website leitet Kinder dazu an, mit einem Storyboard Geschichten zu planen, bevor sie gefilmt werden. Mithilfe digitaler Aktivitäten zu den Videos, welche interkulturelle, multilinguale und digitale Kompe",cited page was not read by the fetcher (cannot check)
r046,PAEDAGOGISCHE HOCHSCHULE NIEDERÖSTERREICH,partner,Wemanity,https://www.ph-noe.ac.at/de/international/erasmus-und-interreg-projekte,"Wemanity, Belgien",cited page was not read by the fetcher (cannot check)
r046,PAEDAGOGISCHE HOCHSCHULE NIEDERÖSTERREICH,partner,University of Prishtina,https://www.ph-noe.ac.at/de/international/erasmus-und-interreg-projekte,"Projektpartner: University of Prishtina “Hasan Prishtina”, Faculty of Education, Republik Kosovo",cited page was not read by the fetcher (cannot check)
r046,PAEDAGOGISCHE HOCHSCHULE NIEDERÖSTERREICH,partner,Gordon Academic College of Education,https://www.ph-noe.ac.at/de/international/erasmus-und-interreg-projekte,"Projektpartner: Gordon Academic College of Education in Haifa, Israel",cited page was not read by the fetcher (cannot check)
r046,PAEDAGOGISCHE HOCHSCHULE NIEDERÖSTERREICH,partner,ELTE Universität,https://www.ph-noe.ac.at/de/international/erasmus-und-interreg-projekte,"Das Projekt wird von Prof. Dr. János Győri von der ELTE Universität in Budapest geleitet, die Projektleitung an der PH NÖ hat HS-Prof. Mag. Dr. Claudia Mewald inne.",cited page was not read by the fetcher (cannot check)
r046,PAEDAGOGISCHE HOCHSCHULE NIEDERÖSTERREICH,partner,University of Malta,https://www.ph-noe.ac.at/de/international/erasmus-und-interreg-projekte,"Weitere Projektpartnerschaften: University of Malta, Institute of Tourism Studies (Malta), University of Applied Sciences Utrecht, Stichting Landstede (Niederlande), iTStudy Hungary Educational and Research Centre for Information and Technology Ltd., Neumann János Computer Science Technical School (Ungarn).",cited page was not read by the fetcher (cannot check)
r046,PAEDAGOGISCHE HOCHSCHULE NIEDERÖSTERREICH,partner,Institute of Tourism Studies,https://www.ph-noe.ac.at/de/international/erasmus-und-interreg-projekte,"Weitere Projektpartnerschaften: University of Malta, Institute of Tourism Studies (Malta), University of Applied Sciences Utrecht, Stichting Landstede (Niederlande), iTStudy Hungary Educational and Research Centre for Information and Technology Ltd., Neumann János Computer Science Technical School (Ungarn).",cited page was not read by the fetcher (cannot check)
r046,PAEDAGOGISCHE HOCHSCHULE NIEDERÖSTERREICH,partner,University of Applied Sciences Utrecht,https://www.ph-noe.ac.at/de/international/erasmus-und-interreg-projekte,"Weitere Projektpartnerschaften: University of Malta, Institute of Tourism Studies (Malta), University of Applied Sciences Utrecht, Stichting Landstede (Niederlande), iTStudy Hungary Educational and Research Centre for Information and Technology Ltd., Neumann János Computer Science Technical School (Ungarn).",cited page was not read by the fetcher (cannot check)
r046,PAEDAGOGISCHE HOCHSCHULE NIEDERÖSTERREICH,partner,Stichting Landstede,https://www.ph-noe.ac.at/de/international/erasmus-und-interreg-projekte,"Weitere Projektpartnerschaften: University of Malta, Institute of Tourism Studies (Malta), University of Applied Sciences Utrecht, Stichting Landstede (Niederlande), iTStudy Hungary Educational and Research Centre for Information and Technology Ltd., Neumann János Computer Science Technical School (Ungarn).",cited page was not read by the fetcher (cannot check)
r046,PAEDAGOGISCHE HOCHSCHULE NIEDERÖSTERREICH,partner,iTStudy Hungary Educational and Research Centre for Information and Technology Ltd.,https://www.ph-noe.ac.at/de/international/erasmus-und-interreg-projekte,"Weitere Projektpartnerschaften: University of Malta, Institute of Tourism Studies (Malta), University of Applied Sciences Utrecht, Stichting Landstede (Niederlande), iTStudy Hungary Educational and Research Centre for Information and Technology Ltd., Neumann János Computer Science Technical School (Ungarn).",cited page was not read by the fetcher (cannot check)
r046,PAEDAGOGISCHE HOCHSCHULE NIEDERÖSTERREICH,partner,Neumann János Computer Science Technical School,https://www.ph-noe.ac.at/de/international/erasmus-und-interreg-projekte,"Weitere Projektpartnerschaften: University of Malta, Institute of Tourism Studies (Malta), University of Applied Sciences Utrecht, Stichting Landstede (Niederlande), iTStudy Hungary Educational and Research Centre for Information and Technology Ltd., Neumann János Computer Science Technical School (Ungarn).",cited page was not read by the fetcher (cannot check)
r046,PAEDAGOGISCHE HOCHSCHULE NIEDERÖSTERREICH,partner,NILE,https://www.ph-noe.ac.at/de/international/erasmus-und-interreg-projekte,"Im Rahmen einer Erasmus+ Strategischen Partnerschaft Key Action 2 wurde das Projekt PALM (Promoting Authentic Language Acquisition in Multilingual Contexts) 2015 mit der koordinierenden Institution Pädagogischen Hochschule Niederösterreich für 3 Jahre bewilligt. Als Partnerinstitutionen sind NILE - Norwich, die PH Burgenland, die Freie Universität Bozen, die Universität Cypern und die Universität Pécs sowie vier Partnerschulen (BG/BRG Stainach, Bilingual Junior High School Wiener Neustadt, Istit",cited page was not read by the fetcher (cannot check)
r046,PAEDAGOGISCHE HOCHSCHULE NIEDERÖSTERREICH,partner,PH Burgenland,https://www.ph-noe.ac.at/de/international/erasmus-und-interreg-projekte,"Im Rahmen einer Erasmus+ Strategischen Partnerschaft Key Action 2 wurde das Projekt PALM (Promoting Authentic Language Acquisition in Multilingual Contexts) 2015 mit der koordinierenden Institution Pädagogischen Hochschule Niederösterreich für 3 Jahre bewilligt. Als Partnerinstitutionen sind NILE - Norwich, die PH Burgenland, die Freie Universität Bozen, die Universität Cypern und die Universität Pécs sowie vier Partnerschulen (BG/BRG Stainach, Bilingual Junior High School Wiener Neustadt, Istit",cited page was not read by the fetcher (cannot check)
r046,PAEDAGOGISCHE HOCHSCHULE NIEDERÖSTERREICH,partner,Freie Universität Bozen,https://www.ph-noe.ac.at/de/international/erasmus-und-interreg-projekte,"Im Rahmen einer Erasmus+ Strategischen Partnerschaft Key Action 2 wurde das Projekt PALM (Promoting Authentic Language Acquisition in Multilingual Contexts) 2015 mit der koordinierenden Institution Pädagogischen Hochschule Niederösterreich für 3 Jahre bewilligt. Als Partnerinstitutionen sind NILE - Norwich, die PH Burgenland, die Freie Universität Bozen, die Universität Cypern und die Universität Pécs sowie vier Partnerschulen (BG/BRG Stainach, Bilingual Junior High School Wiener Neustadt, Istit",cited page was not read by the fetcher (cannot check)
r046,PAEDAGOGISCHE HOCHSCHULE NIEDERÖSTERREICH,partner,Universität Cypern,https://www.ph-noe.ac.at/de/international/erasmus-und-interreg-projekte,"Im Rahmen einer Erasmus+ Strategischen Partnerschaft Key Action 2 wurde das Projekt PALM (Promoting Authentic Language Acquisition in Multilingual Contexts) 2015 mit der koordinierenden Institution Pädagogischen Hochschule Niederösterreich für 3 Jahre bewilligt. Als Partnerinstitutionen sind NILE - Norwich, die PH Burgenland, die Freie Universität Bozen, die Universität Cypern und die Universität Pécs sowie vier Partnerschulen (BG/BRG Stainach, Bilingual Junior High School Wiener Neustadt, Istit",cited page was not read by the fetcher (cannot check)
r046,PAEDAGOGISCHE HOCHSCHULE NIEDERÖSTERREICH,partner,Universität Pécs,https://www.ph-noe.ac.at/de/international/erasmus-und-interreg-projekte,"Im Rahmen einer Erasmus+ Strategischen Partnerschaft Key Action 2 wurde das Projekt PALM (Promoting Authentic Language Acquisition in Multilingual Contexts) 2015 mit der koordinierenden Institution Pädagogischen Hochschule Niederösterreich für 3 Jahre bewilligt. Als Partnerinstitutionen sind NILE - Norwich, die PH Burgenland, die Freie Universität Bozen, die Universität Cypern und die Universität Pécs sowie vier Partnerschulen (BG/BRG Stainach, Bilingual Junior High School Wiener Neustadt, Istit",cited page was not read by the fetcher (cannot check)
r046,PAEDAGOGISCHE HOCHSCHULE NIEDERÖSTERREICH,partner,Universität zu Köln,https://www.ph-noe.ac.at/de/,Keynote zu Futures Literacy an der Universität zu Köln,cited page was not read by the fetcher (cannot check)
r046,PAEDAGOGISCHE HOCHSCHULE NIEDERÖSTERREICH,partner,KPH Wien/NÖ,https://www.ph-noe.ac.at/de/,Daten-Workshop von PH NÖ & KPH Wien/NÖ zu Schul- und Unterrichtsqualität,cited page was not read by the fetcher (cannot check)
r046,PAEDAGOGISCHE HOCHSCHULE NIEDERÖSTERREICH,partner,Universidad del Atlántico Medio (UNAM),https://www.ph-noe.ac.at/de/,PH NÖ bei der International Week in der Universidad del Atlántico Medio (UNAM),cited page was not read by the fetcher (cannot check)
r046,PAEDAGOGISCHE HOCHSCHULE NIEDERÖSTERREICH,partner,Fullbright Scholar Program,https://www.ph-noe.ac.at/de/,[Fullbright Scholar Program Logo - Link zur CIES.org Website öffnet sich in einem neuen Fenster],cited page was not read by the fetcher (cannot check)
r046,PAEDAGOGISCHE HOCHSCHULE NIEDERÖSTERREICH,partner,SchuBu,https://www.ph-noe.ac.at/de/,[Hier wird mit SchuBu unterrichtet],cited page was not read by the fetcher (cannot check)
r046,PAEDAGOGISCHE HOCHSCHULE NIEDERÖSTERREICH,partner,CAREER LEAD,https://www.ph-noe.ac.at/de/international/erasmus-und-interreg-projekte,"CAREER LEAD ist ein europäisches Forschungsnetzwerk, das sich auf die Berufsorientierung an allgemeinbildenden und berufsbildenden Schulen konzentriert. Gegründet im Jahr 2024 und finanziert durch das Erasmus+-Projekt der EU (Fördernummer 2023-1-DE01-KA220-HED-000161202), soll das Netzwerk den Austausch und die Zusammenarbeit von Forschenden fördern und ein nachhaltiges Netzwerk zur Berufsorientierung in Europa aufbauen.",cited page was not read by the fetcher (cannot check)
r046,PAEDAGOGISCHE HOCHSCHULE NIEDERÖSTERREICH,partner,Uniwersytet Jagiellonski in Krakow,https://www.ph-noe.ac.at/de/international/erasmus-und-interreg-projekte,Uniwersytet Jagiellonski in Krakow (Polen),cited page was not read by the fetcher (cannot check)
r046,PAEDAGOGISCHE HOCHSCHULE NIEDERÖSTERREICH,partner,University of Prishtina “Hasan Prishtina”,https://www.ph-noe.ac.at/de/international/erasmus-und-interreg-projekte,"Projektpartner: University of Prishtina “Hasan Prishtina”, Faculty of Education, Republik Kosovo",cited page was not read by the fetcher (cannot check)
r046,PAEDAGOGISCHE HOCHSCHULE NIEDERÖSTERREICH,partner,BG/BRG Stainach,https://www.ph-noe.ac.at/de/international/erasmus-und-interreg-projekte,"Im Rahmen einer Erasmus+ Strategischen Partnerschaft Key Action 2 wurde das Projekt PALM (Promoting Authentic Language Acquisition in Multilingual Contexts) 2015 mit der koordinierenden Institution Pädagogischen Hochschule Niederösterreich für 3 Jahre bewilligt. Als Partnerinstitutionen sind NILE - Norwich, die PH Burgenland, die Freie Universität Bozen, die Universität Cypern und die Universität Pécs sowie vier Partnerschulen (BG/BRG Stainach, Bilingual Junior High School Wiener Neustadt, Istit",cited page was not read by the fetcher (cannot check)
r046,PAEDAGOGISCHE HOCHSCHULE NIEDERÖSTERREICH,partner,Bilingual Junior High School Wiener Neustadt,https://www.ph-noe.ac.at/de/international/erasmus-und-interreg-projekte,"Im Rahmen einer Erasmus+ Strategischen Partnerschaft Key Action 2 wurde das Projekt PALM (Promoting Authentic Language Acquisition in Multilingual Contexts) 2015 mit der koordinierenden Institution Pädagogischen Hochschule Niederösterreich für 3 Jahre bewilligt. Als Partnerinstitutionen sind NILE - Norwich, die PH Burgenland, die Freie Universität Bozen, die Universität Cypern und die Universität Pécs sowie vier Partnerschulen (BG/BRG Stainach, Bilingual Junior High School Wiener Neustadt, Istit",cited page was not read by the fetcher (cannot check)
r046,PAEDAGOGISCHE HOCHSCHULE NIEDERÖSTERREICH,campus,Campus Baden,https://www.ph-noe.ac.at/de/,Campus Baden,cited page was not read by the fetcher (cannot check)
r046,PAEDAGOGISCHE HOCHSCHULE NIEDERÖSTERREICH,campus,Campus Hollabrunn,https://www.ph-noe.ac.at/de/ph-noe/organisation/standorte,Campus Hollabrunn,cited page was not read by the fetcher (cannot check)
r046,PAEDAGOGISCHE HOCHSCHULE NIEDERÖSTERREICH,campus,Campus Melk,https://www.ph-noe.ac.at/de/ph-noe/organisation/standorte,Campus Melk,cited page was not read by the fetcher (cannot check)
r048,LCC International University,partner,Lille Catholic University,https://lcc.lt/study-abroad-erasmus,"Lille Catholic University, France",cited page was not read by the fetcher (cannot check)
r048,LCC International University,partner,American University,https://lcc.lt/study-abroad-erasmus,"American University, Bulgaria",cited page was not read by the fetcher (cannot check)
r048,LCC International University,partner,Anglo-American University,https://lcc.lt/study-abroad-erasmus,"Anglo-American University, Czech Republic",cited page was not read by the fetcher (cannot check)
r048,LCC International University,partner,Artevelde University College Ghent,https://lcc.lt/study-abroad-erasmus,"Artevelde University College Ghent, Belgium",cited page was not read by the fetcher (cannot check)
r048,LCC International University,partner,Budapest Metropolitan University,https://lcc.lt/study-abroad-erasmus,"Budapest Metropolitan University, Hungary",cited page was not read by the fetcher (cannot check)
r048,LCC International University,partner,Business School Berlin,https://lcc.lt/study-abroad-erasmus,Business School Berlin,cited page was not read by the fetcher (cannot check)
r048,LCC International University,partner,Canterbury Christ Church University,https://lcc.lt/study-abroad-erasmus,"Canterbury Christ Church University, United Kingdom",cited page was not read by the fetcher (cannot check)
r048,LCC International University,partner,"CHE, Christian University of Applied Sciences",https://lcc.lt/study-abroad-erasmus,"CHE, Christian University of Applied Sciences, the Netherlands",cited page was not read by the fetcher (cannot check)
r048,LCC International University,partner,"ESDES, Catholic University of Lyon",https://lcc.lt/study-abroad-erasmus,"ESDES, Catholic University of Lyon, France",cited page was not read by the fetcher (cannot check)
r048,LCC International University,partner,"ESPOL, Lille Catholic University",https://lcc.lt/study-abroad-erasmus,"ESPOL, Lille Catholic University",cited page was not read by the fetcher (cannot check)
r048,LCC International University,partner,European University Cyprus,https://lcc.lt/study-abroad-erasmus,European University Cyprus,cited page was not read by the fetcher (cannot check)
r048,LCC International University,partner,"HOWEST, University College West Flanders",https://lcc.lt/study-abroad-erasmus,"HOWEST, University College West Flanders, Belgium",cited page was not read by the fetcher (cannot check)
r048,LCC International University,partner,"ISTC, Lille Catholic University",https://lcc.lt/study-abroad-erasmus,"ISTC, Lille Catholic University",cited page was not read by the fetcher (cannot check)
r048,LCC International University,partner,Károli Gáspár University of the Reformed Church,https://lcc.lt/study-abroad-erasmus,"Károli Gáspár University of the Reformed Church, Hungary",cited page was not read by the fetcher (cannot check)
r048,LCC International University,partner,MSB Medical School Berlin,https://lcc.lt/study-abroad-erasmus,"MSB Medical School Berlin, Germany",cited page was not read by the fetcher (cannot check)
r048,LCC International University,partner,Pazmany Peter Catholic University,https://lcc.lt/study-abroad-erasmus,"Pazmany Peter Catholic University, Hungary",cited page was not read by the fetcher (cannot check)
r048,LCC International University,partner,Savonia University of Applied Sciences,https://lcc.lt/study-abroad-erasmus,"Savonia University of Applied Sciences, Finland",cited page was not read by the fetcher (cannot check)
r048,LCC International University,partner,"Trier University of Applied Sciences, Environment-Campus Birkenfeld",https://lcc.lt/study-abroad-erasmus,"Trier University of Applied Sciences, Environment-Campus Birkenfeld, Germany",cited page was not read by the fetcher (cannot check)
r048,LCC International University,partner,Trier University,https://lcc.lt/study-abroad-erasmus,"Trier University, Germany",cited page was not read by the fetcher (cannot check)
r048,LCC International University,partner,Universite Catholique de Lille,https://lcc.lt/study-abroad-erasmus,"Universite Catholique de Lille, France",cited page was not read by the fetcher (cannot check)
r048,LCC International University,partner,University of A Coruña,https://lcc.lt/study-abroad-erasmus,"University of A Coruña, Spain",cited page was not read by the fetcher (cannot check)
r048,LCC International University,partner,University of Malaga,https://lcc.lt/study-abroad-erasmus,"University of Malaga, Spain",cited page was not read by the fetcher (cannot check)
r048,LCC International University,partner,University of Tartu Narva College,https://lcc.lt/study-abroad-erasmus,"University of Tartu Narva College, Estonia",cited page was not read by the fetcher (cannot check)
r048,LCC International University,partner,University of the Basque Country,https://lcc.lt/study-abroad-erasmus,"University of the Basque Country, Spain",cited page was not read by the fetcher (cannot check)
r048,LCC International University,partner,University of Udine,https://lcc.lt/study-abroad-erasmus,"University of Udine, Italy",cited page was not read by the fetcher (cannot check)
r048,LCC International University,partner,University of Žilina,https://lcc.lt/study-abroad-erasmus,"University of Žilina, Slovakia",cited page was not read by the fetcher (cannot check)
r048,LCC International University,partner,Witten Herdecke University,https://lcc.lt/study-abroad-erasmus,"Witten Herdecke University, Germany",cited page was not read by the fetcher (cannot check)
r048,LCC International University,partner,Caucasus University,https://lcc.lt/study-abroad-erasmus,"Caucasus University, Georgia",cited page was not read by the fetcher (cannot check)
r048,LCC International University,partner,EBC Hochschule,https://lcc.lt/study-abroad-erasmus,"EBC Hochschule, Germany",cited page was not read by the fetcher (cannot check)
r048,LCC International University,partner,Gordon College,https://lcc.lt/study-abroad-erasmus,"Gordon College, USA",cited page was not read by the fetcher (cannot check)
r048,LCC International University,partner,Handong Global University,https://lcc.lt/study-abroad-erasmus,"Handong Global University, South Korea",cited page was not read by the fetcher (cannot check)
r048,LCC International University,partner,Hochschule Hannover – University of Applied Sciences and Arts,https://lcc.lt/study-abroad-erasmus,"Hochschule Hannover – University of Applied Sciences and Arts, Germany",cited page was not read by the fetcher (cannot check)
r048,LCC International University,partner,Kazakh State Women’s Teacher Training University,https://lcc.lt/study-abroad-erasmus,"Kazakh State Women’s Teacher Training University, Kazakhstan",cited page was not read by the fetcher (cannot check)
r048,LCC International University,partner,KIMEP University,https://lcc.lt/study-abroad-erasmus,"KIMEP University, Kazakhstan",cited page was not read by the fetcher (cannot check)
r048,LCC International University,partner,King’s University,https://lcc.lt/study-abroad-erasmus,"King’s University, Canada",cited page was not read by the fetcher (cannot check)
r048,LCC International University,partner,Kyung Hee University,https://lcc.lt/study-abroad-erasmus,"Kyung Hee University, South Korea",cited page was not read by the fetcher (cannot check)
r048,LCC International University,partner,National University of Management,https://lcc.lt/study-abroad-erasmus,"National University of Management, Cambodia",cited page was not read by the fetcher (cannot check)
r048,LCC International University,partner,Sejong University,https://lcc.lt/study-abroad-erasmus,"Sejong University, South Korea",cited page was not read by the fetcher (cannot check)
r048,LCC International University,partner,SIAS International University,https://lcc.lt/study-abroad-erasmus,"SIAS International University, China",cited page was not read by the fetcher (cannot check)
r048,LCC International University,partner,Ukrainian Catholic University,https://lcc.lt/study-abroad-erasmus,"Ukrainian Catholic University, Ukraine",cited page was not read by the fetcher (cannot check)
r048,LCC International University,partner,Universitas Pelita Harapan,https://lcc.lt/study-abroad-erasmus,"Universitas Pelita Harapan, Indonesia",cited page was not read by the fetcher (cannot check)
r048,LCC International University,partner,University of Applied Sciences (Internationale Hochschule Liebenzel),https://lcc.lt/study-abroad-erasmus,"University of Applied Sciences (Internationale Hochschule Liebenzel), Germany",cited page was not read by the fetcher (cannot check)
r048,LCC International University,partner,Christelijke Hogeschool Ede,https://lcc.lt/study-abroad-erasmus,"Christelijke Hogeschool Ede, Netherlands",cited page was not read by the fetcher (cannot check)
r048,LCC International University,partner,ISM University of Management and Economics,https://lcc.lt/,"Currently pursuing a master’s degree in Financial Economics at ISM University of Mangament and Economics in Vilnius, Lithuania",cited page was not read by the fetcher (cannot check)
r048,LCC International University,partner,partner universities,https://lcc.lt/,"Explore the world by studying or taking a traineeship abroad. Many LCC students spend a semester on exchange to one of 40 partner universities throughout Europe, Asia and North America through Erasmus+ or International Exchange programs. Information for current LCC students is available in the LCC portal.",cited page was not read by the fetcher (cannot check)
r048,LCC International University,partner,Plakatonas: International Social Inclusion,https://lcc.lt/,LCC Partners with Plakatonas: International Social Inclusion,cited page was not read by the fetcher (cannot check)
r048,LCC International University,partner,"University of Illinois, Urbana-Champaign",https://lcc.lt/staff/dr-travis-myers,"Travis acquired a BA in Liberal Arts and Sciences with a concentration in US History from the University of Illinois, Urbana-Champaign, before starting graduate studies in cultural exegesis and Christian thought at Trinity International University in the Chicago area. He eventually completed a Master of Divinity in biblical studies and Christian theology at The Southern Seminary in Louisville and then earned a PhD from Boston University, in partnership with Gordon-Conwell Theological Seminary, c",cited page was not read by the fetcher (cannot check)
r048,LCC International University,partner,Trinity International University,https://lcc.lt/staff/dr-travis-myers,"Travis acquired a BA in Liberal Arts and Sciences with a concentration in US History from the University of Illinois, Urbana-Champaign, before starting graduate studies in cultural exegesis and Christian thought at Trinity International University in the Chicago area. He eventually completed a Master of Divinity in biblical studies and Christian theology at The Southern Seminary in Louisville and then earned a PhD from Boston University, in partnership with Gordon-Conwell Theological Seminary, c",cited page was not read by the fetcher (cannot check)
r048,LCC International University,partner,The Southern Seminary,https://lcc.lt/staff/dr-travis-myers,"Travis acquired a BA in Liberal Arts and Sciences with a concentration in US History from the University of Illinois, Urbana-Champaign, before starting graduate studies in cultural exegesis and Christian thought at Trinity International University in the Chicago area. He eventually completed a Master of Divinity in biblical studies and Christian theology at The Southern Seminary in Louisville and then earned a PhD from Boston University, in partnership with Gordon-Conwell Theological Seminary, c",cited page was not read by the fetcher (cannot check)
r048,LCC International University,partner,Boston University,https://lcc.lt/staff/dr-travis-myers,"Travis acquired a BA in Liberal Arts and Sciences with a concentration in US History from the University of Illinois, Urbana-Champaign, before starting graduate studies in cultural exegesis and Christian thought at Trinity International University in the Chicago area. He eventually completed a Master of Divinity in biblical studies and Christian theology at The Southern Seminary in Louisville and then earned a PhD from Boston University, in partnership with Gordon-Conwell Theological Seminary, c",cited page was not read by the fetcher (cannot check)
r048,LCC International University,partner,Gordon-Conwell Theological Seminary,https://lcc.lt/staff/dr-travis-myers,"Travis acquired a BA in Liberal Arts and Sciences with a concentration in US History from the University of Illinois, Urbana-Champaign, before starting graduate studies in cultural exegesis and Christian thought at Trinity International University in the Chicago area. He eventually completed a Master of Divinity in biblical studies and Christian theology at The Southern Seminary in Louisville and then earned a PhD from Boston University, in partnership with Gordon-Conwell Theological Seminary, c",cited page was not read by the fetcher (cannot check)
r048,LCC International University,partner,Regent University,https://lcc.lt/staff/julija-gaiduk,"I am an Associate Professor in the Department of Psychology at LCC International University. I received a PhD in Counselor Education and Supervision from Regent University (2015). I have been teaching at LCC International university since 2002 and counseling couples and individuals since 2014. Prior work experience includes teaching English at a secondary school and English tutoring in Klaipeda, Lithuania. Prior education includes a BA in Theology from Lithuanian Christian Fund College (1999) an",cited page was not read by the fetcher (cannot check)
r048,LCC International University,partner,Lithuanian Christian Fund College,https://lcc.lt/staff/julija-gaiduk,"I am an Associate Professor in the Department of Psychology at LCC International University. I received a PhD in Counselor Education and Supervision from Regent University (2015). I have been teaching at LCC International university since 2002 and counseling couples and individuals since 2014. Prior work experience includes teaching English at a secondary school and English tutoring in Klaipeda, Lithuania. Prior education includes a BA in Theology from Lithuanian Christian Fund College (1999) an",cited page was not read by the fetcher (cannot check)
r048,LCC International University,partner,Lee University,https://lcc.lt/staff/david-broersma,"Dr. Broersma is a professor and the Thesis Director for the MA TESOL at LCC. He is also a professor of TESOL and Linguistics in the Languages and Literature Department at Lee University in Cleveland, TN in the U.S. Before beginning to work at Lee in 2014, Dr. Broersma lived and worked in Moscow, Russia for 17 years at the Russian-American Christian University and Hinkson Christian Academy.",cited page was not read by the fetcher (cannot check)
r048,LCC International University,partner,Russian-American Christian University,https://lcc.lt/staff/david-broersma,"Dr. Broersma is a professor and the Thesis Director for the MA TESOL at LCC. He is also a professor of TESOL and Linguistics in the Languages and Literature Department at Lee University in Cleveland, TN in the U.S. Before beginning to work at Lee in 2014, Dr. Broersma lived and worked in Moscow, Russia for 17 years at the Russian-American Christian University and Hinkson Christian Academy.",cited page was not read by the fetcher (cannot check)
r048,LCC International University,partner,Hinkson Christian Academy,https://lcc.lt/staff/david-broersma,"Dr. Broersma is a professor and the Thesis Director for the MA TESOL at LCC. He is also a professor of TESOL and Linguistics in the Languages and Literature Department at Lee University in Cleveland, TN in the U.S. Before beginning to work at Lee in 2014, Dr. Broersma lived and worked in Moscow, Russia for 17 years at the Russian-American Christian University and Hinkson Christian Academy.",cited page was not read by the fetcher (cannot check)
r048,LCC International University,partner,Purdue University,https://lcc.lt/staff/david-broersma,"Dr. Broersma has a BA in English Education from Purdue University in Indiana, and an MA TESOL and Ph.D. from the University of Illinois in Champaign-Urbana, Illinois.",cited page was not read by the fetcher (cannot check)
r048,LCC International University,partner,University of Illinois,https://lcc.lt/staff/david-broersma,"Dr. Broersma has a BA in English Education from Purdue University in Indiana, and an MA TESOL and Ph.D. from the University of Illinois in Champaign-Urbana, Illinois.",cited page was not read by the fetcher (cannot check)
r048,LCC International University,campus,LCC International University,https://lcc.lt/,"Located near the beautiful Baltic beaches in the seaside town of Klaipėda, our campus offers safe and vibrant on-campus dormitories with convenient amenities. Become part of a renowned institution known for its international diversity.",cited page was not read by the fetcher (cannot check)
r049,Institut Mines Telecom - Telecom ParisTech,contact,Jean-François Naviner,https://www.telecom-paris.fr/en/international/strategy/our-team,Jean-François Naviner <jean-francois.naviner@telecom-paris.fr> ... Director of International Relations,cited page was not read by the fetcher (cannot check)
r049,Institut Mines Telecom - Telecom ParisTech,contact,Nicolas Prost,https://www.telecom-paris.fr/en/international/strategy/our-team,"Nicolas Prost <nicolas.prost@telecom-paris.fr> ... Erasmus+ Coordinator, International Projects Manager",cited page was not read by the fetcher (cannot check)
r049,Institut Mines Telecom - Telecom ParisTech,contact,Catherine Vazza,https://www.telecom-paris.fr/en/international/strategy/our-team,Catherine Vazza <catherine.vazza@telecom-paris.fr> ... Deputy Director of International Relations and Outgoing Mobility Manager,cited page was not read by the fetcher (cannot check)
r049,Institut Mines Telecom - Telecom ParisTech,partner,SPEIT (Shanghai – Paris),https://www.telecom-paris.fr/en/international/strategy/our-team,"Télécom Paris was very happy to welcome the elite program from SPEIT (Shanghai – Paris), of which we are a partner.",cited page was not read by the fetcher (cannot check)
r049,Institut Mines Telecom - Telecom ParisTech,partner,Technical University of Denmark (DTU),https://www.telecom-paris.fr/en/international/strategy/our-team,"Télécom Paris has signed a new Erasmus+ agreement with the Technical University of Denmark (DTU), one of Northern [...]",cited page was not read by the fetcher (cannot check)
r049,Institut Mines Telecom - Telecom ParisTech,partner,Datadog,https://www.telecom-paris.fr/fr/entreprise/partenaires,[datadog],cited page was not read by the fetcher (cannot check)
r049,Institut Mines Telecom - Telecom ParisTech,partner,Alcatel Submarine Networks,https://www.telecom-paris.fr/fr/entreprise/partenaires,[Alcatel Submarine Networks],cited page was not read by the fetcher (cannot check)
r049,Institut Mines Telecom - Telecom ParisTech,partner,Greenerwave,https://www.telecom-paris.fr/fr/entreprise/partenaires,[Greenerwave],cited page was not read by the fetcher (cannot check)
r049,Institut Mines Telecom - Telecom ParisTech,partner,Accenture,https://www.telecom-paris.fr/fr/entreprise/partenaires,[Accenture],cited page was not read by the fetcher (cannot check)
r049,Institut Mines Telecom - Telecom ParisTech,partner,Arm,https://www.telecom-paris.fr/fr/entreprise/partenaires,[arm],cited page was not read by the fetcher (cannot check)
r049,Institut Mines Telecom - Telecom ParisTech,partner,Axians,https://www.telecom-paris.fr/fr/entreprise/partenaires,[Axians],cited page was not read by the fetcher (cannot check)
r049,Institut Mines Telecom - Telecom ParisTech,partner,BNP Paribas,https://www.telecom-paris.fr/fr/entreprise/partenaires,[BNP Paribas],cited page was not read by the fetcher (cannot check)
r049,Institut Mines Telecom - Telecom ParisTech,partner,Covéa,https://www.telecom-paris.fr/fr/entreprise/partenaires,[Covéa],cited page was not read by the fetcher (cannot check)
r049,Institut Mines Telecom - Telecom ParisTech,partner,Crédit Agricole,https://www.telecom-paris.fr/fr/entreprise/partenaires,[Crédit Agricole],cited page was not read by the fetcher (cannot check)
r049,Institut Mines Telecom - Telecom ParisTech,partner,Enedis,https://www.telecom-paris.fr/fr/entreprise/partenaires,[Enedis],cited page was not read by the fetcher (cannot check)
r049,Institut Mines Telecom - Telecom ParisTech,partner,Eutelsat group,https://www.telecom-paris.fr/fr/entreprise/partenaires,[Eutelsat group],cited page was not read by the fetcher (cannot check)
r049,Institut Mines Telecom - Telecom ParisTech,partner,IBM,https://www.telecom-paris.fr/fr/entreprise/partenaires,[IBM],cited page was not read by the fetcher (cannot check)
r049,Institut Mines Telecom - Telecom ParisTech,partner,MBDA,https://www.telecom-paris.fr/fr/entreprise/partenaires,[MBDA],cited page was not read by the fetcher (cannot check)
r049,Institut Mines Telecom - Telecom ParisTech,partner,Navigacom,https://www.telecom-paris.fr/fr/entreprise/partenaires,[Navigacom],cited page was not read by the fetcher (cannot check)
r049,Institut Mines Telecom - Telecom ParisTech,partner,Onepoint,https://www.telecom-paris.fr/fr/entreprise/partenaires,[Onepoint],cited page was not read by the fetcher (cannot check)
r049,Institut Mines Telecom - Telecom ParisTech,partner,pmp beyond consulting,https://www.telecom-paris.fr/fr/entreprise/partenaires,[pmp beyond consulting],cited page was not read by the fetcher (cannot check)
r049,Institut Mines Telecom - Telecom ParisTech,partner,Renault,https://www.telecom-paris.fr/fr/entreprise/partenaires,[Renault],cited page was not read by the fetcher (cannot check)
r049,Institut Mines Telecom - Telecom ParisTech,partner,SIA Partners,https://www.telecom-paris.fr/fr/entreprise/partenaires,[SIA Partners],cited page was not read by the fetcher (cannot check)
r049,Institut Mines Telecom - Telecom ParisTech,partner,Sopra Steria,https://www.telecom-paris.fr/fr/entreprise/partenaires,[Sopra Steria],cited page was not read by the fetcher (cannot check)
r049,Institut Mines Telecom - Telecom ParisTech,partner,Talan,https://www.telecom-paris.fr/fr/entreprise/partenaires,[Talan],cited page was not read by the fetcher (cannot check)
r049,Institut Mines Telecom - Telecom ParisTech,partner,Thales,https://www.telecom-paris.fr/fr/entreprise/partenaires,[Thales],cited page was not read by the fetcher (cannot check)
r049,Institut Mines Telecom - Telecom ParisTech,partner,Wavestone,https://www.telecom-paris.fr/fr/entreprise/partenaires,[Wavestone],cited page was not read by the fetcher (cannot check)
r049,Institut Mines Telecom - Telecom ParisTech,partner,Alstom,https://www.telecom-paris.fr/fr/entreprise/partenaires,[Alstom],cited page was not read by the fetcher (cannot check)
r049,Institut Mines Telecom - Telecom ParisTech,partner,Amadeus,https://www.telecom-paris.fr/fr/entreprise/partenaires,[amadeus logo],cited page was not read by the fetcher (cannot check)
r049,Institut Mines Telecom - Telecom ParisTech,partner,ArianeGroup,https://www.telecom-paris.fr/fr/entreprise/partenaires,[arianegroup logo],cited page was not read by the fetcher (cannot check)
r049,Institut Mines Telecom - Telecom ParisTech,partner,Chanel,https://www.telecom-paris.fr/fr/entreprise/partenaires,[Chanel],cited page was not read by the fetcher (cannot check)
r049,Institut Mines Telecom - Telecom ParisTech,partner,EDF,https://www.telecom-paris.fr/fr/entreprise/partenaires,[EDF],cited page was not read by the fetcher (cannot check)
r049,Institut Mines Telecom - Telecom ParisTech,partner,France.tv,https://www.telecom-paris.fr/fr/entreprise/partenaires,[France.tv],cited page was not read by the fetcher (cannot check)
r049,Institut Mines Telecom - Telecom ParisTech,partner,Lazard,https://www.telecom-paris.fr/fr/entreprise/partenaires,[Lazard],cited page was not read by the fetcher (cannot check)
r049,Institut Mines Telecom - Telecom ParisTech,partner,Nokia,https://www.telecom-paris.fr/fr/entreprise/partenaires,[Nokia],cited page was not read by the fetcher (cannot check)
r049,Institut Mines Telecom - Telecom ParisTech,partner,Orkyn,https://www.telecom-paris.fr/fr/entreprise/partenaires,[orkyn],cited page was not read by the fetcher (cannot check)
r049,Institut Mines Telecom - Telecom ParisTech,partner,SFR,https://www.telecom-paris.fr/fr/entreprise/partenaires,[SFR],cited page was not read by the fetcher (cannot check)
r049,Institut Mines Telecom - Telecom ParisTech,partner,SNCF,https://www.telecom-paris.fr/fr/entreprise/partenaires,[SNCF],cited page was not read by the fetcher (cannot check)
r049,Institut Mines Telecom - Telecom ParisTech,partner,TDF,https://www.telecom-paris.fr/fr/entreprise/partenaires,[tdf],cited page was not read by the fetcher (cannot check)
r049,Institut Mines Telecom - Telecom ParisTech,partner,Total,https://www.telecom-paris.fr/fr/entreprise/partenaires,[Total],cited page was not read by the fetcher (cannot check)
r049,Institut Mines Telecom - Telecom ParisTech,partner,Centre de Recherche en Économie et Statistique (CREST),https://www.telecom-paris.fr/,Centre de Recherche en Économie et Statistique (CREST),cited page was not read by the fetcher (cannot check)
r049,Institut Mines Telecom - Telecom ParisTech,partner,Institut Interdisciplinaire de l’Innovation (i3),https://www.telecom-paris.fr/,Institut Interdisciplinaire de l’Innovation (i3),cited page was not read by the fetcher (cannot check)
r049,Institut Mines Telecom - Telecom ParisTech,partner,Laboratoire Traitement et Communication de l’Information (LTCI),https://www.telecom-paris.fr/,Laboratoire Traitement et Communication de l’Information (LTCI),cited page was not read by the fetcher (cannot check)
r049,Institut Mines Telecom - Telecom ParisTech,partner,Carnot Télécom & Société numérique,https://www.telecom-paris.fr/,Carnot Télécom & Société numérique,cited page was not read by the fetcher (cannot check)
r049,Institut Mines Telecom - Telecom ParisTech,partner,Quantum Secure Networks Partnership,https://www.telecom-paris.fr/,Le projet Quantum Secure Networks Partnership,cited page was not read by the fetcher (cannot check)
r049,Institut Mines Telecom - Telecom ParisTech,partner,AgroParisTech,https://www.telecom-paris.fr/,Vivant et numérique : AgroParisTech et Télécom Paris créent un double diplôme,cited page was not read by the fetcher (cannot check)
r049,Institut Mines Telecom - Telecom ParisTech,partner,Agro ParisTech,https://www.telecom-paris.fr/,Vivant et numérique : double diplôme avec Agro ParisTech,cited page was not read by the fetcher (cannot check)
r049,Institut Mines Telecom - Telecom ParisTech,partner,UTM Malaisie,https://www.telecom-paris.fr/,iOS 27 – INFIИITE – UTM Malaisie – EAIE Glasgow – Smart Gardens – Nos métiers – Agenda (Women [...],cited page was not read by the fetcher (cannot check)
r049,Institut Mines Telecom - Telecom ParisTech,partner,IP Paris,https://www.telecom-paris.fr/,Smart Gardens IP Paris : l’impact de la végétalisation sur la température,cited page was not read by the fetcher (cannot check)
r049,Institut Mines Telecom - Telecom ParisTech,partner,UTM,https://www.telecom-paris.fr/,UTM (Malaisie) : un nouveau partenariat stratégique,cited page was not read by the fetcher (cannot check)
r049,Institut Mines Telecom - Telecom ParisTech,partner,Universiti Teknologi Malaysia,https://www.telecom-paris.fr/,Nous avons eu l’honneur d’accueillir une délégation de l’Universiti Teknologi Malaysia (UTM). Un [...],cited page was not read by the fetcher (cannot check)
r049,Institut Mines Telecom - Telecom ParisTech,partner,Inria,https://www.telecom-paris.fr/,"En 2026, Software Heritage célèbre son 10e anniversaire. Pour marquer cette étape importante, Software Heritage et Inria proposent une exposition [...]",cited page was not read by the fetcher (cannot check)
r049,Institut Mines Telecom - Telecom ParisTech,partner,IMT,https://www.telecom-paris.fr/,Programme Ambassadrices IMT,cited page was not read by the fetcher (cannot check)
r049,Institut Mines Telecom - Telecom ParisTech,partner,CIEDS,https://www.telecom-paris.fr/,"Deuxième édition, en partenariat avec le CIEDS soutenu par le ministère des Armées et l’Agence de l’Innovation de Défense, ainsi que la chaire Cybersécurité et Souveraineté [...]",cited page was not read by the fetcher (cannot check)
r049,Institut Mines Telecom - Telecom ParisTech,partner,ministère des Armées,https://www.telecom-paris.fr/,"Deuxième édition, en partenariat avec le CIEDS soutenu par le ministère des Armées et l’Agence de l’Innovation de Défense, ainsi que la chaire Cybersécurité et Souveraineté [...]",cited page was not read by the fetcher (cannot check)
r049,Institut Mines Telecom - Telecom ParisTech,partner,Agence de l’Innovation de Défense,https://www.telecom-paris.fr/,"Deuxième édition, en partenariat avec le CIEDS soutenu par le ministère des Armées et l’Agence de l’Innovation de Défense, ainsi que la chaire Cybersécurité et Souveraineté [...]",cited page was not read by the fetcher (cannot check)
r049,Institut Mines Telecom - Telecom ParisTech,partner,Anthropic,https://www.telecom-paris.fr/,"Data science & IA, Enseignants-chercheurs — 01/09/26 Il a participé à la table ronde intitulée « Comment déployer des agents à grande échelle, de manière responsable et sécurisée ? » aux côtés d’André Balleyguier (Anthropic) et d’Hannah-Marie Darley (Geordie), sous la modération de Jérôme Lebecq (BNP Paribas).",cited page was not read by the fetcher (cannot check)
r049,Institut Mines Telecom - Telecom ParisTech,partner,Fondation Mines-Télécom,https://www.telecom-paris.fr/,Anna Ramfel 3e prix du meilleur apprentissage de la Fondation Mines-Télécom,cited page was not read by the fetcher (cannot check)
r049,Institut Mines Telecom - Telecom ParisTech,partner,CEA/LNO,https://www.telecom-paris.fr/,Ingénieurs — 28/05/26 Anna a effectué son apprentissage au CEA/LNO sur L’IRM très bas champ magnétique pour le bébé prématuré.,cited page was not read by the fetcher (cannot check)
r049,Institut Mines Telecom - Telecom ParisTech,partner,Orange,https://www.telecom-paris.fr/,directrice d’Orange Afrique Centrale et Afrique de l’Ouest,cited page was not read by the fetcher (cannot check)
r049,Institut Mines Telecom - Telecom ParisTech,partner,Parsys Télémédecine,https://www.telecom-paris.fr/,"Ingénieure systèmes embarqués, Parsys Télémédecine",cited page was not read by the fetcher (cannot check)
r049,Institut Mines Telecom - Telecom ParisTech,partner,CTI,https://www.telecom-paris.fr/,Accréditée par la CTI • Membre de la CGE • Label qualité Carnot • Soutenue par la Fondation Mines-Télécom • Nos diplômés,cited page was not read by the fetcher (cannot check)
r049,Institut Mines Telecom - Telecom ParisTech,partner,CGE,https://www.telecom-paris.fr/,Accréditée par la CTI • Membre de la CGE • Label qualité Carnot • Soutenue par la Fondation Mines-Télécom • Nos diplômés,cited page was not read by the fetcher (cannot check)
r049,Institut Mines Telecom - Telecom ParisTech,partner,Conférence des Grandes Écoles,https://www.telecom-paris.fr/,[Conférence des Grandes Écoles],cited page was not read by the fetcher (cannot check)
r049,Institut Mines Telecom - Telecom ParisTech,partner,Astek,https://www.telecom-paris.fr/,[Astek],cited page was not read by the fetcher (cannot check)
r049,Institut Mines Telecom - Telecom ParisTech,partner,École polytechnique,https://www.telecom-paris.fr/en/international/strategy/our-team,École polytechnique students through dual degree agreement,cited page was not read by the fetcher (cannot check)
r049,Institut Mines Telecom - Telecom ParisTech,partner,ENSAE Paris,https://www.telecom-paris.fr/en/international/strategy/our-team,Data and Economics for Public Policy (Polytechnique-ENSAE Paris-Télécom Paris),cited page was not read by the fetcher (cannot check)
r049,Institut Mines Telecom - Telecom ParisTech,partner,European Association for International Education,https://www.telecom-paris.fr/en/international/strategy/our-team,"The 2026 Conference and Exhibition of the European Association for International Education (EAIE), was held in Glasgow, Scotland, [...]",cited page was not read by the fetcher (cannot check)
r049,Institut Mines Telecom - Telecom ParisTech,partner,SPEIT,https://www.telecom-paris.fr/en/international/strategy/our-team,"Télécom Paris was very happy to welcome the elite program from SPEIT (Shanghai – Paris), of which we are a partner.",cited page was not read by the fetcher (cannot check)
r049,Institut Mines Telecom - Telecom ParisTech,partner,Technical University of Denmark,https://www.telecom-paris.fr/en/international/strategy/our-team,"Télécom Paris has signed a new Erasmus+ agreement with the Technical University of Denmark (DTU), one of Northern [...]",cited page was not read by the fetcher (cannot check)
r049,Institut Mines Telecom - Telecom ParisTech,partner,Quantum Technology Flagship,https://www.telecom-paris.fr/fr/ideas/quantum-secure-networks-partnership,"« Le projet soutenu par le Quantum Technology Flagship, projet phare de la Commission Européenne sur 10 ans sur les communications quantiques, a débuté en mars 2023. Plus de 40 acteurs européens sont mobilisés, dont IP Paris et Télécom Paris, via le laboratoire LTCI où nous abordons la combinaison des technologies quantiques avec les technologies du numérique. »",cited page was not read by the fetcher (cannot check)
r049,Institut Mines Telecom - Telecom ParisTech,partner,Commission Européenne,https://www.telecom-paris.fr/fr/ideas/quantum-secure-networks-partnership,"« Le projet soutenu par le Quantum Technology Flagship, projet phare de la Commission Européenne sur 10 ans sur les communications quantiques, a débuté en mars 2023. Plus de 40 acteurs européens sont mobilisés, dont IP Paris et Télécom Paris, via le laboratoire LTCI où nous abordons la combinaison des technologies quantiques avec les technologies du numérique. »",cited page was not read by the fetcher (cannot check)
r049,Institut Mines Telecom - Telecom ParisTech,campus,Télécom Paris,https://www.telecom-paris.fr/,Notre bâtiment accessible à Palaiseau,cited page was not read by the fetcher (cannot check)
r051,UNIVERSITA VITA-SALUTE SAN RAFFAELE,partner,Eureka Institute for Translational Medicine,https://www.unisr.it/ricerca/partnership-eureka,"In qualità di partner ufficiale dell'Eureka Institute for Translational Medicine, UniSR ribadisce il proprio impegno nel promuovere l'innovazione medica a livello globale. Questa alleanza strategica con la più prestigiosa rete mondiale di medicina traslazionale permette ai nostri ricercatori e alle nostre ricercatrici di trasformare le scoperte scientifiche in soluzioni concrete per la salute.",cited page was not read by the fetcher (cannot check)
r051,UNIVERSITA VITA-SALUTE SAN RAFFAELE,partner,University of Copenhagen,https://www.unisr.it/servizi/internazionale,"Nell’ambito della mobilità internazionale effettuata, grazie ai numerosi accordi di cooperazione internazionale sviluppati da UNISR (vedi ad esempio University of Copenhagen, Biotech Research and Innovation Centre, KK Women's and Children's Hospital (Singapore), Utrecht University, Universidad Católica Sedes Sapientiae di Lima e University of Texas MD Anderson Cancer Center), è possibile effettuare periodi di studio e/o di formazione presso Università Europee non aderenti al programma Erasmus+ o",cited page was not read by the fetcher (cannot check)
r051,UNIVERSITA VITA-SALUTE SAN RAFFAELE,partner,Biotech Research and Innovation Centre,https://www.unisr.it/servizi/internazionale,"Nell’ambito della mobilità internazionale effettuata, grazie ai numerosi accordi di cooperazione internazionale sviluppati da UNISR (vedi ad esempio University of Copenhagen, Biotech Research and Innovation Centre, KK Women's and Children's Hospital (Singapore), Utrecht University, Universidad Católica Sedes Sapientiae di Lima e University of Texas MD Anderson Cancer Center), è possibile effettuare periodi di studio e/o di formazione presso Università Europee non aderenti al programma Erasmus+ o",cited page was not read by the fetcher (cannot check)
r051,UNIVERSITA VITA-SALUTE SAN RAFFAELE,partner,KK Women's and Children's Hospital,https://www.unisr.it/servizi/internazionale,"Nell’ambito della mobilità internazionale effettuata, grazie ai numerosi accordi di cooperazione internazionale sviluppati da UNISR (vedi ad esempio University of Copenhagen, Biotech Research and Innovation Centre, KK Women's and Children's Hospital (Singapore), Utrecht University, Universidad Católica Sedes Sapientiae di Lima e University of Texas MD Anderson Cancer Center), è possibile effettuare periodi di studio e/o di formazione presso Università Europee non aderenti al programma Erasmus+ o",cited page was not read by the fetcher (cannot check)
r051,UNIVERSITA VITA-SALUTE SAN RAFFAELE,partner,Utrecht University,https://www.unisr.it/servizi/internazionale,"Nell’ambito della mobilità internazionale effettuata, grazie ai numerosi accordi di cooperazione internazionale sviluppati da UNISR (vedi ad esempio University of Copenhagen, Biotech Research and Innovation Centre, KK Women's and Children's Hospital (Singapore), Utrecht University, Universidad Católica Sedes Sapientiae di Lima e University of Texas MD Anderson Cancer Center), è possibile effettuare periodi di studio e/o di formazione presso Università Europee non aderenti al programma Erasmus+ o",cited page was not read by the fetcher (cannot check)
r051,UNIVERSITA VITA-SALUTE SAN RAFFAELE,partner,Universidad Católica Sedes Sapientiae,https://www.unisr.it/servizi/internazionale,"Nell’ambito della mobilità internazionale effettuata, grazie ai numerosi accordi di cooperazione internazionale sviluppati da UNISR (vedi ad esempio University of Copenhagen, Biotech Research and Innovation Centre, KK Women's and Children's Hospital (Singapore), Utrecht University, Universidad Católica Sedes Sapientiae di Lima e University of Texas MD Anderson Cancer Center), è possibile effettuare periodi di studio e/o di formazione presso Università Europee non aderenti al programma Erasmus+ o",cited page was not read by the fetcher (cannot check)
r051,UNIVERSITA VITA-SALUTE SAN RAFFAELE,partner,University of Texas MD Anderson Cancer Center,https://www.unisr.it/servizi/internazionale,"Nell’ambito della mobilità internazionale effettuata, grazie ai numerosi accordi di cooperazione internazionale sviluppati da UNISR (vedi ad esempio University of Copenhagen, Biotech Research and Innovation Centre, KK Women's and Children's Hospital (Singapore), Utrecht University, Universidad Católica Sedes Sapientiae di Lima e University of Texas MD Anderson Cancer Center), è possibile effettuare periodi di studio e/o di formazione presso Università Europee non aderenti al programma Erasmus+ o",cited page was not read by the fetcher (cannot check)
r051,UNIVERSITA VITA-SALUTE SAN RAFFAELE,partner,University of Otago,https://www.unisr.it/servizi/internazionale,"Per gli studenti dei Corsi di Laurea Magistrale in Medicina e Chirurgia e International MD Program, in particolare negli anni dal terzo al sesto, è possibile svolgere tirocini di tipo osservativo presso istituzioni estere in Europa (vedi e anche in paesi extra Eu come la Nuova Zelanda (University of Otago), Kenya (Aga Khan University Hospital) e Canada (Douglas Mental Health University Institute, McGill University).",cited page was not read by the fetcher (cannot check)
r051,UNIVERSITA VITA-SALUTE SAN RAFFAELE,partner,Aga Khan University Hospital,https://www.unisr.it/servizi/internazionale,"Per gli studenti dei Corsi di Laurea Magistrale in Medicina e Chirurgia e International MD Program, in particolare negli anni dal terzo al sesto, è possibile svolgere tirocini di tipo osservativo presso istituzioni estere in Europa (vedi e anche in paesi extra Eu come la Nuova Zelanda (University of Otago), Kenya (Aga Khan University Hospital) e Canada (Douglas Mental Health University Institute, McGill University).",cited page was not read by the fetcher (cannot check)
r051,UNIVERSITA VITA-SALUTE SAN RAFFAELE,partner,Douglas Mental Health University Institute,https://www.unisr.it/servizi/internazionale,"Per gli studenti dei Corsi di Laurea Magistrale in Medicina e Chirurgia e International MD Program, in particolare negli anni dal terzo al sesto, è possibile svolgere tirocini di tipo osservativo presso istituzioni estere in Europa (vedi e anche in paesi extra Eu come la Nuova Zelanda (University of Otago), Kenya (Aga Khan University Hospital) e Canada (Douglas Mental Health University Institute, McGill University).",cited page was not read by the fetcher (cannot check)
r051,UNIVERSITA VITA-SALUTE SAN RAFFAELE,partner,McGill University,https://www.unisr.it/servizi/internazionale,"Per gli studenti dei Corsi di Laurea Magistrale in Medicina e Chirurgia e International MD Program, in particolare negli anni dal terzo al sesto, è possibile svolgere tirocini di tipo osservativo presso istituzioni estere in Europa (vedi e anche in paesi extra Eu come la Nuova Zelanda (University of Otago), Kenya (Aga Khan University Hospital) e Canada (Douglas Mental Health University Institute, McGill University).",cited page was not read by the fetcher (cannot check)
r051,UNIVERSITA VITA-SALUTE SAN RAFFAELE,partner,IRCCS Ospedale San Raffaele,https://www.unisr.it/ricerca/partnership-eureka,"Le quattro posizioni – comprensive di tutti i costi associati al corso, all’esame e all’ospitalità a Ortigia (Siracusa) – saranno assegnate a ricercatrici e ricercatori / professoresse associate e professori associati di UniSR oppure a ricercatori post-doc di UniSR e IRCCS Ospedale San Raffaele.",cited page was not read by the fetcher (cannot check)
r051,UNIVERSITA VITA-SALUTE SAN RAFFAELE,partner,VSLO – Visiting Student Learning Opportunities,https://www.unisr.it/servizi/internazionale,"Tra le opportunità più consolidate rientrano gli elective programs offerti da numerose università del Regno Unito, nonché le esperienze attivabili attraverso le piattaforme internazionali VSLO – Visiting Student Learning Opportunities e AMOpportunities, che mettono in contatto gli studenti con ospedali e centri clinici in tutto il mondo.",cited page was not read by the fetcher (cannot check)
r051,UNIVERSITA VITA-SALUTE SAN RAFFAELE,partner,AMOpportunities,https://www.unisr.it/servizi/internazionale,"Tra le opportunità più consolidate rientrano gli elective programs offerti da numerose università del Regno Unito, nonché le esperienze attivabili attraverso le piattaforme internazionali VSLO – Visiting Student Learning Opportunities e AMOpportunities, che mettono in contatto gli studenti con ospedali e centri clinici in tutto il mondo.",cited page was not read by the fetcher (cannot check)
r051,UNIVERSITA VITA-SALUTE SAN RAFFAELE,partner,LIUC Business School,https://www.unisr.it/offerta-formativa/corsi-formazione/strategic-biotech-innovation-management,"Umberto Carlo Restelli, Direttore dell’Osservatorio sulla Value-Based Healthcare presso LIUC Business School.",cited page was not read by the fetcher (cannot check)
r051,UNIVERSITA VITA-SALUTE SAN RAFFAELE,partner,Pharmacon,https://www.unisr.it/offerta-formativa/corsi-formazione/strategic-biotech-innovation-management,"Pier Giorgio Amendola, PhD e Founder & Head of R&D Pharmacon. Advisor in Biotech Innovation and Technology Transfer.",cited page was not read by the fetcher (cannot check)
r051,UNIVERSITA VITA-SALUTE SAN RAFFAELE,campus,Università Vita-Salute San Raffaele,https://www.unisr.it/attachments/Piano-di-Studi_24-CFU_Strategic-Biotech-Innovation-Management-25-26/53625949-8c5a-4034-9108-b58a11c59bb0/795cd095-8a42-4274-be73-5ea3e1dca71c.pdf,Via Olgettina 58 – 20132 Milano,cited page was not read by the fetcher (cannot check)
