row_id,institution,partner_name,partner_country,partner_type,mobility_type,source_url,evidence_quote,confidence,partner_scope,verified,verify_note,scraped_at
r002,HOCHSCHULE KAISERSLAUTERN,National University of General Sarmiento UNGS,Argentinien,university,unknown,https://www.hs-kl.de/international/international-office/partnerhochschulen,National University of General Sarmiento UNGS,0.9,International,yes,quote found on page,2026-10-08T17:46:18Z
r002,HOCHSCHULE KAISERSLAUTERN,National University of the North West of the Province of Buenos Aires,Argentinien,university,unknown,https://www.hs-kl.de/international/international-office/partnerhochschulen,National University of the North West of the Province of Buenos Aires,0.9,International,yes,quote found on page,2026-10-08T17:46:18Z
r002,HOCHSCHULE KAISERSLAUTERN,Universidad Nacional de Rafaela UNRaf,Argentinien,university,unknown,https://www.hs-kl.de/international/international-office/partnerhochschulen,Universidad Nacional de Rafaela UNRaf,0.9,International,yes,quote found on page,2026-10-08T17:46:18Z
r002,HOCHSCHULE KAISERSLAUTERN,Universidad Nacional del Litoral,Argentinien,university,unknown,https://www.hs-kl.de/international/international-office/partnerhochschulen,Universidad Nacional del Litoral,0.9,International,yes,quote found on page,2026-10-08T17:46:18Z
r002,HOCHSCHULE KAISERSLAUTERN,University of the Sunshine Coast USC,Australien,university,unknown,https://www.hs-kl.de/international/international-office/partnerhochschulen,University of the Sunshine Coast USC,0.9,International,yes,quote found on page,2026-10-08T17:46:18Z
r002,HOCHSCHULE KAISERSLAUTERN,EPHEC University College,Belgien,college,unknown,https://www.hs-kl.de/international/international-office/partnerhochschulen,EPHEC University College,0.9,International,yes,quote found on page,2026-10-08T17:46:18Z
r002,HOCHSCHULE KAISERSLAUTERN,Howest Hogeschool,Belgien,college,unknown,https://www.hs-kl.de/international/international-office/partnerhochschulen,Howest Hogeschool,0.9,International,yes,quote found on page,2026-10-08T17:46:18Z
r002,HOCHSCHULE KAISERSLAUTERN,KU Leuven,Belgien,university,unknown,https://www.hs-kl.de/international/international-office/partnerhochschulen,KU Leuven,0.9,International,yes,quote found on page,2026-10-08T17:46:18Z
r002,HOCHSCHULE KAISERSLAUTERN,Thomas Moore Kempen,Belgien,college,unknown,https://www.hs-kl.de/international/international-office/partnerhochschulen,Thomas Moore Kempen,0.9,International,yes,quote found on page,2026-10-08T17:46:18Z
r002,HOCHSCHULE KAISERSLAUTERN,Universiteit Hasselt,Belgien,university,unknown,https://www.hs-kl.de/international/international-office/partnerhochschulen,Universiteit Hasselt,0.9,International,yes,quote found on page,2026-10-08T17:46:18Z
r002,HOCHSCHULE KAISERSLAUTERN,University College Leuven Limburg,Belgien,college,unknown,https://www.hs-kl.de/international/international-office/partnerhochschulen,University College Leuven Limburg,0.9,International,yes,quote found on page,2026-10-08T17:46:18Z
r002,HOCHSCHULE KAISERSLAUTERN,University of Antwerp,Belgien,university,unknown,https://www.hs-kl.de/international/international-office/partnerhochschulen,University of Antwerp,0.9,International,yes,quote found on page,2026-10-08T17:46:18Z
r002,HOCHSCHULE KAISERSLAUTERN,Regional University of Blumenau FURB,Brasilien,university,unknown,https://www.hs-kl.de/international/international-office/partnerhochschulen,Regional University of Blumenau FURB,0.9,International,yes,quote found on page,2026-10-08T17:46:18Z
r002,HOCHSCHULE KAISERSLAUTERN,Technical University Sofia,Bulgarien,university,unknown,https://www.hs-kl.de/international/international-office/partnerhochschulen,Technical University Sofia,0.9,International,yes,quote found on page,2026-10-08T17:46:18Z
r002,HOCHSCHULE KAISERSLAUTERN,University of Shanghai for Science and Technology,China,university,unknown,https://www.hs-kl.de/international/international-office/partnerhochschulen,University of Shanghai for Science and Technology,0.9,International,yes,quote found on page,2026-10-08T17:46:18Z
r002,HOCHSCHULE KAISERSLAUTERN,IBA Erhvervsakademi Kolding,Dänemark,college,unknown,https://www.hs-kl.de/international/international-office/partnerhochschulen,IBA Erhvervsakademi Kolding,0.9,International,yes,quote found on page,2026-10-08T17:46:18Z
r002,HOCHSCHULE KAISERSLAUTERN,Satakunta University of Applied Sciences,Finnland,university,unknown,https://www.hs-kl.de/international/international-office/partnerhochschulen,Satakunta University of Applied Sciences,0.9,International,yes,quote found on page,2026-10-08T17:46:18Z
r002,HOCHSCHULE KAISERSLAUTERN,Turku University of Applied Sciences,Finnland,university,unknown,https://www.hs-kl.de/international/international-office/partnerhochschulen,Turku University of Applied Sciences,0.9,International,yes,quote found on page,2026-10-08T17:46:18Z
r002,HOCHSCHULE KAISERSLAUTERN,Ecole Superieure Architecture Intérieure Lyon,Frankreich,other,unknown,https://www.hs-kl.de/international/international-office/partnerhochschulen,Ecole Superieure Architecture Intérieure Lyon,0.9,International,yes,quote found on page,2026-10-08T17:46:18Z
r002,HOCHSCHULE KAISERSLAUTERN,Esaat Roubaix,Frankreich,other,unknown,https://www.hs-kl.de/international/international-office/partnerhochschulen,Esaat Roubaix,0.9,International,yes,quote found on page,2026-10-08T17:46:18Z
r002,HOCHSCHULE KAISERSLAUTERN,ICAM Strasbourg-Europe,Frankreich,other,unknown,https://www.hs-kl.de/international/international-office/partnerhochschulen,ICAM Strasbourg-Europe,0.9,International,yes,quote found on page,2026-10-08T17:46:18Z
r002,HOCHSCHULE KAISERSLAUTERN,IMT Mines Albi,Frankreich,other,unknown,https://www.hs-kl.de/international/international-office/partnerhochschulen,IMT Mines Albi,0.9,International,yes,quote found on page,2026-10-08T17:46:18Z
r002,HOCHSCHULE KAISERSLAUTERN,Université d´Artois,Frankreich,university,unknown,https://www.hs-kl.de/international/international-office/partnerhochschulen,Université d´Artois,0.9,International,yes,quote found on page,2026-10-08T17:46:18Z
r002,HOCHSCHULE KAISERSLAUTERN,Université de Lorraine,Frankreich,university,unknown,https://www.hs-kl.de/international/international-office/partnerhochschulen,Université de Lorraine,0.9,International,yes,quote found on page,2026-10-08T17:46:18Z
r002,HOCHSCHULE KAISERSLAUTERN,Université Montpellier2,Frankreich,university,unknown,https://www.hs-kl.de/international/international-office/partnerhochschulen,Université Montpellier2,0.9,International,yes,quote found on page,2026-10-08T17:46:18Z
r002,HOCHSCHULE KAISERSLAUTERN,Université Savoie Mont Blanc,Frankreich,university,unknown,https://www.hs-kl.de/international/international-office/partnerhochschulen,Université Savoie Mont Blanc,0.9,International,yes,quote found on page,2026-10-08T17:46:18Z
r002,HOCHSCHULE KAISERSLAUTERN,Université Sorbonne Paris Nord,Frankreich,university,unknown,https://www.hs-kl.de/international/international-office/partnerhochschulen,Université Sorbonne Paris Nord,0.9,International,yes,quote found on page,2026-10-08T17:46:18Z
r002,HOCHSCHULE KAISERSLAUTERN,Aristotle University of Thessaloniki,Griechenland,university,unknown,https://www.hs-kl.de/international/international-office/partnerhochschulen,Aristotle University of Thessaloniki,0.9,International,yes,quote found on page,2026-10-08T17:46:18Z
r002,HOCHSCHULE KAISERSLAUTERN,International Hellenic University,Griechenland,university,unknown,https://www.hs-kl.de/international/international-office/partnerhochschulen,International Hellenic University,0.9,International,yes,quote found on page,2026-10-08T17:46:18Z
r002,HOCHSCHULE KAISERSLAUTERN,University of West Attica,Griechenland,university,unknown,https://www.hs-kl.de/international/international-office/partnerhochschulen,University of West Attica,0.9,International,yes,quote found on page,2026-10-08T17:46:18Z
r002,HOCHSCHULE KAISERSLAUTERN,Northumbria University,Großbritannien,university,unknown,https://www.hs-kl.de/international/international-office/partnerhochschulen,Northumbria University,0.9,International,yes,quote found on page,2026-10-08T17:46:18Z
r002,HOCHSCHULE KAISERSLAUTERN,Parul University Vadodara,Indien,university,unknown,https://www.hs-kl.de/international/international-office/partnerhochschulen,Parul University Vadodara,0.9,International,yes,quote found on page,2026-10-08T17:46:18Z
r002,HOCHSCHULE KAISERSLAUTERN,Presidency University Bengaluru,Indien,university,unknown,https://www.hs-kl.de/international/international-office/partnerhochschulen,Presidency University Bengaluru,0.9,International,yes,quote found on page,2026-10-08T17:46:18Z
r002,HOCHSCHULE KAISERSLAUTERN,Hasanuddin University UNHAS,Indonesien,university,unknown,https://www.hs-kl.de/international/international-office/partnerhochschulen,Hasanuddin University UNHAS,0.9,International,yes,quote found on page,2026-10-08T17:46:18Z
r002,HOCHSCHULE KAISERSLAUTERN,Munster Technological University MTU,Irland,university,unknown,https://www.hs-kl.de/international/international-office/partnerhochschulen,Munster Technological University MTU,0.9,International,yes,quote found on page,2026-10-08T17:46:18Z
r002,HOCHSCHULE KAISERSLAUTERN,College of Management Academic Studies (COLMAN),Israel,college,unknown,https://www.hs-kl.de/international/international-office/partnerhochschulen,College of Management Academic Studies (COLMAN),0.9,International,yes,quote found on page,2026-10-08T17:46:18Z
r002,HOCHSCHULE KAISERSLAUTERN,MTA Academic College of Tel Aviv-Yaffo,Israel,college,unknown,https://www.hs-kl.de/international/international-office/partnerhochschulen,MTA Academic College of Tel Aviv-Yaffo,0.9,International,yes,quote found on page,2026-10-08T17:46:18Z
r002,HOCHSCHULE KAISERSLAUTERN,"Università degli Studi ""G. d'Annunzio"" Chieti-Pescara",Italien,university,unknown,https://www.hs-kl.de/international/international-office/partnerhochschulen,"Università degli Studi ""G. d'Annunzio"" Chieti-Pescara",0.9,International,yes,quote found on page,2026-10-08T17:46:18Z
r002,HOCHSCHULE KAISERSLAUTERN,Università Politecnica delle Marche,Italien,university,unknown,https://www.hs-kl.de/international/international-office/partnerhochschulen,Università Politecnica delle Marche,0.9,International,yes,quote found on page,2026-10-08T17:46:18Z
r002,HOCHSCHULE KAISERSLAUTERN,University of Padua,Italien,university,unknown,https://www.hs-kl.de/international/international-office/partnerhochschulen,University of Padua,0.9,International,yes,quote found on page,2026-10-08T17:46:18Z
r002,HOCHSCHULE KAISERSLAUTERN,Vancouver Island University,Kanada,university,unknown,https://www.hs-kl.de/international/international-office/partnerhochschulen,Vancouver Island University,0.9,International,yes,quote found on page,2026-10-08T17:46:18Z
r002,HOCHSCHULE KAISERSLAUTERN,Sogang University,Korea,university,unknown,https://www.hs-kl.de/international/international-office/partnerhochschulen,Sogang University,0.9,International,yes,quote found on page,2026-10-08T17:46:18Z
r002,HOCHSCHULE KAISERSLAUTERN,Soongsil University,Korea,university,unknown,https://www.hs-kl.de/international/international-office/partnerhochschulen,Soongsil University,0.9,International,yes,quote found on page,2026-10-08T17:46:18Z
r002,HOCHSCHULE KAISERSLAUTERN,University of Split - Institute of Professional Studies,Kroatien,university,unknown,https://www.hs-kl.de/international/international-office/partnerhochschulen,University of Split - Institute of Professional Studies,0.9,International,yes,quote found on page,2026-10-08T17:46:18Z
r002,HOCHSCHULE KAISERSLAUTERN,Virovitica College,Kroatien,college,unknown,https://www.hs-kl.de/international/international-office/partnerhochschulen,Virovitica College,0.9,International,yes,quote found on page,2026-10-08T17:46:18Z
r002,HOCHSCHULE KAISERSLAUTERN,BA School of Business and Finance (Banku Augstskola),Lettland,college,unknown,https://www.hs-kl.de/international/international-office/partnerhochschulen,BA School of Business and Finance (Banku Augstskola),0.9,International,yes,quote found on page,2026-10-08T17:46:18Z
r002,HOCHSCHULE KAISERSLAUTERN,Riga Technical University,Lettland,university,unknown,https://www.hs-kl.de/international/international-office/partnerhochschulen,Riga Technical University,0.9,International,yes,quote found on page,2026-10-08T17:46:18Z
r002,HOCHSCHULE KAISERSLAUTERN,Ventspils University College,Lettland,college,unknown,https://www.hs-kl.de/international/international-office/partnerhochschulen,Ventspils University College,0.9,International,yes,quote found on page,2026-10-08T17:46:18Z
r002,HOCHSCHULE KAISERSLAUTERN,Lithuania Business University of Applied Sciences,Litauen,college,unknown,https://www.hs-kl.de/international/international-office/partnerhochschulen,Lithuania Business University of Applied Sciences,0.9,International,yes,quote found on page,2026-10-08T17:46:18Z
r002,HOCHSCHULE KAISERSLAUTERN,Vilniaus Kolegija University of Applied Sciences,Litauen,college,unknown,https://www.hs-kl.de/international/international-office/partnerhochschulen,Vilniaus Kolegija University of Applied Sciences,0.9,International,yes,quote found on page,2026-10-08T17:46:18Z
r002,HOCHSCHULE KAISERSLAUTERN,Vilnius Tech,Litauen,university,unknown,https://www.hs-kl.de/international/international-office/partnerhochschulen,Vilnius Tech,0.9,International,yes,quote found on page,2026-10-08T17:46:18Z
r002,HOCHSCHULE KAISERSLAUTERN,University of Luxembourg,Luxemburg,university,unknown,https://www.hs-kl.de/international/international-office/partnerhochschulen,University of Luxembourg,0.9,International,yes,quote found on page,2026-10-08T17:46:18Z
r002,HOCHSCHULE KAISERSLAUTERN,Universiti Teknologi Petronas UTP,Malaysia,university,unknown,https://www.hs-kl.de/international/international-office/partnerhochschulen,Universiti Teknologi Petronas UTP,0.9,International,yes,quote found on page,2026-10-08T17:46:18Z
r002,HOCHSCHULE KAISERSLAUTERN,Avans University of Applied Sciences,Niederlande,university,unknown,https://www.hs-kl.de/international/international-office/partnerhochschulen,Avans University of Applied Sciences,0.9,International,yes,quote found on page,2026-10-08T17:46:18Z
r002,HOCHSCHULE KAISERSLAUTERN,HU University of Applied Sciences Utrecht,Niederlande,university,unknown,https://www.hs-kl.de/international/international-office/partnerhochschulen,HU University of Applied Sciences Utrecht,0.9,International,yes,quote found on page,2026-10-08T17:46:18Z
r002,HOCHSCHULE KAISERSLAUTERN,Windesheim University of Applied Sciences,Niederlande,university,unknown,https://www.hs-kl.de/international/international-office/partnerhochschulen,Windesheim University of Applied Sciences,0.9,International,yes,quote found on page,2026-10-08T17:46:18Z
r002,HOCHSCHULE KAISERSLAUTERN,Nord Universitet,Norwegen,university,unknown,https://www.hs-kl.de/international/international-office/partnerhochschulen,Nord Universitet,0.9,International,yes,quote found on page,2026-10-08T17:46:18Z
r002,HOCHSCHULE KAISERSLAUTERN,CU Carinthia UAS / Hochschule Kärnten,Österreich,university,unknown,https://www.hs-kl.de/international/international-office/partnerhochschulen,CU Carinthia UAS / Hochschule Kärnten,0.9,International,yes,quote found on page,2026-10-08T17:46:18Z
r002,HOCHSCHULE KAISERSLAUTERN,FH Campus Wien,Österreich,university,unknown,https://www.hs-kl.de/international/international-office/partnerhochschulen,FH Campus Wien,0.9,International,yes,quote found on page,2026-10-08T17:46:18Z
r002,HOCHSCHULE KAISERSLAUTERN,FH Technikum Wien,Österreich,university,unknown,https://www.hs-kl.de/international/international-office/partnerhochschulen,FH Technikum Wien,0.9,International,yes,quote found on page,2026-10-08T17:46:18Z
r002,HOCHSCHULE KAISERSLAUTERN,Montanuniversität Leoben,Österreich,university,unknown,https://www.hs-kl.de/international/international-office/partnerhochschulen,Montanuniversität Leoben,0.9,International,yes,quote found on page,2026-10-08T17:46:18Z
r002,HOCHSCHULE KAISERSLAUTERN,AGH Krakau,Polen,university,unknown,https://www.hs-kl.de/international/international-office/partnerhochschulen,AGH Krakau,0.9,International,yes,quote found on page,2026-10-08T17:46:18Z
r002,HOCHSCHULE KAISERSLAUTERN,Cracow University of Technology,Polen,university,unknown,https://www.hs-kl.de/international/international-office/partnerhochschulen,Cracow University of Technology,0.9,International,yes,quote found on page,2026-10-08T17:46:18Z
r002,HOCHSCHULE KAISERSLAUTERN,Opole University of Technology (Politechnika Opolska),Polen,university,unknown,https://www.hs-kl.de/international/international-office/partnerhochschulen,Opole University of Technology (Politechnika Opolska),0.9,International,yes,quote found on page,2026-10-08T17:46:18Z
r002,HOCHSCHULE KAISERSLAUTERN,Rzeszów University of Technology,Polen,university,unknown,https://www.hs-kl.de/international/international-office/partnerhochschulen,Rzeszów University of Technology,0.9,International,yes,quote found on page,2026-10-08T17:46:18Z
r002,HOCHSCHULE KAISERSLAUTERN,Wroclaw University of Science and Technology,Polen,university,unknown,https://www.hs-kl.de/international/international-office/partnerhochschulen,Wroclaw University of Science and Technology,0.9,International,yes,quote found on page,2026-10-08T17:46:18Z
r002,HOCHSCHULE KAISERSLAUTERN,WSB Merito University Wroclaw,Polen,university,unknown,https://www.hs-kl.de/international/international-office/partnerhochschulen,WSB Merito University Wroclaw,0.9,International,yes,quote found on page,2026-10-08T17:46:18Z
r002,HOCHSCHULE KAISERSLAUTERN,ISAG European Business School,Portugal,other,unknown,https://www.hs-kl.de/international/international-office/partnerhochschulen,ISAG European Business School,0.9,International,yes,quote found on page,2026-10-08T17:46:18Z
r002,HOCHSCHULE KAISERSLAUTERN,Polytechnic of Setúbal,Portugal,university,unknown,https://www.hs-kl.de/international/international-office/partnerhochschulen,Polytechnic of Setúbal,0.9,International,yes,quote found on page,2026-10-08T17:46:18Z
r002,HOCHSCHULE KAISERSLAUTERN,Universidade NOVA de Lisboa,Portugal,university,unknown,https://www.hs-kl.de/international/international-office/partnerhochschulen,Universidade NOVA de Lisboa,0.9,International,yes,quote found on page,2026-10-08T17:46:18Z
r002,HOCHSCHULE KAISERSLAUTERN,Technical University of Cluj-Napoca,Rumänien,university,unknown,https://www.hs-kl.de/international/international-office/partnerhochschulen,Technical University of Cluj-Napoca,0.9,International,yes,quote found on page,2026-10-08T17:46:18Z
r002,HOCHSCHULE KAISERSLAUTERN,UBB Babeș-Bolyai University,Rumänien,university,unknown,https://www.hs-kl.de/international/international-office/partnerhochschulen,UBB Babeș-Bolyai University,0.9,International,yes,quote found on page,2026-10-08T17:46:18Z
r002,HOCHSCHULE KAISERSLAUTERN,Universitatea de Vest din Timisoara (West University),Rumänien,university,unknown,https://www.hs-kl.de/international/international-office/partnerhochschulen,Universitatea de Vest din Timisoara (West University),0.9,International,yes,quote found on page,2026-10-08T17:46:18Z
r002,HOCHSCHULE KAISERSLAUTERN,UNSTPB University Politechnica Bucharest,Rumänien,university,unknown,https://www.hs-kl.de/international/international-office/partnerhochschulen,UNSTPB University Politehnica Bucharest,0.9,International,yes,quote found on page,2026-10-08T17:46:18Z
r002,HOCHSCHULE KAISERSLAUTERN,Dalarna University,Schweden,university,unknown,https://www.hs-kl.de/international/international-office/partnerhochschulen,Dalarna University,0.9,International,yes,quote found on page,2026-10-08T17:46:18Z
r002,HOCHSCHULE KAISERSLAUTERN,University of Boras,Schweden,university,unknown,https://www.hs-kl.de/international/international-office/partnerhochschulen,University of Boras,0.9,International,yes,quote found on page,2026-10-08T17:46:18Z
r002,HOCHSCHULE KAISERSLAUTERN,University West,Schweden,university,unknown,https://www.hs-kl.de/international/international-office/partnerhochschulen,University West,0.9,International,yes,quote found on page,2026-10-08T17:46:18Z
r002,HOCHSCHULE KAISERSLAUTERN,University of Maribor,Slowenien,university,unknown,https://www.hs-kl.de/international/international-office/partnerhochschulen,University of Maribor,0.9,International,yes,quote found on page,2026-10-08T17:46:18Z
r002,HOCHSCHULE KAISERSLAUTERN,ESDi - University Ramón Llull,Spanien,university,unknown,https://www.hs-kl.de/international/international-office/partnerhochschulen,ESDi - University Ramón Llull,0.9,International,yes,quote found on page,2026-10-08T17:46:18Z
r002,HOCHSCHULE KAISERSLAUTERN,Florida Universitaria,Spanien,university,unknown,https://www.hs-kl.de/international/international-office/partnerhochschulen,Florida Universitaria,0.9,International,yes,quote found on page,2026-10-08T17:46:18Z
r002,HOCHSCHULE KAISERSLAUTERN,LCI Barcelona,Spanien,other,unknown,https://www.hs-kl.de/international/international-office/partnerhochschulen,LCI Barcelona,0.9,International,yes,quote found on page,2026-10-08T17:46:18Z
r002,HOCHSCHULE KAISERSLAUTERN,Universidad Católica San Antonio de Murcia,Spanien,university,unknown,https://www.hs-kl.de/international/international-office/partnerhochschulen,Universidad Católica San Antonio de Murcia,0.9,International,yes,quote found on page,2026-10-08T17:46:18Z
r002,HOCHSCHULE KAISERSLAUTERN,Universidad de la Rioja,Spanien,university,unknown,https://www.hs-kl.de/international/international-office/partnerhochschulen,Universidad de la Rioja,0.9,International,yes,quote found on page,2026-10-08T17:46:18Z
r002,HOCHSCHULE KAISERSLAUTERN,Universitat de Girona,Spanien,university,unknown,https://www.hs-kl.de/international/international-office/partnerhochschulen,Universitat de Girona,0.9,International,yes,quote found on page,2026-10-08T17:46:18Z
r002,HOCHSCHULE KAISERSLAUTERN,Universitat International de Catalunya,Spanien,university,unknown,https://www.hs-kl.de/international/international-office/partnerhochschulen,Universitat International de Catalunya,0.9,International,yes,quote found on page,2026-10-08T17:46:18Z
r002,HOCHSCHULE KAISERSLAUTERN,Universitat Politècnica de Valencia,Spanien,university,unknown,https://www.hs-kl.de/international/international-office/partnerhochschulen,Universitat Politècnica de Valencia,0.9,International,yes,quote found on page,2026-10-08T17:46:18Z
r002,HOCHSCHULE KAISERSLAUTERN,Universitat Polytècnica de Catalunya / EEBE School of Engineering,Spanien,university,unknown,https://www.hs-kl.de/international/international-office/partnerhochschulen,Universitat Polytècnica de Catalunya / EEBE School of Engineering,0.9,International,yes,quote found on page,2026-10-08T17:46:18Z
r002,HOCHSCHULE KAISERSLAUTERN,University of Alcalá,Spanien,university,unknown,https://www.hs-kl.de/international/international-office/partnerhochschulen,University of Alcalá,0.9,International,yes,quote found on page,2026-10-08T17:46:18Z
r002,HOCHSCHULE KAISERSLAUTERN,University of Jaén,Spanien,university,unknown,https://www.hs-kl.de/international/international-office/partnerhochschulen,University of Jaén,0.9,International,yes,quote found on page,2026-10-08T17:46:18Z
r002,HOCHSCHULE KAISERSLAUTERN,University of the Basque Country,Spanien,university,unknown,https://www.hs-kl.de/international/international-office/partnerhochschulen,University of the Basque Country,0.9,International,yes,quote found on page,2026-10-08T17:46:18Z
r002,HOCHSCHULE KAISERSLAUTERN,University of the Basque County,Spanien,university,unknown,https://www.hs-kl.de/international/international-office/partnerhochschulen,University of the Basque County,0.9,International,yes,quote found on page,2026-10-08T17:46:18Z
r002,HOCHSCHULE KAISERSLAUTERN,University of Valladolid,Spanien,university,unknown,https://www.hs-kl.de/international/international-office/partnerhochschulen,University of Valladolid,0.9,International,yes,quote found on page,2026-10-08T17:46:18Z
r002,HOCHSCHULE KAISERSLAUTERN,National Taipei University of Business,Taiwan,university,unknown,https://www.hs-kl.de/international/international-office/partnerhochschulen,National Taipei University of Business,0.9,International,yes,quote found on page,2026-10-08T17:46:18Z
r002,HOCHSCHULE KAISERSLAUTERN,National Taiwan University of Science and Technology,Taiwan,university,unknown,https://www.hs-kl.de/international/international-office/partnerhochschulen,National Taiwan University of Science and Technology,0.9,International,yes,quote found on page,2026-10-08T17:46:18Z
r002,HOCHSCHULE KAISERSLAUTERN,College of Polytechnics Jihlava,Tschechische Rep.,college,unknown,https://www.hs-kl.de/international/international-office/partnerhochschulen,College of Polytechnics Jihlava,0.9,International,yes,quote found on page,2026-10-08T17:46:18Z
r002,HOCHSCHULE KAISERSLAUTERN,Czech University of Life Sciences Prague,Tschechische Rep.,university,unknown,https://www.hs-kl.de/international/international-office/partnerhochschulen,Czech University of Life Sciences Prague,0.9,International,yes,quote found on page,2026-10-08T17:46:18Z
r002,HOCHSCHULE KAISERSLAUTERN,Institute of Technology and Business,Tschechische Rep.,university,unknown,https://www.hs-kl.de/international/international-office/partnerhochschulen,Institute of Technology and Business,0.9,International,yes,quote found on page,2026-10-08T17:46:18Z
r002,HOCHSCHULE KAISERSLAUTERN,Technical University of Liberec,Tschechische Rep.,university,unknown,https://www.hs-kl.de/international/international-office/partnerhochschulen,Technical University of Liberec,0.9,International,yes,quote found on page,2026-10-08T17:46:18Z
r002,HOCHSCHULE KAISERSLAUTERN,Tomas Bata University in Zlin,Tschechische Rep.,university,unknown,https://www.hs-kl.de/international/international-office/partnerhochschulen,Tomas Bata University in Zlin,0.9,International,yes,quote found on page,2026-10-08T17:46:18Z
r002,HOCHSCHULE KAISERSLAUTERN,Dokuz Eylul Universitesi,Türkei,university,unknown,https://www.hs-kl.de/international/international-office/partnerhochschulen,Dokuz Eylul Universitesi,0.9,International,yes,quote found on page,2026-10-08T17:46:18Z
r002,HOCHSCHULE KAISERSLAUTERN,Marmara University,Türkei,university,unknown,https://www.hs-kl.de/international/international-office/partnerhochschulen,Marmara University,0.9,International,yes,quote found on page,2026-10-08T17:46:18Z
r002,HOCHSCHULE KAISERSLAUTERN,Yildiz Technical University,Türkei,university,unknown,https://www.hs-kl.de/international/international-office/partnerhochschulen,Yildiz Technical University,0.9,International,yes,quote found on page,2026-10-08T17:46:18Z
r002,HOCHSCHULE KAISERSLAUTERN,Kiewer Nationale Transport Universität,Ukraine,university,unknown,https://www.hs-kl.de/international/international-office/partnerhochschulen,Kiewer Nationale Transport Universität,0.9,International,yes,quote found on page,2026-10-08T17:46:18Z
r002,HOCHSCHULE KAISERSLAUTERN,Kiewer Nationale Universität für Technologie und Design,Ukraine,university,unknown,https://www.hs-kl.de/international/international-office/partnerhochschulen,Kiewer Nationale Universität für Technologie und Design,0.9,International,yes,quote found on page,2026-10-08T17:46:18Z
r002,HOCHSCHULE KAISERSLAUTERN,National Technical University of Ukraine,Ukraine,university,unknown,https://www.hs-kl.de/international/international-office/partnerhochschulen,National Technical University of Ukraine,0.9,International,yes,quote found on page,2026-10-08T17:46:18Z
r002,HOCHSCHULE KAISERSLAUTERN,Nationale Polytechnische Universität Odessa,Ukraine,university,unknown,https://www.hs-kl.de/international/international-office/partnerhochschulen,Nationale Polytechnische Universität Odessa,0.9,International,yes,quote found on page,2026-10-08T17:46:18Z
r002,HOCHSCHULE KAISERSLAUTERN,Budapest University of Technology and Economics,Ungarn,university,unknown,https://www.hs-kl.de/international/international-office/partnerhochschulen,Budapest University of Technology and Economics,0.9,International,yes,quote found on page,2026-10-08T17:46:18Z
r002,HOCHSCHULE KAISERSLAUTERN,BUEB Budapest University of Economics and Business,Ungarn,university,unknown,https://www.hs-kl.de/international/international-office/partnerhochschulen,BUEB Budapest University of Economics and Business,0.9,International,yes,quote found on page,2026-10-08T17:46:18Z
r002,HOCHSCHULE KAISERSLAUTERN,Obuda University,Ungarn,university,unknown,https://www.hs-kl.de/international/international-office/partnerhochschulen,Obuda University,0.9,International,yes,quote found on page,2026-10-08T17:46:18Z
r002,HOCHSCHULE KAISERSLAUTERN,Clemson University,Vereinigte Staaten,university,unknown,https://www.hs-kl.de/international/international-office/partnerhochschulen,Clemson University,0.9,International,yes,quote found on page,2026-10-08T17:46:18Z
r002,HOCHSCHULE KAISERSLAUTERN,University of the Incarnate Word,Vereinigte Staaten,university,unknown,https://www.hs-kl.de/international/international-office/partnerhochschulen,University of the Incarnate Word,0.9,International,yes,quote found on page,2026-10-08T17:46:18Z
r002,HOCHSCHULE KAISERSLAUTERN,Westcliff University,Vereinigte Staaten,university,unknown,https://www.hs-kl.de/international/international-office/partnerhochschulen,Westcliff University,0.9,International,yes,quote found on page,2026-10-08T17:46:18Z
r002,HOCHSCHULE KAISERSLAUTERN,Westcliff Unversity,Vereinigte Staaten,university,unknown,https://www.hs-kl.de/international/international-office/partnerhochschulen,Westcliff Unversity,0.9,International,yes,quote found on page,2026-10-08T17:46:18Z
r002,HOCHSCHULE KAISERSLAUTERN,European University Cyprus,Zypern,university,unknown,https://www.hs-kl.de/international/international-office/partnerhochschulen,European University Cyprus,0.9,International,yes,quote found on page,2026-10-08T17:46:18Z
r002,HOCHSCHULE KAISERSLAUTERN,University of Cyprus,Zypern,university,unknown,https://www.hs-kl.de/international/international-office/partnerhochschulen,University of Cyprus,0.9,International,yes,quote found on page,2026-10-08T17:46:18Z
r002,HOCHSCHULE KAISERSLAUTERN,Hochschule Fulda,Germany,university,unknown,https://www.hs-kl.de/,"Öffentlicher Abendvortrag von Prof. Dr. Sascha Skorupka, Professor für Physik und Technik, Hochschule Fulda",0.9,National,yes,quote found on page,2026-10-08T17:46:18Z
r002,HOCHSCHULE KAISERSLAUTERN,Bundesministerium für Bildung und Forschung,Germany,other,unknown,https://www.hs-kl.de/,[Deutschland Stipendium] Bundesministerium für Bildung und Forschung,0.9,National,yes,quote found on page,2026-10-08T17:46:18Z
r002,HOCHSCHULE KAISERSLAUTERN,Europäische Union,European Union,other,unknown,https://www.hs-kl.de/,[Emblem Europäische Union]gefördert durch die Europäische Union,0.9,International,yes,quote found on page,2026-10-08T17:46:18Z
r002,HOCHSCHULE KAISERSLAUTERN,Land Rheinland-Pfalz,Germany,other,unknown,https://www.hs-kl.de/,[Emblem Rheinland-Pfalz]gefördert durch das Land Rheinland-Pfalz,0.9,National,yes,quote found on page,2026-10-08T17:46:18Z
r002,HOCHSCHULE KAISERSLAUTERN,Bund,Germany,other,unknown,https://www.hs-kl.de/,[Logo Innovative Hochschule]Innovative Hochschule - Eine gemeinsame Initiative von Bund und Ländern,0.9,National,yes,quote found on page,2026-10-08T17:46:18Z
r002,HOCHSCHULE KAISERSLAUTERN,Länder,Germany,other,unknown,https://www.hs-kl.de/,[Logo Innovative Hochschule]Innovative Hochschule - Eine gemeinsame Initiative von Bund und Ländern,0.9,National,yes,quote found on page,2026-10-08T17:46:18Z
r002,HOCHSCHULE KAISERSLAUTERN,UNSTPB University Politehnica Bucharest,Romania,university,unknown,https://www.hs-kl.de/international/international-office/partnerhochschulen,UNSTPB University Politehnica Bucharest,0.9,International,yes,quote found on page,2026-10-08T17:46:18Z
r003,University of Europe for Applied Sciences GmbH,Borussia Dortmund,Germany,other,unknown,https://www.ue-germany.com/,"Since 1 July 2022, the University of Europe for Applied Sciences has been the first official university partner of one of the most renowned German football clubs in the world: Borussia Dortmund. In addition to exclusive guest lectures and sporting events with BVB employees and BVB legends, the highlight of the cooperation is a BVB scholarship that covers 100% of the tuition fees. The official start of the cooperation was celebrated at the UE Sports Day at the Sports and Entrepreneurship Campus i",0.9,National,yes,quote found on page,2026-10-08T17:44:28Z
r003,University of Europe for Applied Sciences GmbH,Canon,unknown,company,unknown,https://www.ue-germany.com/,[Canon Logo],0.9,Unknown,yes,quote found on page,2026-10-08T17:44:28Z
r003,University of Europe for Applied Sciences GmbH,Merck,unknown,company,unknown,https://www.ue-germany.com/,[UE Germany Cooperation Partner - Merck],0.9,Unknown,yes,quote found on page,2026-10-08T17:44:28Z
r003,University of Europe for Applied Sciences GmbH,RTL,unknown,company,unknown,https://www.ue-germany.com/,[UE Germany Cooperation Partners - RTL],0.9,Unknown,yes,quote found on page,2026-10-08T17:44:28Z
r003,University of Europe for Applied Sciences GmbH,DHL,unknown,company,unknown,https://www.ue-germany.com/,[DHL Logo],0.9,Unknown,yes,quote found on page,2026-10-08T17:44:28Z
r003,University of Europe for Applied Sciences GmbH,Axel Springer,unknown,company,unknown,https://www.ue-germany.com/,[axel springer logo],0.9,Unknown,yes,quote found on page,2026-10-08T17:44:28Z
r003,University of Europe for Applied Sciences GmbH,BASF,unknown,company,unknown,https://www.ue-germany.com/,[UE Germany Cooperation Partners - BASF],0.9,Unknown,yes,quote found on page,2026-10-08T17:44:28Z
r003,University of Europe for Applied Sciences GmbH,Reporters without Borders,unknown,other,unknown,https://www.ue-germany.com/,[Celebrating Reporters without Borders for Press Freedom],0.9,Unknown,yes,quote found on page,2026-10-08T17:44:28Z
r003,University of Europe for Applied Sciences GmbH,Berlin Partner Network,Germany,network,unknown,https://www.ue-germany.com/programmes/dual/cooperation-partner,[UE is an official partner of Berlin Partner Network],0.9,National,yes,quote found on page,2026-10-08T17:44:28Z
r003,University of Europe for Applied Sciences GmbH,UI Path,unknown,company,unknown,https://www.ue-germany.com/programmes/dual/cooperation-partner,[UI Path],0.9,Unknown,yes,quote found on page,2026-10-08T17:44:28Z
r003,University of Europe for Applied Sciences GmbH,Alba Berlin,Germany,other,unknown,https://www.ue-germany.com/programmes/dual/cooperation-partner,[Alba Berlin],0.9,National,yes,quote found on page,2026-10-08T17:44:28Z
r003,University of Europe for Applied Sciences GmbH,Adesso,unknown,company,unknown,https://www.ue-germany.com/programmes/dual/cooperation-partner,[Adesso],0.9,Unknown,yes,quote found on page,2026-10-08T17:44:28Z
r003,University of Europe for Applied Sciences GmbH,Flying Steps,unknown,company,unknown,https://www.ue-germany.com/programmes/dual/cooperation-partner,[Flying Steps Logo],0.9,Unknown,yes,quote found on page,2026-10-08T17:44:28Z
r003,University of Europe for Applied Sciences GmbH,OMMAX,unknown,company,unknown,https://www.ue-germany.com/programmes/dual/cooperation-partner,[OMMAX],0.9,Unknown,yes,quote found on page,2026-10-08T17:44:28Z
r003,University of Europe for Applied Sciences GmbH,WAELZHOLZ,unknown,company,unknown,https://www.ue-germany.com/programmes/dual/cooperation-partner,[WAELZHOLZ],0.9,Unknown,yes,quote found on page,2026-10-08T17:44:28Z
r003,University of Europe for Applied Sciences GmbH,SAP,unknown,company,unknown,https://www.ue-germany.com/about-us/corporate-partners,SAP,0.9,Unknown,yes,quote found on page,2026-10-08T17:44:28Z
r003,University of Europe for Applied Sciences GmbH,Aroundtown,unknown,company,unknown,https://www.ue-germany.com/about-us/corporate-partners,Aroundtown,0.9,Unknown,yes,quote found on page,2026-10-08T17:44:28Z
r003,University of Europe for Applied Sciences GmbH,BDE (Berlin Design Events),Germany,network,unknown,https://www.ue-germany.com/about-us/corporate-partners,BDE (Berlin Design Events),0.9,National,yes,quote found on page,2026-10-08T17:44:28Z
r003,University of Europe for Applied Sciences GmbH,G2 ESPORTS,unknown,company,unknown,https://www.ue-germany.com/about-us/corporate-partners,G2 ESPORTS,0.9,Unknown,yes,quote found on page,2026-10-08T17:44:28Z
r003,University of Europe for Applied Sciences GmbH,HORBACH,unknown,company,unknown,https://www.ue-germany.com/about-us/corporate-partners,HORBACH,0.9,Unknown,yes,quote found on page,2026-10-08T17:44:28Z
r003,University of Europe for Applied Sciences GmbH,Lovehoney Group,unknown,company,unknown,https://www.ue-germany.com/about-us/corporate-partners,Lovehoney Group,0.9,Unknown,yes,quote found on page,2026-10-08T17:44:28Z
r003,University of Europe for Applied Sciences GmbH,JobTeaser,unknown,company,unknown,https://www.ue-germany.com/about-us/corporate-partners,JobTeaser,0.9,Unknown,yes,quote found on page,2026-10-08T17:44:28Z
r003,University of Europe for Applied Sciences GmbH,Phaidon International,unknown,company,unknown,https://www.ue-germany.com/about-us/corporate-partners,Phaidon International,0.9,Unknown,yes,quote found on page,2026-10-08T17:44:28Z
r003,University of Europe for Applied Sciences GmbH,Moovijob.com,Luxembourg,company,unknown,https://www.ue-germany.com/about-us/corporate-partners,Moovijob.com,0.9,International,yes,quote found on page,2026-10-08T17:44:28Z
r003,University of Europe for Applied Sciences GmbH,Odoo,unknown,company,unknown,https://www.ue-germany.com/about-us/corporate-partners,Odoo,0.9,Unknown,yes,quote found on page,2026-10-08T17:44:28Z
r003,University of Europe for Applied Sciences GmbH,Statista,unknown,company,unknown,https://www.ue-germany.com/about-us/corporate-partners,Statista,0.9,Unknown,yes,quote found on page,2026-10-08T17:44:28Z
r003,University of Europe for Applied Sciences GmbH,Wooga,unknown,company,unknown,https://www.ue-germany.com/about-us/corporate-partners,Wooga,0.9,Unknown,yes,quote found on page,2026-10-08T17:44:28Z
r003,University of Europe for Applied Sciences GmbH,Xcellent-Talents,unknown,company,unknown,https://www.ue-germany.com/about-us/corporate-partners,Xcellent-Talents,0.9,Unknown,yes,quote found on page,2026-10-08T17:44:28Z
r003,University of Europe for Applied Sciences GmbH,Ventura Travel,unknown,company,unknown,https://www.ue-germany.com/about-us/corporate-partners,Ventura Travel,0.9,Unknown,yes,quote found on page,2026-10-08T17:44:28Z
r003,University of Europe for Applied Sciences GmbH,Bettermile,unknown,company,unknown,https://www.ue-germany.com/about-us/corporate-partners,Bettermile,0.9,Unknown,yes,quote found on page,2026-10-08T17:44:28Z
r003,University of Europe for Applied Sciences GmbH,Studentpartout,Germany,company,unknown,https://www.ue-germany.com/about-us/corporate-partners,Studentpartout,0.9,National,yes,quote found on page,2026-10-08T17:44:28Z
r003,University of Europe for Applied Sciences GmbH,Hotel Adlon Kempinski,Germany,company,unknown,https://www.ue-germany.com/programmes/bachelor/hotel-management,Hotel Adlon Kempinski: A Prestigious Cooperation Partner,0.9,National,yes,quote found on page,2026-10-08T17:44:28Z
r003,University of Europe for Applied Sciences GmbH,Adina,unknown,company,unknown,https://www.ue-germany.com/programmes/bachelor/hotel-management,[Adina Logo],0.9,Unknown,yes,quote found on page,2026-10-08T17:44:28Z
r003,University of Europe for Applied Sciences GmbH,Edge Student Hub,Germany,company,unknown,https://www.ue-germany.com/programmes/bachelor/hotel-management,"We are thrilled to announce a new partnership with Edge Student Hub, offering students modern and affordable accommodation options in Iserlohn. Located directly on the UE Germany campus in Iserlohn, Edge Student Hub allows students to walk to lectures in just a few minutes while enjoying a comfortable and supportive student living environment. Shared rooms are available from €379 per month, making it a convenient and cost-effective choice for student accommodation.",0.9,National,yes,quote found on page,2026-10-08T17:44:28Z
r003,University of Europe for Applied Sciences GmbH,University of Applied Sciences Europe Amsterdam,Netherlands,university,unknown,https://www.ue-germany.com/,"At the University of Europe for Applied Sciences (UE), our business students benefit from an exclusive collaboration with the University of Applied Sciences Europe Amsterdam. As part of their studies, they take part in Amsterdam Shorts Week – a unique short-term international learning experience.",0.9,International,yes,quote found on page,2026-10-08T17:44:28Z
r003,University of Europe for Applied Sciences GmbH,Vispa,unknown,company,unknown,https://www.ue-germany.com/,[Vispa logo],0.9,Unknown,yes,quote found on page,2026-10-08T17:44:28Z
r003,University of Europe for Applied Sciences GmbH,Student Partout,unknown,company,unknown,https://www.ue-germany.com/,[Student Partout Logo],0.9,Unknown,yes,quote found on page,2026-10-08T17:44:28Z
r003,University of Europe for Applied Sciences GmbH,Universidad Autónoma Metropolitana,Mexico,university,unknown,https://www.ue-germany.com/,"UE students Exhibit their work at Rectoría de la Universidad Autónoma Metropolitana, Lerma in Mexico",0.9,International,yes,quote found on page,2026-10-08T17:44:28Z
r003,University of Europe for Applied Sciences GmbH,BSH Middle East,unknown,company,unknown,https://www.ue-germany.com/,UE Dubai and BSH Middle East Celebrate Young Sustainability Innovators at the Green Genius Challenge Awards Ceremony,0.9,Unknown,yes,quote found on page,2026-10-08T17:44:28Z
r003,University of Europe for Applied Sciences GmbH,GUS Germany GmbH (GGG),Germany,network,unknown,https://www.ue-germany.com/,"University of Europe for Applied Sciences (UE) is part of GUS Germany GmbH (GGG), a dynamic network of higher education institutions with more than 18,000 students at locations in Germany, Europe and beyond.",0.9,National,yes,quote found on page,2026-10-08T17:44:28Z
r003,University of Europe for Applied Sciences GmbH,companies,unknown,company,unknown,https://www.ue-germany.com/about-us/our-university/quality-management,"We firmly anchor our teaching and research in real-world practice. Project-based learning formats, research-driven collaboration, and close partnerships with companies, universities, cultural institutions, and public stakeholders ensure strong practical connections. We combine global perspectives with regional impact to make knowledge immediately applicable and to drive innovation in society and the economy.",0.9,Unknown,yes,quote found on page,2026-10-08T17:44:28Z
r003,University of Europe for Applied Sciences GmbH,universities,unknown,university,unknown,https://www.ue-germany.com/about-us/our-university/quality-management,"We firmly anchor our teaching and research in real-world practice. Project-based learning formats, research-driven collaboration, and close partnerships with companies, universities, cultural institutions, and public stakeholders ensure strong practical connections. We combine global perspectives with regional impact to make knowledge immediately applicable and to drive innovation in society and the economy.",0.9,Unknown,yes,quote found on page,2026-10-08T17:44:28Z
r003,University of Europe for Applied Sciences GmbH,cultural institutions,unknown,other,unknown,https://www.ue-germany.com/about-us/our-university/quality-management,"We firmly anchor our teaching and research in real-world practice. Project-based learning formats, research-driven collaboration, and close partnerships with companies, universities, cultural institutions, and public stakeholders ensure strong practical connections. We combine global perspectives with regional impact to make knowledge immediately applicable and to drive innovation in society and the economy.",0.9,Unknown,yes,quote found on page,2026-10-08T17:44:28Z
r003,University of Europe for Applied Sciences GmbH,public stakeholders,unknown,other,unknown,https://www.ue-germany.com/about-us/our-university/quality-management,"We firmly anchor our teaching and research in real-world practice. Project-based learning formats, research-driven collaboration, and close partnerships with companies, universities, cultural institutions, and public stakeholders ensure strong practical connections. We combine global perspectives with regional impact to make knowledge immediately applicable and to drive innovation in society and the economy.",0.9,Unknown,yes,quote found on page,2026-10-08T17:44:28Z
r003,University of Europe for Applied Sciences GmbH,industry partners,unknown,company,unknown,https://www.ue-germany.com/about-us/our-university/quality-management,"Practical relevance is reflected in application-oriented teaching content, project-based learning, and close collaboration with companies and industry partners,",0.9,Unknown,yes,quote found on page,2026-10-08T17:44:28Z
r003,University of Europe for Applied Sciences GmbH,Global University Systems,unknown,other,unknown,https://www.ue-germany.com/about-us/corporate-partners,Contact us or make an appointment with one of our experts. We can advise you on possible partnerships with the UE or Global University Systems – tailored to your needs and goals.,0.9,Unknown,yes,quote found on page,2026-10-08T17:44:28Z
r003,University of Europe for Applied Sciences GmbH,Blu Mediengruppe,unknown,company,unknown,https://www.ue-germany.com/programmes/bachelor/sport-event-management,[Blu Mediengruppe],0.9,Unknown,yes,quote found on page,2026-10-08T17:44:28Z
r003,University of Europe for Applied Sciences GmbH,Fuchse Berlin,Germany,company,unknown,https://www.ue-germany.com/programmes/bachelor/sport-event-management,[Fuchse Berlin],0.9,National,yes,quote found on page,2026-10-08T17:44:28Z
r003,University of Europe for Applied Sciences GmbH,Hotel Adlon Kempinski Berlin,Germany,company,unknown,https://www.ue-germany.com/programmes/bachelor/hotel-management,[Hotel Adlon Kempinski Berlin],0.9,National,yes,quote found on page,2026-10-08T17:44:28Z
r004,MAGYAR TESTNEVELÉSI ÉS SPORTTUDOMÁNYI EGYETEM,Európai Sport- és Foglalkoztatási Megfigyelőközpont (EOSE),unknown,other,unknown,https://www.tf.hu/egyetem/projektek/nemzetkozi-projektek/v4v-projekt-erasmus-sport,Európai Sport- és Foglalkoztatási Megfigyelőközpont (EOSE),0.9,Unknown,yes,quote found on page,2026-10-08T17:45:01Z
r004,MAGYAR TESTNEVELÉSI ÉS SPORTTUDOMÁNYI EGYETEM,Nemzetközi Sport- és Kulturális Szövetség (ISCA),unknown,other,unknown,https://www.tf.hu/egyetem/projektek/nemzetkozi-projektek/v4v-projekt-erasmus-sport,Nemzetközi Sport- és Kulturális Szövetség (ISCA),0.9,Unknown,yes,quote found on page,2026-10-08T17:45:01Z
r004,MAGYAR TESTNEVELÉSI ÉS SPORTTUDOMÁNYI EGYETEM,Európai Önkéntes Központ (CEV),unknown,other,unknown,https://www.tf.hu/egyetem/projektek/nemzetkozi-projektek/v4v-projekt-erasmus-sport,Európai Önkéntes Központ (CEV),0.9,Unknown,yes,quote found on page,2026-10-08T17:45:01Z
r004,MAGYAR TESTNEVELÉSI ÉS SPORTTUDOMÁNYI EGYETEM,World Rugby,unknown,other,unknown,https://www.tf.hu/egyetem/projektek/nemzetkozi-projektek/v4v-projekt-erasmus-sport,World Rugby,0.9,Unknown,yes,quote found on page,2026-10-08T17:45:01Z
r004,MAGYAR TESTNEVELÉSI ÉS SPORTTUDOMÁNYI EGYETEM,Nemzetközi Judo Szövetség Akadémiai Alapítvány (IJF),unknown,other,unknown,https://www.tf.hu/egyetem/projektek/nemzetkozi-projektek/v4v-projekt-erasmus-sport,Nemzetközi Judo Szövetség Akadémiai Alapítvány (IJF),0.9,Unknown,yes,quote found on page,2026-10-08T17:45:01Z
r004,MAGYAR TESTNEVELÉSI ÉS SPORTTUDOMÁNYI EGYETEM,Román Labdarúgó Szövetség (FRF),Romania,other,unknown,https://www.tf.hu/egyetem/projektek/nemzetkozi-projektek/v4v-projekt-erasmus-sport,Román Labdarúgó Szövetség (FRF),0.9,International,yes,quote found on page,2026-10-08T17:45:01Z
r004,MAGYAR TESTNEVELÉSI ÉS SPORTTUDOMÁNYI EGYETEM,Finn Atlétikai Szövetség (SUL),Finland,other,unknown,https://www.tf.hu/egyetem/projektek/nemzetkozi-projektek/v4v-projekt-erasmus-sport,Finn Atlétikai Szövetség (SUL),0.9,International,yes,quote found on page,2026-10-08T17:45:01Z
r004,MAGYAR TESTNEVELÉSI ÉS SPORTTUDOMÁNYI EGYETEM,Sport and Recreation Alliance (SRA),unknown,other,unknown,https://www.tf.hu/egyetem/projektek/nemzetkozi-projektek/v4v-projekt-erasmus-sport,Sport and Recreation Alliance (SRA),0.9,Unknown,yes,quote found on page,2026-10-08T17:45:01Z
r004,MAGYAR TESTNEVELÉSI ÉS SPORTTUDOMÁNYI EGYETEM,Portugál Sport- és Ifjúsági Intézet (IDPJ),Portugal,other,unknown,https://www.tf.hu/egyetem/projektek/nemzetkozi-projektek/v4v-projekt-erasmus-sport,Portugál Sport- és Ifjúsági Intézet (IDPJ),0.9,International,yes,quote found on page,2026-10-08T17:45:01Z
r004,MAGYAR TESTNEVELÉSI ÉS SPORTTUDOMÁNYI EGYETEM,Észt Sportoktatási és Információs Alapítvány (FSEI),Estonia,other,unknown,https://www.tf.hu/egyetem/projektek/nemzetkozi-projektek/v4v-projekt-erasmus-sport,Észt Sportoktatási és Információs Alapítvány (FSEI),0.9,International,yes,quote found on page,2026-10-08T17:45:01Z
r004,MAGYAR TESTNEVELÉSI ÉS SPORTTUDOMÁNYI EGYETEM,Nemzeti Sportkutatási Intézet (NISR),unknown,other,unknown,https://www.tf.hu/egyetem/projektek/nemzetkozi-projektek/v4v-projekt-erasmus-sport,Nemzeti Sportkutatási Intézet (NISR),0.9,Unknown,yes,quote found on page,2026-10-08T17:45:01Z
r004,MAGYAR TESTNEVELÉSI ÉS SPORTTUDOMÁNYI EGYETEM,Leeds Beckett Egyetem (LBU),UK,university,unknown,https://www.tf.hu/egyetem/projektek/nemzetkozi-projektek/v4v-projekt-erasmus-sport,Leeds Beckett Egyetem (LBU),0.9,International,yes,quote found on page,2026-10-08T17:45:01Z
r004,MAGYAR TESTNEVELÉSI ÉS SPORTTUDOMÁNYI EGYETEM,Fonden Tarab Institute International,Denmark,other,unknown,https://www.tf.hu/egyetem/projektek/nemzetkozi-projektek/move-the-mind-projekt-erasmus,Fonden Tarab Institute International (DK),0.9,International,yes,quote found on page,2026-10-08T17:45:01Z
r004,MAGYAR TESTNEVELÉSI ÉS SPORTTUDOMÁNYI EGYETEM,International Council for Coaching Excellence,UK,other,unknown,https://www.tf.hu/egyetem/projektek/nemzetkozi-projektek/move-the-mind-projekt-erasmus,International Council for Coaching Excellence (UK),0.9,International,yes,quote found on page,2026-10-08T17:45:01Z
r004,MAGYAR TESTNEVELÉSI ÉS SPORTTUDOMÁNYI EGYETEM,Stichting Sportdrenthe,Netherlands,other,unknown,https://www.tf.hu/egyetem/projektek/nemzetkozi-projektek/move-the-mind-projekt-erasmus,Stichting Sportdrenthe (NL),0.9,International,yes,quote found on page,2026-10-08T17:45:01Z
r004,MAGYAR TESTNEVELÉSI ÉS SPORTTUDOMÁNYI EGYETEM,Unio de Federacions Esportives de Catalunya,Spain,other,unknown,https://www.tf.hu/egyetem/projektek/nemzetkozi-projektek/move-the-mind-projekt-erasmus,Unio de Federacions Esportives de Catalunya (ES),0.9,International,yes,quote found on page,2026-10-08T17:45:01Z
r004,MAGYAR TESTNEVELÉSI ÉS SPORTTUDOMÁNYI EGYETEM,Természeti Sportvállalkozások Szakmai Szövetsége,Belgium,other,unknown,https://www.tf.hu/egyetem/projektek/nemzetkozi-projektek/roc-erasmus,Természeti Sportvállalkozások Szakmai Szövetsége (Belgium),0.9,International,yes,quote found on page,2026-10-08T17:45:01Z
r004,MAGYAR TESTNEVELÉSI ÉS SPORTTUDOMÁNYI EGYETEM,Szövetség Idegenforgalmi Vállalkozások Szabadtéri tevékenységekben,Greece,other,unknown,https://www.tf.hu/egyetem/projektek/nemzetkozi-projektek/roc-erasmus,Szövetség Idegenforgalmi Vállalkozások Szabadtéri tevékenységekben (Görögország),0.9,International,yes,quote found on page,2026-10-08T17:45:01Z
r004,MAGYAR TESTNEVELÉSI ÉS SPORTTUDOMÁNYI EGYETEM,Panepistimio Thessalias,Greece,university,unknown,https://www.tf.hu/egyetem/projektek/nemzetkozi-projektek/roc-erasmus,Panepistimio Thessalias (Görögország),0.9,International,yes,quote found on page,2026-10-08T17:45:01Z
r004,MAGYAR TESTNEVELÉSI ÉS SPORTTUDOMÁNYI EGYETEM,France Plein Air,France,other,unknown,https://www.tf.hu/egyetem/projektek/nemzetkozi-projektek/roc-erasmus,France Plein Air (Franciaország),0.9,International,yes,quote found on page,2026-10-08T17:45:01Z
r004,MAGYAR TESTNEVELÉSI ÉS SPORTTUDOMÁNYI EGYETEM,Munsteri Műszaki Egyetem,Ireland,university,unknown,https://www.tf.hu/egyetem/projektek/nemzetkozi-projektek/roc-erasmus,Munsteri Műszaki Egyetem (Írország),0.9,International,yes,quote found on page,2026-10-08T17:45:01Z
r004,MAGYAR TESTNEVELÉSI ÉS SPORTTUDOMÁNYI EGYETEM,Debreceni Egyetem,Magyarország,university,unknown,https://www.tf.hu/egyetem/szervezeti-felepites/intezetek-es-tanszekek/sport-es-egeszsegtudomanyi-intezet/molekularis-edzeselettani-kutato-kozpont/egyuttmukodesek,"Dr. Máthé Endre, Debreceni Egyetem >>>",0.9,International,yes,quote found on page,2026-10-08T17:45:01Z
r004,MAGYAR TESTNEVELÉSI ÉS SPORTTUDOMÁNYI EGYETEM,Vasile Goldis Western University of Arad,Románia,university,unknown,https://www.tf.hu/egyetem/szervezeti-felepites/intezetek-es-tanszekek/sport-es-egeszsegtudomanyi-intezet/molekularis-edzeselettani-kutato-kozpont/egyuttmukodesek,"Dr. Oláh Neli-Kinga, Vasile Goldis Western University of Arad, Arad, Romanian >>>",0.9,International,yes,quote found on page,2026-10-08T17:45:01Z
r004,MAGYAR TESTNEVELÉSI ÉS SPORTTUDOMÁNYI EGYETEM,University of Groningen,The Netherlands,university,unknown,https://www.tf.hu/egyetem/szervezeti-felepites/intezetek-es-tanszekek/sport-es-egeszsegtudomanyi-intezet/molekularis-edzeselettani-kutato-kozpont/egyuttmukodesek,"Prof. Dr. Eddy van der Zee, Prof. Dr. Gertjan van Dijk, Department of Molecular Neurobiology, University of Groningen, The Netherlands >>>",0.9,International,yes,quote found on page,2026-10-08T17:45:01Z
r004,MAGYAR TESTNEVELÉSI ÉS SPORTTUDOMÁNYI EGYETEM,University of Minnesota,USA,university,unknown,https://www.tf.hu/egyetem/szervezeti-felepites/intezetek-es-tanszekek/sport-es-egeszsegtudomanyi-intezet/molekularis-edzeselettani-kutato-kozpont/egyuttmukodesek,"Prof. Dr. Li Li Ji, University of Minnesota, USA",0.9,International,yes,quote found on page,2026-10-08T17:45:01Z
r004,MAGYAR TESTNEVELÉSI ÉS SPORTTUDOMÁNYI EGYETEM,University of Tsukuba,Japan,university,unknown,https://www.tf.hu/egyetem/szervezeti-felepites/intezetek-es-tanszekek/sport-es-egeszsegtudomanyi-intezet/molekularis-edzeselettani-kutato-kozpont/egyuttmukodesek,"Prof. Dr. Hideaki Soya, University of Tsukuba, Japan >>>",0.9,International,yes,quote found on page,2026-10-08T17:45:01Z
r004,MAGYAR TESTNEVELÉSI ÉS SPORTTUDOMÁNYI EGYETEM,Doshisha University,Japan,university,unknown,https://www.tf.hu/egyetem/szervezeti-felepites/intezetek-es-tanszekek/sport-es-egeszsegtudomanyi-intezet/molekularis-edzeselettani-kutato-kozpont/egyuttmukodesek,"Prof. Dr. Masaki Takeda, Doshisha University, Japan >>>",0.9,International,yes,quote found on page,2026-10-08T17:45:01Z
r004,MAGYAR TESTNEVELÉSI ÉS SPORTTUDOMÁNYI EGYETEM,University of Kuopio,Finland,university,unknown,https://www.tf.hu/egyetem/szervezeti-felepites/intezetek-es-tanszekek/sport-es-egeszsegtudomanyi-intezet/molekularis-edzeselettani-kutato-kozpont/egyuttmukodesek,"Dr. Mustafa Atalay, University of Kuopio, Finland >>>",0.9,International,yes,quote found on page,2026-10-08T17:45:01Z
r004,MAGYAR TESTNEVELÉSI ÉS SPORTTUDOMÁNYI EGYETEM,UCLA,USA,university,unknown,https://www.tf.hu/egyetem/szervezeti-felepites/intezetek-es-tanszekek/sport-es-egeszsegtudomanyi-intezet/molekularis-edzeselettani-kutato-kozpont/egyuttmukodesek,"Prof. Dr. Fernando-Gomez Pinilla, UCLA, CA, USA",0.9,International,yes,quote found on page,2026-10-08T17:45:01Z
r004,MAGYAR TESTNEVELÉSI ÉS SPORTTUDOMÁNYI EGYETEM,University Florida,USA,university,unknown,https://www.tf.hu/egyetem/szervezeti-felepites/intezetek-es-tanszekek/sport-es-egeszsegtudomanyi-intezet/molekularis-edzeselettani-kutato-kozpont/egyuttmukodesek,"Prof. Dr. Scott Powers, University Florida, FL, USA",0.9,International,yes,quote found on page,2026-10-08T17:45:01Z
r004,MAGYAR TESTNEVELÉSI ÉS SPORTTUDOMÁNYI EGYETEM,Juntendo University,Japan,university,unknown,https://www.tf.hu/egyetem/szervezeti-felepites/intezetek-es-tanszekek/sport-es-egeszsegtudomanyi-intezet/molekularis-edzeselettani-kutato-kozpont/egyuttmukodesek,"Prof. Dr. Sataro Goto, Prof. Dr. Hisashi Naito, Juntendo University, Japan",0.9,International,yes,quote found on page,2026-10-08T17:45:01Z
r004,MAGYAR TESTNEVELÉSI ÉS SPORTTUDOMÁNYI EGYETEM,University of Texas Medical Branch at Galveston,USA,university,unknown,https://www.tf.hu/egyetem/szervezeti-felepites/intezetek-es-tanszekek/sport-es-egeszsegtudomanyi-intezet/molekularis-edzeselettani-kutato-kozpont/egyuttmukodesek,"Prof. Dr. Boldog István, Department of Microbiology and Immunology, University of Texas Medical Branch at Galveston, TX 77555, USA.",0.9,International,yes,quote found on page,2026-10-08T17:45:01Z
r004,MAGYAR TESTNEVELÉSI ÉS SPORTTUDOMÁNYI EGYETEM,University of Michigan,USA,university,unknown,https://www.tf.hu/egyetem/szervezeti-felepites/intezetek-es-tanszekek/sport-es-egeszsegtudomanyi-intezet/molekularis-edzeselettani-kutato-kozpont/egyuttmukodesek,"Prof. Dr. Steve Britton, Functional Genomics Laboratory, Department of Physical Medicine and Rehabilitation, University of Michigan, Ann Arbor, MI 48109-2200, USA.",0.9,International,yes,quote found on page,2026-10-08T17:45:01Z
r004,MAGYAR TESTNEVELÉSI ÉS SPORTTUDOMÁNYI EGYETEM,Waseda University,Japan,university,unknown,https://www.tf.hu/egyetem/szervezeti-felepites/intezetek-es-tanszekek/sport-es-egeszsegtudomanyi-intezet/molekularis-edzeselettani-kutato-kozpont/egyuttmukodesek,"Prof. Dr. Katsuhiko Suzuki, Waseda University, Japan >>>",0.9,International,yes,quote found on page,2026-10-08T17:45:01Z
r004,MAGYAR TESTNEVELÉSI ÉS SPORTTUDOMÁNYI EGYETEM,Society of Free Radical Biology and Medicine (SFRBM),unknown,network,unknown,https://www.tf.hu/egyetem/szervezeti-felepites/intezetek-es-tanszekek/sport-es-egeszsegtudomanyi-intezet/molekularis-edzeselettani-kutato-kozpont/egyuttmukodesek,Society of Free Radical Biology and Medicine (SFRBM),0.9,International,yes,quote found on page,2026-10-08T17:45:01Z
r004,MAGYAR TESTNEVELÉSI ÉS SPORTTUDOMÁNYI EGYETEM,American College of Sport Medicine (ACSM),unknown,network,unknown,https://www.tf.hu/egyetem/szervezeti-felepites/intezetek-es-tanszekek/sport-es-egeszsegtudomanyi-intezet/molekularis-edzeselettani-kutato-kozpont/egyuttmukodesek,American College of Sport Medicine (ACSM) >>>,0.9,International,yes,quote found on page,2026-10-08T17:45:01Z
r004,MAGYAR TESTNEVELÉSI ÉS SPORTTUDOMÁNYI EGYETEM,European College of Sport Science (ECSS),unknown,network,unknown,https://www.tf.hu/egyetem/szervezeti-felepites/intezetek-es-tanszekek/sport-es-egeszsegtudomanyi-intezet/molekularis-edzeselettani-kutato-kozpont/egyuttmukodesek,European College of Sport Science (ECSS) >>>,0.9,International,yes,quote found on page,2026-10-08T17:45:01Z
r004,MAGYAR TESTNEVELÉSI ÉS SPORTTUDOMÁNYI EGYETEM,Magyar Tudományos Akadémia (MTA),Magyarország,network,unknown,https://www.tf.hu/egyetem/szervezeti-felepites/intezetek-es-tanszekek/sport-es-egeszsegtudomanyi-intezet/molekularis-edzeselettani-kutato-kozpont/egyuttmukodesek,Magyar Tudományos Akadémia (MTA) >>>,0.9,International,yes,quote found on page,2026-10-08T17:45:01Z
r004,MAGYAR TESTNEVELÉSI ÉS SPORTTUDOMÁNYI EGYETEM,Magyar Sporttudományi Társaság (MSTT),Magyarország,network,unknown,https://www.tf.hu/egyetem/szervezeti-felepites/intezetek-es-tanszekek/sport-es-egeszsegtudomanyi-intezet/molekularis-edzeselettani-kutato-kozpont/egyuttmukodesek,Magyar Sporttudományi Társaság (MSTT) >>>,0.9,International,yes,quote found on page,2026-10-08T17:45:01Z
r004,MAGYAR TESTNEVELÉSI ÉS SPORTTUDOMÁNYI EGYETEM,Magyar Edzők Társasága (MET),Magyarország,network,unknown,https://www.tf.hu/egyetem/szervezeti-felepites/intezetek-es-tanszekek/sport-es-egeszsegtudomanyi-intezet/molekularis-edzeselettani-kutato-kozpont/egyuttmukodesek,Magyar Edzők Társasága (MET) >>>,0.9,International,yes,quote found on page,2026-10-08T17:45:01Z
r005,VYSOKÁ ŠKOLA EKONÓMIE A MANAŽMENTU V BRATISLAVE,Todor Kableshkov University of Transport,Bulgaria,university,unknown,https://www.vsemba.sk/MedzinarodneVztahy/ERASMUS/PartnerskeUniverzity,Todor Kableshkov University of Transport |,0.9,International,yes,quote found on page,2026-10-08T17:46:24Z
r005,VYSOKÁ ŠKOLA EKONÓMIE A MANAŽMENTU V BRATISLAVE,Trakia University,Bulgaria,university,unknown,https://www.vsemba.sk/MedzinarodneVztahy/ERASMUS/PartnerskeUniverzity,Trakia University |,0.9,International,yes,quote found on page,2026-10-08T17:46:24Z
r005,VYSOKÁ ŠKOLA EKONÓMIE A MANAŽMENTU V BRATISLAVE,University of Economics Varna,Bulgaria,university,unknown,https://www.vsemba.sk/MedzinarodneVztahy/ERASMUS/PartnerskeUniverzity,University of Economics Varna |,0.9,International,yes,quote found on page,2026-10-08T17:46:24Z
r005,VYSOKÁ ŠKOLA EKONÓMIE A MANAŽMENTU V BRATISLAVE,University of Dubrovnik,Croatia,university,unknown,https://www.vsemba.sk/MedzinarodneVztahy/ERASMUS/PartnerskeUniverzity,University of Dubrovnik |,0.9,International,yes,quote found on page,2026-10-08T17:46:24Z
r005,VYSOKÁ ŠKOLA EKONÓMIE A MANAŽMENTU V BRATISLAVE,University College of Management and Design ASPIRA,Croatia,college,unknown,https://www.vsemba.sk/MedzinarodneVztahy/ERASMUS/PartnerskeUniverzity,University College of Management and Design ASPIRA |,0.9,International,yes,quote found on page,2026-10-08T17:46:24Z
r005,VYSOKÁ ŠKOLA EKONÓMIE A MANAŽMENTU V BRATISLAVE,Politechnic of Sibenik,Croatia,college,unknown,https://www.vsemba.sk/MedzinarodneVztahy/ERASMUS/PartnerskeUniverzity,Politechnic of Sibenik |,0.9,International,yes,quote found on page,2026-10-08T17:46:24Z
r005,VYSOKÁ ŠKOLA EKONÓMIE A MANAŽMENTU V BRATISLAVE,Uni of Nicosia,Cyprus,university,unknown,https://www.vsemba.sk/MedzinarodneVztahy/ERASMUS/PartnerskeUniverzity,Uni of Nicosia |,0.9,International,yes,quote found on page,2026-10-08T17:46:24Z
r005,VYSOKÁ ŠKOLA EKONÓMIE A MANAŽMENTU V BRATISLAVE,"Masaryk University, Faculty of Economics and Administration",Czech Republic,university,unknown,https://www.vsemba.sk/MedzinarodneVztahy/ERASMUS/PartnerskeUniverzity,"Masaryk University, Faculty of Economics and Administration |",0.9,International,yes,quote found on page,2026-10-08T17:46:24Z
r005,VYSOKÁ ŠKOLA EKONÓMIE A MANAŽMENTU V BRATISLAVE,"Karel Englis College, a.s",Czech Republic,college,unknown,https://www.vsemba.sk/MedzinarodneVztahy/ERASMUS/PartnerskeUniverzity,"Karel Englis College, a.s |",0.9,International,yes,quote found on page,2026-10-08T17:46:24Z
r005,VYSOKÁ ŠKOLA EKONÓMIE A MANAŽMENTU V BRATISLAVE,Mendel University in Brno,Czech Republic,university,unknown,https://www.vsemba.sk/MedzinarodneVztahy/ERASMUS/PartnerskeUniverzity,Mendel University in Brno |,0.9,International,yes,quote found on page,2026-10-08T17:46:24Z
r005,VYSOKÁ ŠKOLA EKONÓMIE A MANAŽMENTU V BRATISLAVE,College of Business and Hotel Management,Czech Republic,college,unknown,https://www.vsemba.sk/MedzinarodneVztahy/ERASMUS/PartnerskeUniverzity,College of Business and Hotel Management |,0.9,International,yes,quote found on page,2026-10-08T17:46:24Z
r005,VYSOKÁ ŠKOLA EKONÓMIE A MANAŽMENTU V BRATISLAVE,University of Entrepreneurship and Law,Czech Republic,university,unknown,https://www.vsemba.sk/MedzinarodneVztahy/ERASMUS/PartnerskeUniverzity,University of Entrepreneurship and Law |,0.9,International,yes,quote found on page,2026-10-08T17:46:24Z
r005,VYSOKÁ ŠKOLA EKONÓMIE A MANAŽMENTU V BRATISLAVE,University of South Bohemia,Czech Republic,university,unknown,https://www.vsemba.sk/MedzinarodneVztahy/ERASMUS/PartnerskeUniverzity,University of South Bohemia |,0.9,International,yes,quote found on page,2026-10-08T17:46:24Z
r005,VYSOKÁ ŠKOLA EKONÓMIE A MANAŽMENTU V BRATISLAVE,"Czech University of Life Sciences, Faculty of Economics and Management",Czech Republic,university,unknown,https://www.vsemba.sk/MedzinarodneVztahy/ERASMUS/PartnerskeUniverzity,"Czech University of Life Sciences, Faculty of Economics and Management |",0.9,International,yes,quote found on page,2026-10-08T17:46:24Z
r005,VYSOKÁ ŠKOLA EKONÓMIE A MANAŽMENTU V BRATISLAVE,University College of Business in Prague,Czech Republic,college,unknown,https://www.vsemba.sk/MedzinarodneVztahy/ERASMUS/PartnerskeUniverzity,University College of Business in Prague |,0.9,International,yes,quote found on page,2026-10-08T17:46:24Z
r005,VYSOKÁ ŠKOLA EKONÓMIE A MANAŽMENTU V BRATISLAVE,University of Tartu,Estonia,university,unknown,https://www.vsemba.sk/MedzinarodneVztahy/ERASMUS/PartnerskeUniverzity,University of Tartu |,0.9,International,yes,quote found on page,2026-10-08T17:46:24Z
r005,VYSOKÁ ŠKOLA EKONÓMIE A MANAŽMENTU V BRATISLAVE,Lapland University of Applied Sciences,Finland,university,unknown,https://www.vsemba.sk/MedzinarodneVztahy/ERASMUS/PartnerskeUniverzity,Lapland University of Applied Sciences |,0.9,International,yes,quote found on page,2026-10-08T17:46:24Z
r005,VYSOKÁ ŠKOLA EKONÓMIE A MANAŽMENTU V BRATISLAVE,University of Applied Sciences / Fachhochschule Dresden,Germany,university,unknown,https://www.vsemba.sk/MedzinarodneVztahy/ERASMUS/PartnerskeUniverzity,University of Applied Sciences / Fachhochschule Dresden |,0.9,International,yes,quote found on page,2026-10-08T17:46:24Z
r005,VYSOKÁ ŠKOLA EKONÓMIE A MANAŽMENTU V BRATISLAVE,Fachhochschule für öffentliche Verwaltung und Rechtspflege in Bayern,Germany,university,unknown,https://www.vsemba.sk/MedzinarodneVztahy/ERASMUS/PartnerskeUniverzity,Fachhochschule für öffentliche Verwaltung und Rechtspflege in Bayern |,0.9,International,yes,quote found on page,2026-10-08T17:46:24Z
r005,VYSOKÁ ŠKOLA EKONÓMIE A MANAŽMENTU V BRATISLAVE,University of Applied Sciences,Germany,university,unknown,https://www.vsemba.sk/MedzinarodneVztahy/ERASMUS/PartnerskeUniverzity,University of Applied Sciences |,0.9,International,yes,quote found on page,2026-10-08T17:46:24Z
r005,VYSOKÁ ŠKOLA EKONÓMIE A MANAŽMENTU V BRATISLAVE,University of Applied Sciences for Public Administration and management of North Rhine-Westphalia,Germany,university,unknown,https://www.vsemba.sk/MedzinarodneVztahy/ERASMUS/PartnerskeUniverzity,University of Applied Sciences for Public Administration and management of North Rhine-Westphalia |,0.9,International,yes,quote found on page,2026-10-08T17:46:24Z
r005,VYSOKÁ ŠKOLA EKONÓMIE A MANAŽMENTU V BRATISLAVE,"Witten/Herdecke University, Faculty of Management and Economics",Germany,university,unknown,https://www.vsemba.sk/MedzinarodneVztahy/ERASMUS/PartnerskeUniverzity,"Witten/Herdecke University, Faculty of Management and Economics |",0.9,International,yes,quote found on page,2026-10-08T17:46:24Z
r005,VYSOKÁ ŠKOLA EKONÓMIE A MANAŽMENTU V BRATISLAVE,University of Piraeus,Greece,university,unknown,https://www.vsemba.sk/MedzinarodneVztahy/ERASMUS/PartnerskeUniverzity,University of Piraeus |,0.9,International,yes,quote found on page,2026-10-08T17:46:24Z
r005,VYSOKÁ ŠKOLA EKONÓMIE A MANAŽMENTU V BRATISLAVE,University of Western Macedonia,Greece,university,unknown,https://www.vsemba.sk/MedzinarodneVztahy/ERASMUS/PartnerskeUniverzity,University of Western Macedonia |,0.9,International,yes,quote found on page,2026-10-08T17:46:24Z
r005,VYSOKÁ ŠKOLA EKONÓMIE A MANAŽMENTU V BRATISLAVE,Aegean International University,Greece,university,unknown,https://www.vsemba.sk/MedzinarodneVztahy/ERASMUS/PartnerskeUniverzity,Aegean International University,0.9,International,yes,quote found on page,2026-10-08T17:46:24Z
r005,VYSOKÁ ŠKOLA EKONÓMIE A MANAŽMENTU V BRATISLAVE,Szent Istvan University,Hungary,university,unknown,https://www.vsemba.sk/MedzinarodneVztahy/ERASMUS/PartnerskeUniverzity,Szent Istvan University |,0.9,International,yes,quote found on page,2026-10-08T17:46:24Z
r005,VYSOKÁ ŠKOLA EKONÓMIE A MANAŽMENTU V BRATISLAVE,University of Miskolc,Hungary,university,unknown,https://www.vsemba.sk/MedzinarodneVztahy/ERASMUS/PartnerskeUniverzity,University of Miskolc |,0.9,International,yes,quote found on page,2026-10-08T17:46:24Z
r005,VYSOKÁ ŠKOLA EKONÓMIE A MANAŽMENTU V BRATISLAVE,Karoly Robert Campus MATE,Hungary,university,unknown,https://www.vsemba.sk/MedzinarodneVztahy/ERASMUS/PartnerskeUniverzity,Karoly Robert Campus MATE |,0.9,International,yes,quote found on page,2026-10-08T17:46:24Z
r005,VYSOKÁ ŠKOLA EKONÓMIE A MANAŽMENTU V BRATISLAVE,University of L´Aquila,Italy,university,unknown,https://www.vsemba.sk/MedzinarodneVztahy/ERASMUS/PartnerskeUniverzity,University of L´Aquila |,0.9,International,yes,quote found on page,2026-10-08T17:46:24Z
r005,VYSOKÁ ŠKOLA EKONÓMIE A MANAŽMENTU V BRATISLAVE,Universita degli studi di Milano Bicocca,Italy,university,unknown,https://www.vsemba.sk/MedzinarodneVztahy/ERASMUS/PartnerskeUniverzity,Universita degli studi di Milano Bicocca |,0.9,International,yes,quote found on page,2026-10-08T17:46:24Z
r005,VYSOKÁ ŠKOLA EKONÓMIE A MANAŽMENTU V BRATISLAVE,University of Modena and Reggio Emilia,Italy,university,unknown,https://www.vsemba.sk/MedzinarodneVztahy/ERASMUS/PartnerskeUniverzity,University of Modena and Reggio Emilia |,0.9,International,yes,quote found on page,2026-10-08T17:46:24Z
r005,VYSOKÁ ŠKOLA EKONÓMIE A MANAŽMENTU V BRATISLAVE,University of Molise,Italy,university,unknown,https://www.vsemba.sk/MedzinarodneVztahy/ERASMUS/PartnerskeUniverzity,University of Molise,0.9,International,yes,quote found on page,2026-10-08T17:46:24Z
r005,VYSOKÁ ŠKOLA EKONÓMIE A MANAŽMENTU V BRATISLAVE,Politecnico di Torino,Italy,university,unknown,https://www.vsemba.sk/MedzinarodneVztahy/ERASMUS/PartnerskeUniverzity,Politecnico di Torino,0.9,International,yes,quote found on page,2026-10-08T17:46:24Z
r005,VYSOKÁ ŠKOLA EKONÓMIE A MANAŽMENTU V BRATISLAVE,Mykolas Romeris University,Lithuania,university,unknown,https://www.vsemba.sk/MedzinarodneVztahy/ERASMUS/PartnerskeUniverzity,Mykolas Romeris University |,0.9,International,yes,quote found on page,2026-10-08T17:46:24Z
r005,VYSOKÁ ŠKOLA EKONÓMIE A MANAŽMENTU V BRATISLAVE,Lithuania Business University of Applied Sciences,Lithuania,university,unknown,https://www.vsemba.sk/MedzinarodneVztahy/ERASMUS/PartnerskeUniverzity,Lithuania Business University of Applied Sciences |,0.9,International,yes,quote found on page,2026-10-08T17:46:24Z
r005,VYSOKÁ ŠKOLA EKONÓMIE A MANAŽMENTU V BRATISLAVE,University of Malta,Malta,university,unknown,https://www.vsemba.sk/MedzinarodneVztahy/ERASMUS/PartnerskeUniverzity,University of Malta |,0.9,International,yes,quote found on page,2026-10-08T17:46:24Z
r005,VYSOKÁ ŠKOLA EKONÓMIE A MANAŽMENTU V BRATISLAVE,"Czestochowa University of Technology, Faculty of Management",Poland,university,unknown,https://www.vsemba.sk/MedzinarodneVztahy/ERASMUS/PartnerskeUniverzity,"Czestochowa University of Technology, Faculty of Management |",0.9,International,yes,quote found on page,2026-10-08T17:46:24Z
r005,VYSOKÁ ŠKOLA EKONÓMIE A MANAŽMENTU V BRATISLAVE,University of Social Sciences,Poland,university,unknown,https://www.vsemba.sk/MedzinarodneVztahy/ERASMUS/PartnerskeUniverzity,University of Social Sciences |,0.9,International,yes,quote found on page,2026-10-08T17:46:24Z
r005,VYSOKÁ ŠKOLA EKONÓMIE A MANAŽMENTU V BRATISLAVE,"School of Economics, Tourism and Social Sciences",Poland,school,unknown,https://www.vsemba.sk/MedzinarodneVztahy/ERASMUS/PartnerskeUniverzity,"School of Economics, Tourism and Social Sciences |",0.9,International,yes,quote found on page,2026-10-08T17:46:24Z
r005,VYSOKÁ ŠKOLA EKONÓMIE A MANAŽMENTU V BRATISLAVE,State University Of Technology And Economics in Jaroslaw,Poland,university,unknown,https://www.vsemba.sk/MedzinarodneVztahy/ERASMUS/PartnerskeUniverzity,State University Of Technology And Economics in Jaroslaw,0.9,International,yes,quote found on page,2026-10-08T17:46:24Z
r005,VYSOKÁ ŠKOLA EKONÓMIE A MANAŽMENTU V BRATISLAVE,"University of Agriculture in Krakow, Faculty of Economics",Poland,university,unknown,https://www.vsemba.sk/MedzinarodneVztahy/ERASMUS/PartnerskeUniverzity,"University of Agriculture in Krakow, Faculty of Economics |",0.9,International,yes,quote found on page,2026-10-08T17:46:24Z
r005,VYSOKÁ ŠKOLA EKONÓMIE A MANAŽMENTU V BRATISLAVE,Adam Mickiewicz University,Poland,university,unknown,https://www.vsemba.sk/MedzinarodneVztahy/ERASMUS/PartnerskeUniverzity,Adam Mickiewicz University |,0.9,International,yes,quote found on page,2026-10-08T17:46:24Z
r005,VYSOKÁ ŠKOLA EKONÓMIE A MANAŽMENTU V BRATISLAVE,University of Security,Poland,university,unknown,https://www.vsemba.sk/MedzinarodneVztahy/ERASMUS/PartnerskeUniverzity,University of Security |,0.9,International,yes,quote found on page,2026-10-08T17:46:24Z
r005,VYSOKÁ ŠKOLA EKONÓMIE A MANAŽMENTU V BRATISLAVE,The General Tadeusz Kościuszko Military Academyof Land Forces,Poland,university,unknown,https://www.vsemba.sk/MedzinarodneVztahy/ERASMUS/PartnerskeUniverzity,The General Tadeusz Kościuszko Military Academyof Land Forces |,0.9,International,yes,quote found on page,2026-10-08T17:46:24Z
r005,VYSOKÁ ŠKOLA EKONÓMIE A MANAŽMENTU V BRATISLAVE,The International University of Logistics and Transport,Poland,university,unknown,https://www.vsemba.sk/MedzinarodneVztahy/ERASMUS/PartnerskeUniverzity,The International University of Logistics and Transport |,0.9,International,yes,quote found on page,2026-10-08T17:46:24Z
r005,VYSOKÁ ŠKOLA EKONÓMIE A MANAŽMENTU V BRATISLAVE,University of Social and Medical Sciences in Lublin,Poland,university,unknown,https://www.vsemba.sk/MedzinarodneVztahy/ERASMUS/PartnerskeUniverzity,University of Social and Medical Sciences in Lublin |,0.9,International,yes,quote found on page,2026-10-08T17:46:24Z
r005,VYSOKÁ ŠKOLA EKONÓMIE A MANAŽMENTU V BRATISLAVE,National Academy of Applied Sciences Ignacy Mościcki in Ciechanów,Poland,university,unknown,https://www.vsemba.sk/MedzinarodneVztahy/ERASMUS/PartnerskeUniverzity,National Academy of Applied,0.9,International,yes,quote found on page,2026-10-08T17:46:24Z
r005,VYSOKÁ ŠKOLA EKONÓMIE A MANAŽMENTU V BRATISLAVE,The Eastern European University of Applied Sciences in Bialystok,Poland,university,unknown,https://www.vsemba.sk/MedzinarodneVztahy/ERASMUS/PartnerskeUniverzity,The Eastern European University of Applied Sciences in Bialystok |,0.9,International,yes,quote found on page,2026-10-08T17:46:24Z
r005,VYSOKÁ ŠKOLA EKONÓMIE A MANAŽMENTU V BRATISLAVE,Lisbon School of Accounting and Administration,Portugal,school,unknown,https://www.vsemba.sk/MedzinarodneVztahy/ERASMUS/PartnerskeUniverzity,Lisbon School of Accounting and Administration |,0.9,International,yes,quote found on page,2026-10-08T17:46:24Z
r005,VYSOKÁ ŠKOLA EKONÓMIE A MANAŽMENTU V BRATISLAVE,Iscte – Instituto Universitário de Lisboa,Portugal,university,unknown,https://www.vsemba.sk/MedzinarodneVztahy/ERASMUS/PartnerskeUniverzity,Iscte – Instituto Universitário de Lisboa,0.9,International,yes,quote found on page,2026-10-08T17:46:24Z
r005,VYSOKÁ ŠKOLA EKONÓMIE A MANAŽMENTU V BRATISLAVE,ISAG - European Business School,Portugal,school,unknown,https://www.vsemba.sk/MedzinarodneVztahy/ERASMUS/PartnerskeUniverzity,ISAG - European Business School |,0.9,International,yes,quote found on page,2026-10-08T17:46:24Z
r005,VYSOKÁ ŠKOLA EKONÓMIE A MANAŽMENTU V BRATISLAVE,Instituto Politécnico de Leiria,Portugal,university,unknown,https://www.vsemba.sk/MedzinarodneVztahy/ERASMUS/PartnerskeUniverzity,Instituto Politécnico de Leiria |,0.9,International,yes,quote found on page,2026-10-08T17:46:24Z
r005,VYSOKÁ ŠKOLA EKONÓMIE A MANAŽMENTU V BRATISLAVE,"Faculty of European Studies, Babes-Bolyai University",Romania,university,unknown,https://www.vsemba.sk/MedzinarodneVztahy/ERASMUS/PartnerskeUniverzity,"Faculty of European Studies, Babes-Bolyai University |",0.9,International,yes,quote found on page,2026-10-08T17:46:24Z
r005,VYSOKÁ ŠKOLA EKONÓMIE A MANAŽMENTU V BRATISLAVE,Politehnica University of Bucharest,Romania,university,unknown,https://www.vsemba.sk/MedzinarodneVztahy/ERASMUS/PartnerskeUniverzity,Politehnica University of Bucharest |,0.9,International,yes,quote found on page,2026-10-08T17:46:24Z
r005,VYSOKÁ ŠKOLA EKONÓMIE A MANAŽMENTU V BRATISLAVE,ERUDIO Business School,Slovenia,school,unknown,https://www.vsemba.sk/MedzinarodneVztahy/ERASMUS/PartnerskeUniverzity,ERUDIO Business School |,0.9,International,yes,quote found on page,2026-10-08T17:46:24Z
r005,VYSOKÁ ŠKOLA EKONÓMIE A MANAŽMENTU V BRATISLAVE,College of Accounting and Finance,Slovenia,college,unknown,https://www.vsemba.sk/MedzinarodneVztahy/ERASMUS/PartnerskeUniverzity,College of Accounting and Finance |,0.9,International,yes,quote found on page,2026-10-08T17:46:24Z
r005,VYSOKÁ ŠKOLA EKONÓMIE A MANAŽMENTU V BRATISLAVE,GEA College,Slovenia,college,unknown,https://www.vsemba.sk/MedzinarodneVztahy/ERASMUS/PartnerskeUniverzity,GEA College |,0.9,International,yes,quote found on page,2026-10-08T17:46:24Z
r005,VYSOKÁ ŠKOLA EKONÓMIE A MANAŽMENTU V BRATISLAVE,Universidad de Zaragoza,Spain,university,unknown,https://www.vsemba.sk/MedzinarodneVztahy/ERASMUS/PartnerskeUniverzity,Universidad de Zaragoza |,0.9,International,yes,quote found on page,2026-10-08T17:46:24Z
r005,VYSOKÁ ŠKOLA EKONÓMIE A MANAŽMENTU V BRATISLAVE,Universidad de Cadiz,Spain,university,unknown,https://www.vsemba.sk/MedzinarodneVztahy/ERASMUS/PartnerskeUniverzity,Universidad de Cadiz |,0.9,International,yes,quote found on page,2026-10-08T17:46:24Z
r005,VYSOKÁ ŠKOLA EKONÓMIE A MANAŽMENTU V BRATISLAVE,University of Malaga,Spain,university,unknown,https://www.vsemba.sk/MedzinarodneVztahy/ERASMUS/PartnerskeUniverzity,University of Malaga |,0.9,International,yes,quote found on page,2026-10-08T17:46:24Z
r005,VYSOKÁ ŠKOLA EKONÓMIE A MANAŽMENTU V BRATISLAVE,Universidad de Almeria,Spain,university,unknown,https://www.vsemba.sk/MedzinarodneVztahy/ERASMUS/PartnerskeUniverzity,Universidad de Almeria |,0.9,International,yes,quote found on page,2026-10-08T17:46:24Z
r005,VYSOKÁ ŠKOLA EKONÓMIE A MANAŽMENTU V BRATISLAVE,"Yalova University, Faculty of Economics and Administrative Sciences",Turkey,university,unknown,https://www.vsemba.sk/MedzinarodneVztahy/ERASMUS/PartnerskeUniverzity,"Yalova University, Faculty of Economics and Administrative Sciences |",0.9,International,yes,quote found on page,2026-10-08T17:46:24Z
r005,VYSOKÁ ŠKOLA EKONÓMIE A MANAŽMENTU V BRATISLAVE,Maltepe university Istanbul,Turkey,university,unknown,https://www.vsemba.sk/MedzinarodneVztahy/ERASMUS/PartnerskeUniverzity,Maltepe university Istanbul |,0.9,International,yes,quote found on page,2026-10-08T17:46:24Z
r005,VYSOKÁ ŠKOLA EKONÓMIE A MANAŽMENTU V BRATISLAVE,Izmir University of Economics,Turkey,university,unknown,https://www.vsemba.sk/MedzinarodneVztahy/ERASMUS/PartnerskeUniverzity,Izmir University of Economics |,0.9,International,yes,quote found on page,2026-10-08T17:46:24Z
r005,VYSOKÁ ŠKOLA EKONÓMIE A MANAŽMENTU V BRATISLAVE,EGE University,Turkey,university,unknown,https://www.vsemba.sk/MedzinarodneVztahy/ERASMUS/PartnerskeUniverzity,EGE University |,0.9,International,yes,quote found on page,2026-10-08T17:46:24Z
r005,VYSOKÁ ŠKOLA EKONÓMIE A MANAŽMENTU V BRATISLAVE,Ankara University,Turkey,university,unknown,https://www.vsemba.sk/MedzinarodneVztahy/ERASMUS/PartnerskeUniverzity,Ankara University |,0.9,International,yes,quote found on page,2026-10-08T17:46:24Z
r005,VYSOKÁ ŠKOLA EKONÓMIE A MANAŽMENTU V BRATISLAVE,Alanya Alaaddin Keykubat University,Turkey,university,unknown,https://www.vsemba.sk/MedzinarodneVztahy/ERASMUS/PartnerskeUniverzity,Alanya Alaaddin Keykubat University |,0.9,International,yes,quote found on page,2026-10-08T17:46:24Z
r005,VYSOKÁ ŠKOLA EKONÓMIE A MANAŽMENTU V BRATISLAVE,Karadeniz Technical University,Turkey,university,unknown,https://www.vsemba.sk/MedzinarodneVztahy/ERASMUS/PartnerskeUniverzity,Karadeniz Technical University |,0.9,International,yes,quote found on page,2026-10-08T17:46:24Z
r005,VYSOKÁ ŠKOLA EKONÓMIE A MANAŽMENTU V BRATISLAVE,Karatekin University,Turkey,university,unknown,https://www.vsemba.sk/MedzinarodneVztahy/ERASMUS/PartnerskeUniverzity,Karatekin University |,0.9,International,yes,quote found on page,2026-10-08T17:46:24Z
r005,VYSOKÁ ŠKOLA EKONÓMIE A MANAŽMENTU V BRATISLAVE,Trakya University,Turkey,university,unknown,https://www.vsemba.sk/MedzinarodneVztahy/ERASMUS/PartnerskeUniverzity,Trakya University |,0.9,International,yes,quote found on page,2026-10-08T17:46:24Z
r005,VYSOKÁ ŠKOLA EKONÓMIE A MANAŽMENTU V BRATISLAVE,Fenerbahçe University,Turkey,university,unknown,https://www.vsemba.sk/MedzinarodneVztahy/ERASMUS/PartnerskeUniverzity,Fenerbahçe University |,0.9,International,yes,quote found on page,2026-10-08T17:46:24Z
r005,VYSOKÁ ŠKOLA EKONÓMIE A MANAŽMENTU V BRATISLAVE,Antalya Bilim University,Turkey,university,unknown,https://www.vsemba.sk/MedzinarodneVztahy/ERASMUS/PartnerskeUniverzity,Antalya Bilim University |,0.9,International,yes,quote found on page,2026-10-08T17:46:24Z
r005,VYSOKÁ ŠKOLA EKONÓMIE A MANAŽMENTU V BRATISLAVE,Armenian State University of Economics,Armenia,university,unknown,https://www.vsemba.sk/MedzinarodneVztahy/ERASMUS/PartnerskeUniverzity,Armenian State University of Economics |,0.9,International,yes,quote found on page,2026-10-08T17:46:24Z
r005,VYSOKÁ ŠKOLA EKONÓMIE A MANAŽMENTU V BRATISLAVE,Ningbo University of Finance and Economics,China,university,unknown,https://www.vsemba.sk/MedzinarodneVztahy/ERASMUS/PartnerskeUniverzity,Ningbo University of Finance and Economics,0.9,International,yes,quote found on page,2026-10-08T17:46:24Z
r005,VYSOKÁ ŠKOLA EKONÓMIE A MANAŽMENTU V BRATISLAVE,Shanghai University,China,university,unknown,https://www.vsemba.sk/MedzinarodneVztahy/ERASMUS/PartnerskeUniverzity,Shanghai University |,0.9,International,yes,quote found on page,2026-10-08T17:46:24Z
r005,VYSOKÁ ŠKOLA EKONÓMIE A MANAŽMENTU V BRATISLAVE,University of International Business,Kazakhstan,university,unknown,https://www.vsemba.sk/MedzinarodneVztahy/ERASMUS/PartnerskeUniverzity,University of International Business |,0.9,International,yes,quote found on page,2026-10-08T17:46:24Z
r005,VYSOKÁ ŠKOLA EKONÓMIE A MANAŽMENTU V BRATISLAVE,"UNION ,,Nikola Tesla"" University, Faculty of Business and Law",Serbia,university,unknown,https://www.vsemba.sk/MedzinarodneVztahy/ERASMUS/PartnerskeUniverzity,"UNION ,,Nikola Tesla"" University, Faculty of Business and Law |",0.9,International,yes,quote found on page,2026-10-08T17:46:24Z
r005,VYSOKÁ ŠKOLA EKONÓMIE A MANAŽMENTU V BRATISLAVE,Odessa National Polytechnic University,Ukraine,university,unknown,https://www.vsemba.sk/MedzinarodneVztahy/ERASMUS/PartnerskeUniverzity,Odessa National Polytechnic University |,0.9,International,yes,quote found on page,2026-10-08T17:46:24Z
r005,VYSOKÁ ŠKOLA EKONÓMIE A MANAŽMENTU V BRATISLAVE,Yuriy Fedkovych Chernivtsi National University,Ukraine,university,unknown,https://www.vsemba.sk/MedzinarodneVztahy/ERASMUS/PartnerskeUniverzity,Yuriy Fedkovych Chernivtsi National University |,0.9,International,yes,quote found on page,2026-10-08T17:46:24Z
r005,VYSOKÁ ŠKOLA EKONÓMIE A MANAŽMENTU V BRATISLAVE,Kyiv National University of Trade and Economics (KNUTE),Ukraine,university,unknown,https://www.vsemba.sk/MedzinarodneVztahy/ERASMUS/PartnerskeUniverzity,Kyiv National University of Trade and Economics (KNUTE) |,0.9,International,yes,quote found on page,2026-10-08T17:46:24Z
r005,VYSOKÁ ŠKOLA EKONÓMIE A MANAŽMENTU V BRATISLAVE,Uzhhorod National University,Ukraine,university,unknown,https://www.vsemba.sk/MedzinarodneVztahy/ERASMUS/PartnerskeUniverzity,Uzhhorod National University |,0.9,International,yes,quote found on page,2026-10-08T17:46:24Z
r005,VYSOKÁ ŠKOLA EKONÓMIE A MANAŽMENTU V BRATISLAVE,Lviv Polytechnic National University,Ukraine,university,unknown,https://www.vsemba.sk/MedzinarodneVztahy/ERASMUS/PartnerskeUniverzity,Lviv Polytechnic National University |,0.9,International,yes,quote found on page,2026-10-08T17:46:24Z
r005,VYSOKÁ ŠKOLA EKONÓMIE A MANAŽMENTU V BRATISLAVE,Simon Kuznets Kharkiv National University of Economics,Ukraine,university,unknown,https://www.vsemba.sk/MedzinarodneVztahy/ERASMUS/PartnerskeUniverzity,Simon Kuznets Kharkiv National University of Economics |,0.9,International,yes,quote found on page,2026-10-08T17:46:24Z
r005,VYSOKÁ ŠKOLA EKONÓMIE A MANAŽMENTU V BRATISLAVE,University of Nicosia,,university,unknown,https://www.vsemba.sk/MedzinarodneVztahy/ERASMUS/PartnerskeUniverzity,"Nové partnerské univerzity: University of Nicosia , Worms University of Applied Sciences , University of Western Macedonia , Aegean International University , University of Modena and Reggio Emilia , University of Molise , University of Milano Bicocca , University of Almeria , University of Zaragoza",0.9,Unknown,yes,quote found on page,2026-10-08T17:46:24Z
r005,VYSOKÁ ŠKOLA EKONÓMIE A MANAŽMENTU V BRATISLAVE,Worms University of Applied Sciences,,university,unknown,https://www.vsemba.sk/MedzinarodneVztahy/ERASMUS/PartnerskeUniverzity,"Nové partnerské univerzity: University of Nicosia , Worms University of Applied Sciences , University of Western Macedonia , Aegean International University , University of Modena and Reggio Emilia , University of Molise , University of Milano Bicocca , University of Almeria , University of Zaragoza",0.9,Unknown,yes,quote found on page,2026-10-08T17:46:24Z
r005,VYSOKÁ ŠKOLA EKONÓMIE A MANAŽMENTU V BRATISLAVE,University of Milano Bicocca,,university,unknown,https://www.vsemba.sk/MedzinarodneVztahy/ERASMUS/PartnerskeUniverzity,"Nové partnerské univerzity: University of Nicosia , Worms University of Applied Sciences , University of Western Macedonia , Aegean International University , University of Modena and Reggio Emilia , University of Molise , University of Milano Bicocca , University of Almeria , University of Zaragoza",0.9,Unknown,yes,quote found on page,2026-10-08T17:46:24Z
r005,VYSOKÁ ŠKOLA EKONÓMIE A MANAŽMENTU V BRATISLAVE,University of Almeria,,university,unknown,https://www.vsemba.sk/MedzinarodneVztahy/ERASMUS/PartnerskeUniverzity,"Nové partnerské univerzity: University of Nicosia , Worms University of Applied Sciences , University of Western Macedonia , Aegean International University , University of Modena and Reggio Emilia , University of Molise , University of Milano Bicocca , University of Almeria , University of Zaragoza",0.9,Unknown,yes,quote found on page,2026-10-08T17:46:24Z
r005,VYSOKÁ ŠKOLA EKONÓMIE A MANAŽMENTU V BRATISLAVE,University of Zaragoza,,university,unknown,https://www.vsemba.sk/MedzinarodneVztahy/ERASMUS/PartnerskeUniverzity,"Nové partnerské univerzity: University of Nicosia , Worms University of Applied Sciences , University of Western Macedonia , Aegean International University , University of Modena and Reggio Emilia , University of Molise , University of Milano Bicocca , University of Almeria , University of Zaragoza",0.9,Unknown,yes,quote found on page,2026-10-08T17:46:24Z
r005,VYSOKÁ ŠKOLA EKONÓMIE A MANAŽMENTU V BRATISLAVE,"UNION ,,Nikola Tesla",Srbsko,university,unknown,https://www.vsemba.sk/MedzinarodneVztahy/ERASMUS/PartnerskeUniverzity,"UNION ,,Nikola Tesla"" University, Faculty of Business and Law |",0.9,International,yes,quote found on page,2026-10-08T17:46:24Z
r006,Strate,ESCP Europe - Berlin,Allemagne,university,unknown,https://www.strate.design/international/ecoles-partenaires,ESCP Europe - Berlin,0.9,International,yes,quote found on page,2026-10-08T17:46:22Z
r006,Strate,Halle,Allemagne,university,unknown,https://www.strate.design/international/ecoles-partenaires,Halle,0.9,International,yes,quote found on page,2026-10-08T17:46:22Z
r006,Strate,Hochschule Pforzheim,Allemagne,university,unknown,https://www.strate.design/international/ecoles-partenaires,Hochschule Pforzheim,0.9,International,yes,quote found on page,2026-10-08T17:46:22Z
r006,Strate,Hochschule München University of Applied Sciences,Allemagne,university,unknown,https://www.strate.design/international/ecoles-partenaires,Hochschule München University of Applied Sciences,0.9,International,yes,quote found on page,2026-10-08T17:46:22Z
r006,Strate,Rosenheim Technical University of Applied Sciences,Allemagne,university,unknown,https://www.strate.design/international/ecoles-partenaires,Rosenheim Technical University of Applied Sciences,0.9,International,yes,quote found on page,2026-10-08T17:46:22Z
r006,Strate,FH Joanneum,Autriche,university,unknown,https://www.strate.design/international/ecoles-partenaires,FH Joanneum,0.9,International,yes,quote found on page,2026-10-08T17:46:22Z
r006,Strate,Écoles supérieures des arts Saint-Luc,Belgique,university,unknown,https://www.strate.design/international/ecoles-partenaires,Écoles supérieures des arts Saint-Luc,0.9,International,yes,quote found on page,2026-10-08T17:46:22Z
r006,Strate,Universiteit Antwerpen,Belgique,university,unknown,https://www.strate.design/international/ecoles-partenaires,Universiteit Antwerpen,0.9,International,yes,quote found on page,2026-10-08T17:46:22Z
r006,Strate,Designskolen Kolding,Danemark,university,unknown,https://www.strate.design/international/ecoles-partenaires,Designskolen Kolding,0.9,International,yes,quote found on page,2026-10-08T17:46:22Z
r006,Strate,ELISAVA,Espagne,university,unknown,https://www.strate.design/international/ecoles-partenaires,ELISAVA,0.9,International,yes,quote found on page,2026-10-08T17:46:22Z
r006,Strate,ESCP Europe - Madrid,Espagne,university,unknown,https://www.strate.design/international/ecoles-partenaires,ESCP Europe - Madrid,0.9,International,yes,quote found on page,2026-10-08T17:46:22Z
r006,Strate,IED,Espagne,university,unknown,https://www.strate.design/international/ecoles-partenaires,IED,0.9,International,yes,quote found on page,2026-10-08T17:46:22Z
r006,Strate,Mondragon Unibertsitatea,Espagne,university,unknown,https://www.strate.design/international/ecoles-partenaires,Mondragon Unibertsitatea,0.9,International,yes,quote found on page,2026-10-08T17:46:22Z
r006,Strate,University Cardenal Herrera – CEU,Espagne,university,unknown,https://www.strate.design/international/ecoles-partenaires,University Cardenal Herrera – CEU,0.9,International,yes,quote found on page,2026-10-08T17:46:22Z
r006,Strate,IE School of Architecture and Design,Espagne,university,unknown,https://www.strate.design/international/ecoles-partenaires,IE School of Architecture and Design,0.9,International,yes,quote found on page,2026-10-08T17:46:22Z
r006,Strate,UDIT,Espagne,university,unknown,https://www.strate.design/international/ecoles-partenaires,UDIT,0.9,International,yes,quote found on page,2026-10-08T17:46:22Z
r006,Strate,Estonian Academy of Arts,Estonie,university,unknown,https://www.strate.design/international/ecoles-partenaires,Estonian Academy of Arts,0.9,International,yes,quote found on page,2026-10-08T17:46:22Z
r006,Strate,Lahti University of Applied Sciences,Finlande,university,unknown,https://www.strate.design/international/ecoles-partenaires,Lahti University of Applied Sciences,0.9,International,yes,quote found on page,2026-10-08T17:46:22Z
r006,Strate,ESCP Europe - Paris,France,university,unknown,https://www.strate.design/international/ecoles-partenaires,ESCP Europe - Paris,0.9,National,yes,quote found on page,2026-10-08T17:46:22Z
r006,Strate,Grenoble Ecole de Management,France,university,unknown,https://www.strate.design/international/ecoles-partenaires,Grenoble Ecole de Management,0.9,National,yes,quote found on page,2026-10-08T17:46:22Z
r006,Strate,EM Lyon,France,university,unknown,https://www.strate.design/international/ecoles-partenaires,EM Lyon,0.9,National,yes,quote found on page,2026-10-08T17:46:22Z
r006,Strate,Coventry University,Royaume-Uni,university,unknown,https://www.strate.design/international/ecoles-partenaires,Coventry University,0.9,International,yes,quote found on page,2026-10-08T17:46:22Z
r006,Strate,Nottingham Trent University,Royaume-Uni,university,unknown,https://www.strate.design/international/ecoles-partenaires,Nottingham Trent University,0.9,International,yes,quote found on page,2026-10-08T17:46:22Z
r006,Strate,Istituto Marangoni London,Royaume-Uni,university,unknown,https://www.strate.design/international/ecoles-partenaires,Istituto Marangoni London,0.9,International,yes,quote found on page,2026-10-08T17:46:22Z
r006,Strate,La Sapienza,Italie,university,unknown,https://www.strate.design/international/ecoles-partenaires,La Sapienza,0.9,International,yes,quote found on page,2026-10-08T17:46:22Z
r006,Strate,Politecnico di Milano,Italie,university,unknown,https://www.strate.design/international/ecoles-partenaires,Politecnico di Milano,0.9,International,yes,quote found on page,2026-10-08T17:46:22Z
r006,Strate,Politecnico di Torino,Italie,university,unknown,https://www.strate.design/international/ecoles-partenaires,Politecnico di Torino,0.9,International,yes,quote found on page,2026-10-08T17:46:22Z
r006,Strate,Domus Academy - Milan,Italie,university,unknown,https://www.strate.design/international/ecoles-partenaires,Domus Academy - Milan,0.9,International,yes,quote found on page,2026-10-08T17:46:22Z
r006,Strate,Poliarte Ancona,Italie,university,unknown,https://www.strate.design/international/ecoles-partenaires,Poliarte Ancona,0.9,International,yes,quote found on page,2026-10-08T17:46:22Z
r006,Strate,Oslo School of Architecture,Norvège,university,unknown,https://www.strate.design/international/ecoles-partenaires,Oslo School of Architecture,0.9,International,yes,quote found on page,2026-10-08T17:46:22Z
r006,Strate,Delft University of Technology,Pays-Bas,university,unknown,https://www.strate.design/international/ecoles-partenaires,Delft University of Technology,0.9,International,yes,quote found on page,2026-10-08T17:46:22Z
r006,Strate,Academy of Fine Arts in Warsaw,Pologne,university,unknown,https://www.strate.design/international/ecoles-partenaires,Academy of Fine Arts in Warsaw,0.9,International,yes,quote found on page,2026-10-08T17:46:22Z
r006,Strate,Instituto de Artes Visuais Design e Marketing,Portugal,university,unknown,https://www.strate.design/international/ecoles-partenaires,Instituto de Artes Visuais Design e Marketing,0.9,International,yes,quote found on page,2026-10-08T17:46:22Z
r006,Strate,Universidade de Aveiro,Portugal,university,unknown,https://www.strate.design/international/ecoles-partenaires,Universidade de Aveiro,0.9,International,yes,quote found on page,2026-10-08T17:46:22Z
r006,Strate,University of Primorska,Slovénie,university,unknown,https://www.strate.design/international/ecoles-partenaires,University of Primorska,0.9,International,yes,quote found on page,2026-10-08T17:46:22Z
r006,Strate,Lund University,Suède,university,unknown,https://www.strate.design/international/ecoles-partenaires,Lund University,0.9,International,yes,quote found on page,2026-10-08T17:46:22Z
r006,Strate,Umeå Institute of Design,Suède,university,unknown,https://www.strate.design/international/ecoles-partenaires,Umeå Institute of Design,0.9,International,yes,quote found on page,2026-10-08T17:46:22Z
r006,Strate,Ecole cantonale d'art de Lausanne (ECAL),Suisse,university,unknown,https://www.strate.design/international/ecoles-partenaires,Ecole cantonale d'art de Lausanne (ECAL),0.9,International,yes,quote found on page,2026-10-08T17:46:22Z
r006,Strate,Central University of Technology,Afrique du Sud,university,unknown,https://www.strate.design/international/ecoles-partenaires,Central University of Technology,0.9,International,yes,quote found on page,2026-10-08T17:46:22Z
r006,Strate,University of Johannesburg,Afrique du Sud,university,unknown,https://www.strate.design/international/ecoles-partenaires,University of Johannesburg,0.9,International,yes,quote found on page,2026-10-08T17:46:22Z
r006,Strate,Université Concordia,Canada,university,unknown,https://www.strate.design/international/ecoles-partenaires,Université Concordia,0.9,International,yes,quote found on page,2026-10-08T17:46:22Z
r006,Strate,Université de Montréal,Canada,university,unknown,https://www.strate.design/international/ecoles-partenaires,Université de Montréal,0.9,International,yes,quote found on page,2026-10-08T17:46:22Z
r006,Strate,Université Laval,Canada,university,unknown,https://www.strate.design/international/ecoles-partenaires,Université Laval,0.9,International,yes,quote found on page,2026-10-08T17:46:22Z
r006,Strate,UQAM Montréal,Canada,university,unknown,https://www.strate.design/international/ecoles-partenaires,UQAM Montréal,0.9,International,yes,quote found on page,2026-10-08T17:46:22Z
r006,Strate,HEC Montréal,Canada,university,unknown,https://www.strate.design/international/ecoles-partenaires,HEC Montréal,0.9,International,yes,quote found on page,2026-10-08T17:46:22Z
r006,Strate,Universidad Mayor,Chili,university,unknown,https://www.strate.design/international/ecoles-partenaires,Universidad Mayor,0.9,International,yes,quote found on page,2026-10-08T17:46:22Z
r006,Strate,Jiangnan University,Chine,university,unknown,https://www.strate.design/international/ecoles-partenaires,Jiangnan University,0.9,International,yes,quote found on page,2026-10-08T17:46:22Z
r006,Strate,Tongji University,Chine,university,unknown,https://www.strate.design/international/ecoles-partenaires,Tongji University,0.9,International,yes,quote found on page,2026-10-08T17:46:22Z
r006,Strate,CAFA,Chine,university,unknown,https://www.strate.design/international/ecoles-partenaires,CAFA,0.9,International,yes,quote found on page,2026-10-08T17:46:22Z
r006,Strate,Universidad EAFIT,Colombie,university,unknown,https://www.strate.design/international/ecoles-partenaires,Universidad EAFIT,0.9,International,yes,quote found on page,2026-10-08T17:46:22Z
r006,Strate,Universidad El Bosque,Colombie,university,unknown,https://www.strate.design/international/ecoles-partenaires,Universidad El Bosque,0.9,International,yes,quote found on page,2026-10-08T17:46:22Z
r006,Strate,Kookmin University,Corée du Sud,university,unknown,https://www.strate.design/international/ecoles-partenaires,Kookmin University,0.9,International,yes,quote found on page,2026-10-08T17:46:22Z
r006,Strate,Yonsei University,Corée du Sud,university,unknown,https://www.strate.design/international/ecoles-partenaires,Yonsei University,0.9,International,yes,quote found on page,2026-10-08T17:46:22Z
r006,Strate,Sookmyung University,Corée du Sud,university,unknown,https://www.strate.design/international/ecoles-partenaires,Sookmyung University,0.9,International,yes,quote found on page,2026-10-08T17:46:22Z
r006,Strate,ArtCenter,Etats-Unis,university,unknown,https://www.strate.design/international/ecoles-partenaires,ArtCenter,0.9,International,yes,quote found on page,2026-10-08T17:46:22Z
r006,Strate,Cleveland Institute of Art,Etats-Unis,university,unknown,https://www.strate.design/international/ecoles-partenaires,Cleveland Institute of Art,0.9,International,yes,quote found on page,2026-10-08T17:46:22Z
r006,Strate,College for Creative Studies,Etats-Unis,university,unknown,https://www.strate.design/international/ecoles-partenaires,College for Creative Studies,0.9,International,yes,quote found on page,2026-10-08T17:46:22Z
r006,Strate,Rhode Island School of Design,Etats-Unis,university,unknown,https://www.strate.design/international/ecoles-partenaires,Rhode Island School of Design,0.9,International,yes,quote found on page,2026-10-08T17:46:22Z
r006,Strate,California State University of Long Beach,Etats-Unis,university,unknown,https://www.strate.design/international/ecoles-partenaires,California State University of Long Beach,0.9,International,yes,quote found on page,2026-10-08T17:46:22Z
r006,Strate,Bezalel Academy of Arts and Design,Israël,university,unknown,https://www.strate.design/international/ecoles-partenaires,Bezalel Academy of Arts and Design,0.9,International,yes,quote found on page,2026-10-08T17:46:22Z
r006,Strate,Holon Institute of Technology,Israël,university,unknown,https://www.strate.design/international/ecoles-partenaires,Holon Institute of Technology,0.9,International,yes,quote found on page,2026-10-08T17:46:22Z
r006,Strate,The Collegement of Management Studies,Israël,university,unknown,https://www.strate.design/international/ecoles-partenaires,The Collegement of Management Studies,0.9,International,yes,quote found on page,2026-10-08T17:46:22Z
r006,Strate,Chiba University,Japon,university,unknown,https://www.strate.design/international/ecoles-partenaires,Chiba University,0.9,International,yes,quote found on page,2026-10-08T17:46:22Z
r006,Strate,Tokyo Communication Art training Design,Japon,university,unknown,https://www.strate.design/international/ecoles-partenaires,Tokyo Communication Art training Design,0.9,International,yes,quote found on page,2026-10-08T17:46:22Z
r006,Strate,University of Tsukuba,Japon,university,unknown,https://www.strate.design/international/ecoles-partenaires,University of Tsukuba,0.9,International,yes,quote found on page,2026-10-08T17:46:22Z
r006,Strate,ESCA,Maroc,university,unknown,https://www.strate.design/international/ecoles-partenaires,ESCA,0.9,International,yes,quote found on page,2026-10-08T17:46:22Z
r006,Strate,Art'Com Sup,Maroc,university,unknown,https://www.strate.design/international/ecoles-partenaires,Art'Com Sup,0.9,International,yes,quote found on page,2026-10-08T17:46:22Z
r006,Strate,Universidad Autonoma Metropolitana,Mexique,university,unknown,https://www.strate.design/international/ecoles-partenaires,Universidad Autonoma Metropolitana,0.9,International,yes,quote found on page,2026-10-08T17:46:22Z
r006,Strate,Universidad de Monterrey,Mexique,university,unknown,https://www.strate.design/international/ecoles-partenaires,Universidad de Monterrey,0.9,International,yes,quote found on page,2026-10-08T17:46:22Z
r006,Strate,National University of Singapore,Singapour,university,unknown,https://www.strate.design/international/ecoles-partenaires,National University of Singapore,0.9,International,yes,quote found on page,2026-10-08T17:46:22Z
r006,Strate,ESSTED,Tunisie,university,unknown,https://www.strate.design/international/ecoles-partenaires,ESSTED,0.9,International,yes,quote found on page,2026-10-08T17:46:22Z
r006,Strate,Galileo Global Education,unknown,company,unknown,https://www.strate.design/,Galileo Global Education,0.9,Unknown,yes,quote found on page,2026-10-08T17:46:22Z
r006,Strate,Peugeot,,company,unknown,https://www.strate.design/,Strate et Peugeot unissent leurs expertises pour imaginer la mobilité de demain.,0.9,Unknown,yes,quote found on page,2026-10-08T17:46:22Z
r006,Strate,Bouygues immo,,company,unknown,https://www.strate.design/,[Bouygues immo],0.9,Unknown,yes,quote found on page,2026-10-08T17:46:22Z
r006,Strate,Valéo,,company,unknown,https://www.strate.design/,[Valéo],0.9,Unknown,yes,quote found on page,2026-10-08T17:46:22Z
r006,Strate,Tefal,,company,unknown,https://www.strate.design/,[Tefal],0.9,Unknown,yes,quote found on page,2026-10-08T17:46:22Z
r006,Strate,Alpine,,company,unknown,https://www.strate.design/,[Alpine],0.9,Unknown,yes,quote found on page,2026-10-08T17:46:22Z
r006,Strate,Bel,,company,unknown,https://www.strate.design/,[Bel],0.9,Unknown,yes,quote found on page,2026-10-08T17:46:22Z
r006,Strate,BPCE,,company,unknown,https://www.strate.design/,[BPCE],0.9,Unknown,yes,quote found on page,2026-10-08T17:46:22Z
r006,Strate,Braun,,company,unknown,https://www.strate.design/,[Braun],0.9,Unknown,yes,quote found on page,2026-10-08T17:46:22Z
r006,Strate,Decathlon,,company,unknown,https://www.strate.design/,[Decathlon],0.9,Unknown,yes,quote found on page,2026-10-08T17:46:22Z
r006,Strate,Emmaus,,other,unknown,https://www.strate.design/,[Emmaus],0.9,Unknown,yes,quote found on page,2026-10-08T17:46:22Z
r006,Strate,LVMH,,company,unknown,https://www.strate.design/,[LVMH],0.9,Unknown,yes,quote found on page,2026-10-08T17:46:22Z
r006,Strate,Renault,,company,unknown,https://www.strate.design/,[Renault],0.9,Unknown,yes,quote found on page,2026-10-08T17:46:22Z
r006,Strate,Reporters d'espoirs,,other,unknown,https://www.strate.design/,[Reporters d'espoirs],0.9,Unknown,yes,quote found on page,2026-10-08T17:46:22Z
r006,Strate,Stellantis,,company,unknown,https://www.strate.design/,[Stellantis],0.9,Unknown,yes,quote found on page,2026-10-08T17:46:22Z
r006,Strate,Studea,,company,unknown,https://www.strate.design/,[Studea],0.9,Unknown,yes,quote found on page,2026-10-08T17:46:22Z
r006,Strate,Urbanera,,company,unknown,https://www.strate.design/,[Urbanera],0.9,Unknown,yes,quote found on page,2026-10-08T17:46:22Z
r006,Strate,Citeo,,company,unknown,https://www.strate.design/,[Citeo],0.9,Unknown,yes,quote found on page,2026-10-08T17:46:22Z
r006,Strate,Glowee,,company,unknown,https://www.strate.design/,[Glowee],0.9,Unknown,yes,quote found on page,2026-10-08T17:46:22Z
r006,Strate,Nestlé,,company,unknown,https://www.strate.design/,[Nestlé],0.9,Unknown,yes,quote found on page,2026-10-08T17:46:22Z
r006,Strate,Derichebourg,,company,unknown,https://www.strate.design/,[Derichebourg],0.9,Unknown,yes,quote found on page,2026-10-08T17:46:22Z
r006,Strate,Oze energies,,company,unknown,https://www.strate.design/,[Oze energies],0.9,Unknown,yes,quote found on page,2026-10-08T17:46:22Z
r006,Strate,Safran,,company,unknown,https://www.strate.design/,[Safran],0.9,Unknown,yes,quote found on page,2026-10-08T17:46:22Z
r006,Strate,Korian,,company,unknown,https://www.strate.design/,[Korian],0.9,Unknown,yes,quote found on page,2026-10-08T17:46:22Z
r006,Strate,Alstom,,company,unknown,https://www.strate.design/,[Alstom],0.9,Unknown,yes,quote found on page,2026-10-08T17:46:22Z
r006,Strate,Lancel,,company,unknown,https://www.strate.design/,[Lancel],0.9,Unknown,yes,quote found on page,2026-10-08T17:46:22Z
r006,Strate,Schoolab,,company,unknown,https://www.strate.design/,[Schoolab],0.9,Unknown,yes,quote found on page,2026-10-08T17:46:22Z
r006,Strate,maif,,company,unknown,https://www.strate.design/,[maif],0.9,Unknown,yes,quote found on page,2026-10-08T17:46:22Z
r006,Strate,orange,,company,unknown,https://www.strate.design/,[orange],0.9,Unknown,yes,quote found on page,2026-10-08T17:46:22Z
r006,Strate,Quechua,,company,unknown,https://www.strate.design/,[Quechua],0.9,Unknown,yes,quote found on page,2026-10-08T17:46:22Z
r006,Strate,sncf,,company,unknown,https://www.strate.design/,[sncf],0.9,Unknown,yes,quote found on page,2026-10-08T17:46:22Z
r006,Strate,edf,,company,unknown,https://www.strate.design/,[edf],0.9,Unknown,yes,quote found on page,2026-10-08T17:46:22Z
r006,Strate,Cartier,,company,unknown,https://www.strate.design/,[Cartier],0.9,Unknown,yes,quote found on page,2026-10-08T17:46:22Z
r006,Strate,Harfang,,company,unknown,https://www.strate.design/,[Harfang],0.9,Unknown,yes,quote found on page,2026-10-08T17:46:22Z
r006,Strate,Institut Carnot Télécom & Société numérique,,network,unknown,https://www.strate.design/,"2016 Strate - Établissement d'enseignement supérieur technique privé reconnu par l'État, membre de l'Institut Carnot Télécom & Société numérique et labellisée Carnot pour la qualité de ses partenariats de recherche.",0.9,International,yes,quote found on page,2026-10-08T17:46:22Z
r006,Strate,Institut Carnot,,network,unknown,https://www.strate.design/,[Institut Carnot],0.9,International,yes,quote found on page,2026-10-08T17:46:22Z
r006,Strate,Bouygues Immobilier,unknown,company,unknown,https://www.strate.design/entreprise,Bouygues Immobilier x Strate : Logement inclusif et adaptif,0.9,Unknown,yes,quote found on page,2026-10-08T17:46:22Z
r006,Strate,Groupe BPCE,unknown,company,unknown,https://www.strate.design/entreprise,[Groupe BPCE2],0.9,Unknown,yes,quote found on page,2026-10-08T17:46:22Z
r006,Strate,Harfang 3D,unknown,company,unknown,https://www.strate.design/entreprise,[Harfang 3D],0.9,Unknown,yes,quote found on page,2026-10-08T17:46:22Z
r006,Strate,Nexity,unknown,company,unknown,https://www.strate.design/entreprise,[Nexity_studéa2],0.9,Unknown,yes,quote found on page,2026-10-08T17:46:22Z
r006,Strate,Plicosa,unknown,company,unknown,https://www.strate.design/entreprise,[Plicosa2],0.9,Unknown,yes,quote found on page,2026-10-08T17:46:22Z
r006,Strate,Bellecour Ecole,unknown,school,unknown,https://www.strate.design/ecole-design/reseau-studialis-galileo,[Bellecour Ecole] [CLCF] [Cifap] [Strate] [Atelier Chardon Savard] [logo cours florent] [Hetic] [IESA] [IESA Multimédia] [LISAA] [Ecole Web School Factory] [Ecole de design graphique] [logo cifacom] [Logo ITM Paris],0.9,Unknown,yes,quote found on page,2026-10-08T17:46:22Z
r006,Strate,CLCF,unknown,school,unknown,https://www.strate.design/ecole-design/reseau-studialis-galileo,[Bellecour Ecole] [CLCF] [Cifap] [Strate] [Atelier Chardon Savard] [logo cours florent] [Hetic] [IESA] [IESA Multimédia] [LISAA] [Ecole Web School Factory] [Ecole de design graphique] [logo cifacom] [Logo ITM Paris],0.9,Unknown,yes,quote found on page,2026-10-08T17:46:22Z
r006,Strate,Cifap,unknown,school,unknown,https://www.strate.design/ecole-design/reseau-studialis-galileo,[Bellecour Ecole] [CLCF] [Cifap] [Strate] [Atelier Chardon Savard] [logo cours florent] [Hetic] [IESA] [IESA Multimédia] [LISAA] [Ecole Web School Factory] [Ecole de design graphique] [logo cifacom] [Logo ITM Paris],0.9,Unknown,yes,quote found on page,2026-10-08T17:46:22Z
r006,Strate,Atelier Chardon Savard,unknown,school,unknown,https://www.strate.design/ecole-design/reseau-studialis-galileo,[Bellecour Ecole] [CLCF] [Cifap] [Strate] [Atelier Chardon Savard] [logo cours florent] [Hetic] [IESA] [IESA Multimédia] [LISAA] [Ecole Web School Factory] [Ecole de design graphique] [logo cifacom] [Logo ITM Paris],0.9,Unknown,yes,quote found on page,2026-10-08T17:46:22Z
r006,Strate,Cours Florent,unknown,school,unknown,https://www.strate.design/ecole-design/reseau-studialis-galileo,[Bellecour Ecole] [CLCF] [Cifap] [Strate] [Atelier Chardon Savard] [logo cours florent] [Hetic] [IESA] [IESA Multimédia] [LISAA] [Ecole Web School Factory] [Ecole de design graphique] [logo cifacom] [Logo ITM Paris],0.9,Unknown,yes,quote found on page,2026-10-08T17:46:22Z
r006,Strate,Hetic,unknown,school,unknown,https://www.strate.design/ecole-design/reseau-studialis-galileo,[Bellecour Ecole] [CLCF] [Cifap] [Strate] [Atelier Chardon Savard] [logo cours florent] [Hetic] [IESA] [IESA Multimédia] [LISAA] [Ecole Web School Factory] [Ecole de design graphique] [logo cifacom] [Logo ITM Paris],0.9,Unknown,yes,quote found on page,2026-10-08T17:46:22Z
r006,Strate,IESA,unknown,school,unknown,https://www.strate.design/ecole-design/reseau-studialis-galileo,[Bellecour Ecole] [CLCF] [Cifap] [Strate] [Atelier Chardon Savard] [logo cours florent] [Hetic] [IESA] [IESA Multimédia] [LISAA] [Ecole Web School Factory] [Ecole de design graphique] [logo cifacom] [Logo ITM Paris],0.9,Unknown,yes,quote found on page,2026-10-08T17:46:22Z
r006,Strate,IESA Multimédia,unknown,school,unknown,https://www.strate.design/ecole-design/reseau-studialis-galileo,[Bellecour Ecole] [CLCF] [Cifap] [Strate] [Atelier Chardon Savard] [logo cours florent] [Hetic] [IESA] [IESA Multimédia] [LISAA] [Ecole Web School Factory] [Ecole de design graphique] [logo cifacom] [Logo ITM Paris],0.9,Unknown,yes,quote found on page,2026-10-08T17:46:22Z
r006,Strate,LISAA,unknown,school,unknown,https://www.strate.design/ecole-design/reseau-studialis-galileo,[Bellecour Ecole] [CLCF] [Cifap] [Strate] [Atelier Chardon Savard] [logo cours florent] [Hetic] [IESA] [IESA Multimédia] [LISAA] [Ecole Web School Factory] [Ecole de design graphique] [logo cifacom] [Logo ITM Paris],0.9,Unknown,yes,quote found on page,2026-10-08T17:46:22Z
r006,Strate,Ecole Web School Factory,unknown,school,unknown,https://www.strate.design/ecole-design/reseau-studialis-galileo,[Bellecour Ecole] [CLCF] [Cifap] [Strate] [Atelier Chardon Savard] [logo cours florent] [Hetic] [IESA] [IESA Multimédia] [LISAA] [Ecole Web School Factory] [Ecole de design graphique] [logo cifacom] [Logo ITM Paris],0.9,Unknown,yes,quote found on page,2026-10-08T17:46:22Z
r006,Strate,Ecole de design graphique,unknown,school,unknown,https://www.strate.design/ecole-design/reseau-studialis-galileo,[Bellecour Ecole] [CLCF] [Cifap] [Strate] [Atelier Chardon Savard] [logo cours florent] [Hetic] [IESA] [IESA Multimédia] [LISAA] [Ecole Web School Factory] [Ecole de design graphique] [logo cifacom] [Logo ITM Paris],0.9,Unknown,yes,quote found on page,2026-10-08T17:46:22Z
r006,Strate,Cifacom,unknown,school,unknown,https://www.strate.design/ecole-design/reseau-studialis-galileo,[Bellecour Ecole] [CLCF] [Cifap] [Strate] [Atelier Chardon Savard] [logo cours florent] [Hetic] [IESA] [IESA Multimédia] [LISAA] [Ecole Web School Factory] [Ecole de design graphique] [logo cifacom] [Logo ITM Paris],0.9,Unknown,yes,quote found on page,2026-10-08T17:46:22Z
r006,Strate,ITM Paris,unknown,school,unknown,https://www.strate.design/ecole-design/reseau-studialis-galileo,[Bellecour Ecole] [CLCF] [Cifap] [Strate] [Atelier Chardon Savard] [logo cours florent] [Hetic] [IESA] [IESA Multimédia] [LISAA] [Ecole Web School Factory] [Ecole de design graphique] [logo cifacom] [Logo ITM Paris],0.9,Unknown,yes,quote found on page,2026-10-08T17:46:22Z
r006,Strate,PSB,unknown,school,unknown,https://www.strate.design/ecole-design/reseau-studialis-galileo,[logo PSB] [école Narratiiv] [ESGCI] [ESG Finance] [ESGRH] [ESG Langues] [ESG Exectuive] [MBA ESG] [ESG Ecole de commerce] [Esarc Evolution],0.9,Unknown,yes,quote found on page,2026-10-08T17:46:22Z
r006,Strate,Narratiiv,unknown,school,unknown,https://www.strate.design/ecole-design/reseau-studialis-galileo,[logo PSB] [école Narratiiv] [ESGCI] [ESG Finance] [ESGRH] [ESG Langues] [ESG Exectuive] [MBA ESG] [ESG Ecole de commerce] [Esarc Evolution],0.9,Unknown,yes,quote found on page,2026-10-08T17:46:22Z
r006,Strate,ESGCI,unknown,school,unknown,https://www.strate.design/ecole-design/reseau-studialis-galileo,[logo PSB] [école Narratiiv] [ESGCI] [ESG Finance] [ESGRH] [ESG Langues] [ESG Exectuive] [MBA ESG] [ESG Ecole de commerce] [Esarc Evolution],0.9,Unknown,yes,quote found on page,2026-10-08T17:46:22Z
r006,Strate,ESG Finance,unknown,school,unknown,https://www.strate.design/ecole-design/reseau-studialis-galileo,[logo PSB] [école Narratiiv] [ESGCI] [ESG Finance] [ESGRH] [ESG Langues] [ESG Exectuive] [MBA ESG] [ESG Ecole de commerce] [Esarc Evolution],0.9,Unknown,yes,quote found on page,2026-10-08T17:46:22Z
r006,Strate,ESGRH,unknown,school,unknown,https://www.strate.design/ecole-design/reseau-studialis-galileo,[logo PSB] [école Narratiiv] [ESGCI] [ESG Finance] [ESGRH] [ESG Langues] [ESG Exectuive] [MBA ESG] [ESG Ecole de commerce] [Esarc Evolution],0.9,Unknown,yes,quote found on page,2026-10-08T17:46:22Z
r006,Strate,ESG Langues,unknown,school,unknown,https://www.strate.design/ecole-design/reseau-studialis-galileo,[logo PSB] [école Narratiiv] [ESGCI] [ESG Finance] [ESGRH] [ESG Langues] [ESG Exectuive] [MBA ESG] [ESG Ecole de commerce] [Esarc Evolution],0.9,Unknown,yes,quote found on page,2026-10-08T17:46:22Z
r006,Strate,ESG Exectuive,unknown,school,unknown,https://www.strate.design/ecole-design/reseau-studialis-galileo,[logo PSB] [école Narratiiv] [ESGCI] [ESG Finance] [ESGRH] [ESG Langues] [ESG Exectuive] [MBA ESG] [ESG Ecole de commerce] [Esarc Evolution],0.9,Unknown,yes,quote found on page,2026-10-08T17:46:22Z
r006,Strate,MBA ESG,unknown,school,unknown,https://www.strate.design/ecole-design/reseau-studialis-galileo,[logo PSB] [école Narratiiv] [ESGCI] [ESG Finance] [ESGRH] [ESG Langues] [ESG Exectuive] [MBA ESG] [ESG Ecole de commerce] [Esarc Evolution],0.9,Unknown,yes,quote found on page,2026-10-08T17:46:22Z
r006,Strate,ESG Ecole de commerce,unknown,school,unknown,https://www.strate.design/ecole-design/reseau-studialis-galileo,[logo PSB] [école Narratiiv] [ESGCI] [ESG Finance] [ESGRH] [ESG Langues] [ESG Exectuive] [MBA ESG] [ESG Ecole de commerce] [Esarc Evolution],0.9,Unknown,yes,quote found on page,2026-10-08T17:46:22Z
r006,Strate,Esarc Evolution,unknown,school,unknown,https://www.strate.design/ecole-design/reseau-studialis-galileo,[logo PSB] [école Narratiiv] [ESGCI] [ESG Finance] [ESGRH] [ESG Langues] [ESG Exectuive] [MBA ESG] [ESG Ecole de commerce] [Esarc Evolution],0.9,Unknown,yes,quote found on page,2026-10-08T17:46:22Z
r006,Strate,éva Santé,unknown,school,unknown,https://www.strate.design/ecole-design/reseau-studialis-galileo,[éva Santé logo],0.9,Unknown,yes,quote found on page,2026-10-08T17:46:22Z
r007,Strate,ESCP Europe - Berlin,Germany,university,study,https://www.strate.design/international/ecoles-partenaires,ESCP Europe - Berlin,0.9,International,yes,quote found on page,2026-10-08T17:48:13Z
r007,Strate,Halle,Germany,university,study,https://www.strate.design/international/ecoles-partenaires,Halle,0.9,International,yes,quote found on page,2026-10-08T17:48:13Z
r007,Strate,Hochschule Pforzheim,Germany,university,study,https://www.strate.design/international/ecoles-partenaires,Hochschule Pforzheim,0.9,International,yes,quote found on page,2026-10-08T17:48:13Z
r007,Strate,Hochschule München University of Applied Sciences,Germany,university,study,https://www.strate.design/international/ecoles-partenaires,Hochschule München University of Applied Sciences,0.9,International,yes,quote found on page,2026-10-08T17:48:13Z
r007,Strate,Rosenheim Technical University of Applied Sciences,Germany,university,study,https://www.strate.design/international/ecoles-partenaires,Rosenheim Technical University of Applied Sciences,0.9,International,yes,quote found on page,2026-10-08T17:48:13Z
r007,Strate,FH Joanneum,Austria,university,study,https://www.strate.design/international/ecoles-partenaires,FH Joanneum,0.9,International,yes,quote found on page,2026-10-08T17:48:13Z
r007,Strate,Écoles supérieures des arts Saint-Luc,Belgium,school,study,https://www.strate.design/international/ecoles-partenaires,Écoles supérieures des arts Saint-Luc,0.9,International,yes,quote found on page,2026-10-08T17:48:13Z
r007,Strate,Universiteit Antwerpen,Belgium,university,study,https://www.strate.design/international/ecoles-partenaires,Universiteit Antwerpen,0.9,International,yes,quote found on page,2026-10-08T17:48:13Z
r007,Strate,Designskolen Kolding,Denmark,school,study,https://www.strate.design/international/ecoles-partenaires,Designskolen Kolding,0.9,International,yes,quote found on page,2026-10-08T17:48:13Z
r007,Strate,ELISAVA,Spain,school,study,https://www.strate.design/international/ecoles-partenaires,ELISAVA,0.9,International,yes,quote found on page,2026-10-08T17:48:13Z
r007,Strate,ESCP Europe - Madrid,Spain,university,study,https://www.strate.design/international/ecoles-partenaires,ESCP Europe - Madrid,0.9,International,yes,quote found on page,2026-10-08T17:48:13Z
r007,Strate,IED,Spain,school,study,https://www.strate.design/international/ecoles-partenaires,IED,0.9,International,yes,quote found on page,2026-10-08T17:48:13Z
r007,Strate,Mondragon Unibertsitatea,Spain,university,study,https://www.strate.design/international/ecoles-partenaires,Mondragon Unibertsitatea,0.9,International,yes,quote found on page,2026-10-08T17:48:13Z
r007,Strate,University Cardenal Herrera – CEU,Spain,university,study,https://www.strate.design/international/ecoles-partenaires,University Cardenal Herrera – CEU,0.9,International,yes,quote found on page,2026-10-08T17:48:13Z
r007,Strate,IE School of Architecture and Design,Spain,school,study,https://www.strate.design/international/ecoles-partenaires,IE School of Architecture and Design,0.9,International,yes,quote found on page,2026-10-08T17:48:13Z
r007,Strate,UDIT,Spain,school,study,https://www.strate.design/international/ecoles-partenaires,UDIT,0.9,International,yes,quote found on page,2026-10-08T17:48:13Z
r007,Strate,Estonian Academy of Arts,Estonia,school,study,https://www.strate.design/international/ecoles-partenaires,Estonian Academy of Arts,0.9,International,yes,quote found on page,2026-10-08T17:48:13Z
r007,Strate,Lahti University of Applied Sciences,Finland,university,study,https://www.strate.design/international/ecoles-partenaires,Lahti University of Applied Sciences,0.9,International,yes,quote found on page,2026-10-08T17:48:13Z
r007,Strate,ESCP Europe - Paris,France,university,study,https://www.strate.design/international/ecoles-partenaires,ESCP Europe - Paris,0.9,National,yes,quote found on page,2026-10-08T17:48:13Z
r007,Strate,Grenoble Ecole de Management,school,school,study,https://www.strate.design/international/ecoles-partenaires,Grenoble Ecole de Management,0.9,International,yes,quote found on page,2026-10-08T17:48:13Z
r007,Strate,EM Lyon,France,school,study,https://www.strate.design/international/ecoles-partenaires,EM Lyon,0.9,National,yes,quote found on page,2026-10-08T17:48:13Z
r007,Strate,Coventry University,United Kingdom,university,study,https://www.strate.design/international/ecoles-partenaires,Coventry University,0.9,International,yes,quote found on page,2026-10-08T17:48:13Z
r007,Strate,Nottingham Trent University,United Kingdom,university,study,https://www.strate.design/international/ecoles-partenaires,Nottingham Trent University,0.9,International,yes,quote found on page,2026-10-08T17:48:13Z
r007,Strate,Istituto Marangoni London,United Kingdom,school,study,https://www.strate.design/international/ecoles-partenaires,Istituto Marangoni London,0.9,International,yes,quote found on page,2026-10-08T17:48:13Z
r007,Strate,La Sapienza,Italy,university,study,https://www.strate.design/international/ecoles-partenaires,La Sapienza,0.9,International,yes,quote found on page,2026-10-08T17:48:13Z
r007,Strate,Politecnico di Milano,Italy,university,study,https://www.strate.design/international/ecoles-partenaires,Politecnico di Milano,0.9,International,yes,quote found on page,2026-10-08T17:48:13Z
r007,Strate,Politecnico di Torino,Italy,university,study,https://www.strate.design/international/ecoles-partenaires,Politecnico di Torino,0.9,International,yes,quote found on page,2026-10-08T17:48:13Z
r007,Strate,Domus Academy - Milan,Italy,school,study,https://www.strate.design/international/ecoles-partenaires,Domus Academy - Milan,0.9,International,yes,quote found on page,2026-10-08T17:48:13Z
r007,Strate,Poliarte Ancona,Italy,school,study,https://www.strate.design/international/ecoles-partenaires,Poliarte Ancona,0.9,International,yes,quote found on page,2026-10-08T17:48:13Z
r007,Strate,Oslo School of Architecture,Norway,school,study,https://www.strate.design/international/ecoles-partenaires,Oslo School of Architecture,0.9,International,yes,quote found on page,2026-10-08T17:48:13Z
r007,Strate,Delft University of Technology,Netherlands,university,study,https://www.strate.design/international/ecoles-partenaires,Delft University of Technology,0.9,International,yes,quote found on page,2026-10-08T17:48:13Z
r007,Strate,Academy of Fine Arts in Warsaw,Poland,school,study,https://www.strate.design/international/ecoles-partenaires,Academy of Fine Arts in Warsaw,0.9,International,yes,quote found on page,2026-10-08T17:48:13Z
r007,Strate,Instituto de Artes Visuais Design e Marketing,Portugal,school,study,https://www.strate.design/international/ecoles-partenaires,Instituto de Artes Visuais Design e Marketing,0.9,International,yes,quote found on page,2026-10-08T17:48:13Z
r007,Strate,Universidade de Aveiro,Portugal,university,study,https://www.strate.design/international/ecoles-partenaires,Universidade de Aveiro,0.9,International,yes,quote found on page,2026-10-08T17:48:13Z
r007,Strate,University of Primorska,Slovenia,university,study,https://www.strate.design/international/ecoles-partenaires,University of Primorska,0.9,International,yes,quote found on page,2026-10-08T17:48:13Z
r007,Strate,Lund University,Sweden,university,study,https://www.strate.design/international/ecoles-partenaires,Lund University,0.9,International,yes,quote found on page,2026-10-08T17:48:13Z
r007,Strate,Umeå Institute of Design,Sweden,university,study,https://www.strate.design/international/ecoles-partenaires,Umeå Institute of Design,0.9,International,yes,quote found on page,2026-10-08T17:48:13Z
r007,Strate,Ecole cantonale d'art de Lausanne (ECAL),Switzerland,school,study,https://www.strate.design/international/ecoles-partenaires,Ecole cantonale d'art de Lausanne (ECAL),0.9,International,yes,quote found on page,2026-10-08T17:48:13Z
r007,Strate,Central University of Technology,South Africa,university,study,https://www.strate.design/international/ecoles-partenaires,Central University of Technology,0.9,International,yes,quote found on page,2026-10-08T17:48:13Z
r007,Strate,University of Johannesburg,South Africa,university,study,https://www.strate.design/international/ecoles-partenaires,University of Johannesburg,0.9,International,yes,quote found on page,2026-10-08T17:48:13Z
r007,Strate,Université Concordia,Canada,university,study,https://www.strate.design/international/ecoles-partenaires,Université Concordia,0.9,International,yes,quote found on page,2026-10-08T17:48:13Z
r007,Strate,Université de Montréal,Canada,university,study,https://www.strate.design/international/ecoles-partenaires,Université de Montréal,0.9,International,yes,quote found on page,2026-10-08T17:48:13Z
r007,Strate,Université Laval,Canada,university,study,https://www.strate.design/international/ecoles-partenaires,Université Laval,0.9,International,yes,quote found on page,2026-10-08T17:48:13Z
r007,Strate,UQAM Montréal,university,university,study,https://www.strate.design/international/ecoles-partenaires,UQAM Montréal,0.9,International,yes,quote found on page,2026-10-08T17:48:13Z
r007,Strate,HEC Montréal,Canada,college,study,https://www.strate.design/international/ecoles-partenaires,HEC Montréal,0.9,International,yes,quote found on page,2026-10-08T17:48:13Z
r007,Strate,Universidad Mayor,Chile,university,study,https://www.strate.design/international/ecoles-partenaires,Universidad Mayor,0.9,International,yes,quote found on page,2026-10-08T17:48:13Z
r007,Strate,Jiangnan University,China,university,study,https://www.strate.design/international/ecoles-partenaires,Jiangnan University,0.9,International,yes,quote found on page,2026-10-08T17:48:13Z
r007,Strate,Tongji University,China,university,study,https://www.strate.design/international/ecoles-partenaires,Tongji University,0.9,International,yes,quote found on page,2026-10-08T17:48:13Z
r007,Strate,CAFA,China,school,study,https://www.strate.design/international/ecoles-partenaires,CAFA,0.9,International,yes,quote found on page,2026-10-08T17:48:13Z
r007,Strate,Universidad EAFIT,Colombia,university,study,https://www.strate.design/international/ecoles-partenaires,Universidad EAFIT,0.9,International,yes,quote found on page,2026-10-08T17:48:13Z
r007,Strate,Universidad El Bosque,Colombia,university,study,https://www.strate.design/international/ecoles-partenaires,Universidad El Bosque,0.9,International,yes,quote found on page,2026-10-08T17:48:13Z
r007,Strate,Kookmin University,South Korea,university,study,https://www.strate.design/international/ecoles-partenaires,Kookmin University,0.9,International,yes,quote found on page,2026-10-08T17:48:13Z
r007,Strate,Yonsei University,South Korea,university,study,https://www.strate.design/international/ecoles-partenaires,Yonsei University,0.9,International,yes,quote found on page,2026-10-08T17:48:13Z
r007,Strate,Sookmyung University,South Korea,university,study,https://www.strate.design/international/ecoles-partenaires,Sookmyung University,0.9,International,yes,quote found on page,2026-10-08T17:48:13Z
r007,Strate,ArtCenter,United States,school,study,https://www.strate.design/international/ecoles-partenaires,ArtCenter,0.9,International,yes,quote found on page,2026-10-08T17:48:13Z
r007,Strate,Cleveland Institute of Art,United States,school,study,https://www.strate.design/international/ecoles-partenaires,Cleveland Institute of Art,0.9,International,yes,quote found on page,2026-10-08T17:48:13Z
r007,Strate,College for Creative Studies,United States,school,study,https://www.strate.design/international/ecoles-partenaires,College for Creative Studies,0.9,International,yes,quote found on page,2026-10-08T17:48:13Z
r007,Strate,Rhode Island School of Design,United States,school,study,https://www.strate.design/international/ecoles-partenaires,Rhode Island School of Design,0.9,International,yes,quote found on page,2026-10-08T17:48:13Z
r007,Strate,California State University of Long Beach,United States,university,study,https://www.strate.design/international/ecoles-partenaires,California State University of Long Beach,0.9,International,yes,quote found on page,2026-10-08T17:48:13Z
r007,Strate,Bezalel Academy of Arts and Design,Israel,school,study,https://www.strate.design/international/ecoles-partenaires,Bezalel Academy of Arts and Design,0.9,International,yes,quote found on page,2026-10-08T17:48:13Z
r007,Strate,Holon Institute of Technology,Israel,university,study,https://www.strate.design/international/ecoles-partenaires,Holon Institute of Technology,0.9,International,yes,quote found on page,2026-10-08T17:48:13Z
r007,Strate,The Collegement of Management Studies,Israel,college,study,https://www.strate.design/international/ecoles-partenaires,The Collegement of Management Studies,0.9,International,yes,quote found on page,2026-10-08T17:48:13Z
r007,Strate,Chiba University,Japan,university,study,https://www.strate.design/international/ecoles-partenaires,Chiba University,0.9,International,yes,quote found on page,2026-10-08T17:48:13Z
r007,Strate,Tokyo Communication Art training Design,school,school,study,https://www.strate.design/international/ecoles-partenaires,Tokyo Communication Art training Design,0.9,International,yes,quote found on page,2026-10-08T17:48:13Z
r007,Strate,University of Tsukuba,Japan,university,study,https://www.strate.design/international/ecoles-partenaires,University of Tsukuba,0.9,International,yes,quote found on page,2026-10-08T17:48:13Z
r007,Strate,ESCA,Morocco,school,study,https://www.strate.design/international/ecoles-partenaires,ESCA,0.9,International,yes,quote found on page,2026-10-08T17:48:13Z
r007,Strate,Art'Com Sup,Morocco,school,study,https://www.strate.design/international/ecoles-partenaires,Art'Com Sup,0.9,International,yes,quote found on page,2026-10-08T17:48:13Z
r007,Strate,Universidad Autonoma Metropolitana,Mexico,university,study,https://www.strate.design/international/ecoles-partenaires,Universidad Autonoma Metropolitana,0.9,International,yes,quote found on page,2026-10-08T17:48:13Z
r007,Strate,Universidad de Monterrey,Mexico,university,study,https://www.strate.design/international/ecoles-partenaires,Universidad de Monterrey,0.9,International,yes,quote found on page,2026-10-08T17:48:13Z
r007,Strate,National University of Singapore,Singapore,university,study,https://www.strate.design/international/ecoles-partenaires,National University of Singapore,0.9,International,yes,quote found on page,2026-10-08T17:48:13Z
r007,Strate,ESSTED,Tunisia,school,study,https://www.strate.design/international/ecoles-partenaires,ESSTED,0.9,International,yes,quote found on page,2026-10-08T17:48:13Z
r007,Strate,Galileo Global Education,unknown,company,unknown,https://www.strate.design/,Galileo Global Education,0.9,Unknown,yes,quote found on page,2026-10-08T17:48:13Z
r007,Strate,Peugeot,unknown,company,unknown,https://www.strate.design/,Strate et Peugeot unissent leurs expertises pour imaginer la mobilité de demain.,0.9,Unknown,yes,quote found on page,2026-10-08T17:48:13Z
r007,Strate,Bouygues immo,unknown,company,unknown,https://www.strate.design/,[Bouygues immo],0.9,Unknown,yes,quote found on page,2026-10-08T17:48:13Z
r007,Strate,Valéo,unknown,company,unknown,https://www.strate.design/,[Valéo],0.9,Unknown,yes,quote found on page,2026-10-08T17:48:13Z
r007,Strate,Tefal,unknown,company,unknown,https://www.strate.design/,[Tefal],0.9,Unknown,yes,quote found on page,2026-10-08T17:48:13Z
r007,Strate,Alpine,unknown,company,unknown,https://www.strate.design/,[Alpine],0.9,Unknown,yes,quote found on page,2026-10-08T17:48:13Z
r007,Strate,Bel,unknown,company,unknown,https://www.strate.design/,[Bel],0.9,Unknown,yes,quote found on page,2026-10-08T17:48:13Z
r007,Strate,BPCE,unknown,company,unknown,https://www.strate.design/,[BPCE],0.9,Unknown,yes,quote found on page,2026-10-08T17:48:13Z
r007,Strate,Braun,unknown,company,unknown,https://www.strate.design/,[Braun],0.9,Unknown,yes,quote found on page,2026-10-08T17:48:13Z
r007,Strate,Decathlon,unknown,company,unknown,https://www.strate.design/,[Decathlon],0.9,Unknown,yes,quote found on page,2026-10-08T17:48:13Z
r007,Strate,Emmaus,unknown,company,unknown,https://www.strate.design/,[Emmaus],0.9,Unknown,yes,quote found on page,2026-10-08T17:48:13Z
r007,Strate,LVMH,unknown,company,unknown,https://www.strate.design/,[LVMH],0.9,Unknown,yes,quote found on page,2026-10-08T17:48:13Z
r007,Strate,Renault,unknown,company,unknown,https://www.strate.design/,[Renault],0.9,Unknown,yes,quote found on page,2026-10-08T17:48:13Z
r007,Strate,Reporters d'espoirs,unknown,company,unknown,https://www.strate.design/,[Reporters d'espoirs],0.9,Unknown,yes,quote found on page,2026-10-08T17:48:13Z
r007,Strate,Stellantis,unknown,company,unknown,https://www.strate.design/,[Stellantis],0.9,Unknown,yes,quote found on page,2026-10-08T17:48:13Z
r007,Strate,Studea,unknown,company,unknown,https://www.strate.design/,[Studea],0.9,Unknown,yes,quote found on page,2026-10-08T17:48:13Z
r007,Strate,Urbanera,unknown,company,unknown,https://www.strate.design/,[Urbanera],0.9,Unknown,yes,quote found on page,2026-10-08T17:48:13Z
r007,Strate,Citeo,unknown,company,unknown,https://www.strate.design/,[Citeo],0.9,Unknown,yes,quote found on page,2026-10-08T17:48:13Z
r007,Strate,Glowee,unknown,company,unknown,https://www.strate.design/,[Glowee],0.9,Unknown,yes,quote found on page,2026-10-08T17:48:13Z
r007,Strate,Nestlé,unknown,company,unknown,https://www.strate.design/,[Nestlé],0.9,Unknown,yes,quote found on page,2026-10-08T17:48:13Z
r007,Strate,Derichebourg,unknown,company,unknown,https://www.strate.design/,[Derichebourg],0.9,Unknown,yes,quote found on page,2026-10-08T17:48:13Z
r007,Strate,Oze energies,unknown,company,unknown,https://www.strate.design/,[Oze energies],0.9,Unknown,yes,quote found on page,2026-10-08T17:48:13Z
r007,Strate,Safran,unknown,company,unknown,https://www.strate.design/,[Safran],0.9,Unknown,yes,quote found on page,2026-10-08T17:48:13Z
r007,Strate,Korian,unknown,company,unknown,https://www.strate.design/,[Korian],0.9,Unknown,yes,quote found on page,2026-10-08T17:48:13Z
r007,Strate,Alstom,unknown,company,unknown,https://www.strate.design/,[Alstom],0.9,Unknown,yes,quote found on page,2026-10-08T17:48:13Z
r007,Strate,Lancel,unknown,company,unknown,https://www.strate.design/,[Lancel],0.9,Unknown,yes,quote found on page,2026-10-08T17:48:13Z
r007,Strate,Schoolab,unknown,company,unknown,https://www.strate.design/,[Schoolab],0.9,Unknown,yes,quote found on page,2026-10-08T17:48:13Z
r007,Strate,maif,unknown,company,unknown,https://www.strate.design/,[maif],0.9,Unknown,yes,quote found on page,2026-10-08T17:48:13Z
r007,Strate,orange,unknown,company,unknown,https://www.strate.design/,[orange],0.9,Unknown,yes,quote found on page,2026-10-08T17:48:13Z
r007,Strate,Quechua,unknown,company,unknown,https://www.strate.design/,[Quechua],0.9,Unknown,yes,quote found on page,2026-10-08T17:48:13Z
r007,Strate,sncf,unknown,company,unknown,https://www.strate.design/,[sncf],0.9,Unknown,yes,quote found on page,2026-10-08T17:48:13Z
r007,Strate,edf,unknown,company,unknown,https://www.strate.design/,[edf],0.9,Unknown,yes,quote found on page,2026-10-08T17:48:13Z
r007,Strate,Cartier,unknown,company,unknown,https://www.strate.design/,[Cartier],0.9,Unknown,yes,quote found on page,2026-10-08T17:48:13Z
r007,Strate,Harfang,unknown,company,unknown,https://www.strate.design/,[Harfang],0.9,Unknown,yes,quote found on page,2026-10-08T17:48:13Z
r007,Strate,Institut Carnot Télécom & Société numérique,France,network,unknown,https://www.strate.design/,"2016 Strate - Établissement d'enseignement supérieur technique privé reconnu par l'État, membre de l'Institut Carnot Télécom & Société numérique et labellisée Carnot pour la qualité de ses partenariats de recherche.",0.9,National,yes,quote found on page,2026-10-08T17:48:13Z
r007,Strate,Institut Carnot,unknown,network,unknown,https://www.strate.design/,[Institut Carnot],0.9,International,yes,quote found on page,2026-10-08T17:48:13Z
r007,Strate,Bouygues Immobilier,France,company,unknown,https://www.strate.design/entreprise,Bouygues Immobilier x Strate : Logement inclusif et adaptif,0.9,National,yes,quote found on page,2026-10-08T17:48:13Z
r007,Strate,Groupe BPCE,France,company,unknown,https://www.strate.design/entreprise,[Groupe BPCE2],0.9,National,yes,quote found on page,2026-10-08T17:48:13Z
r007,Strate,Harfang 3D,France,company,unknown,https://www.strate.design/entreprise,[Harfang 3D],0.9,National,yes,quote found on page,2026-10-08T17:48:13Z
r007,Strate,Nexity,France,company,unknown,https://www.strate.design/entreprise,[Nexity_studéa2],0.9,National,yes,quote found on page,2026-10-08T17:48:13Z
r007,Strate,Plicosa,France,company,unknown,https://www.strate.design/entreprise,[Plicosa2],0.9,National,yes,quote found on page,2026-10-08T17:48:13Z
r007,Strate,Bellecour Ecole,France,school,unknown,https://www.strate.design/ecole-design/reseau-studialis-galileo,[Bellecour Ecole] [CLCF] [Cifap] [Strate] [Atelier Chardon Savard] [logo cours florent] [Hetic] [IESA] [IESA Multimédia] [LISAA] [Ecole Web School Factory] [Ecole de design graphique] [logo cifacom] [Logo ITM Paris],0.9,National,yes,quote found on page,2026-10-08T17:48:13Z
r007,Strate,CLCF,France,school,unknown,https://www.strate.design/ecole-design/reseau-studialis-galileo,[Bellecour Ecole] [CLCF] [Cifap] [Strate] [Atelier Chardon Savard] [logo cours florent] [Hetic] [IESA] [IESA Multimédia] [LISAA] [Ecole Web School Factory] [Ecole de design graphique] [logo cifacom] [Logo ITM Paris],0.9,National,yes,quote found on page,2026-10-08T17:48:13Z
r007,Strate,Cifap,France,school,unknown,https://www.strate.design/ecole-design/reseau-studialis-galileo,[Bellecour Ecole] [CLCF] [Cifap] [Strate] [Atelier Chardon Savard] [logo cours florent] [Hetic] [IESA] [IESA Multimédia] [LISAA] [Ecole Web School Factory] [Ecole de design graphique] [logo cifacom] [Logo ITM Paris],0.9,National,yes,quote found on page,2026-10-08T17:48:13Z
r007,Strate,Atelier Chardon Savard,France,school,unknown,https://www.strate.design/ecole-design/reseau-studialis-galileo,[Bellecour Ecole] [CLCF] [Cifap] [Strate] [Atelier Chardon Savard] [logo cours florent] [Hetic] [IESA] [IESA Multimédia] [LISAA] [Ecole Web School Factory] [Ecole de design graphique] [logo cifacom] [Logo ITM Paris],0.9,National,yes,quote found on page,2026-10-08T17:48:13Z
r007,Strate,Cours Florent,France,school,unknown,https://www.strate.design/ecole-design/reseau-studialis-galileo,[Bellecour Ecole] [CLCF] [Cifap] [Strate] [Atelier Chardon Savard] [logo cours florent] [Hetic] [IESA] [IESA Multimédia] [LISAA] [Ecole Web School Factory] [Ecole de design graphique] [logo cifacom] [Logo ITM Paris],0.9,National,yes,quote found on page,2026-10-08T17:48:13Z
r007,Strate,Hetic,France,school,unknown,https://www.strate.design/ecole-design/reseau-studialis-galileo,[Bellecour Ecole] [CLCF] [Cifap] [Strate] [Atelier Chardon Savard] [logo cours florent] [Hetic] [IESA] [IESA Multimédia] [LISAA] [Ecole Web School Factory] [Ecole de design graphique] [logo cifacom] [Logo ITM Paris],0.9,National,yes,quote found on page,2026-10-08T17:48:13Z
r007,Strate,IESA,France,school,unknown,https://www.strate.design/ecole-design/reseau-studialis-galileo,[Bellecour Ecole] [CLCF] [Cifap] [Strate] [Atelier Chardon Savard] [logo cours florent] [Hetic] [IESA] [IESA Multimédia] [LISAA] [Ecole Web School Factory] [Ecole de design graphique] [logo cifacom] [Logo ITM Paris],0.9,National,yes,quote found on page,2026-10-08T17:48:13Z
r007,Strate,IESA Multimédia,France,school,unknown,https://www.strate.design/ecole-design/reseau-studialis-galileo,[Bellecour Ecole] [CLCF] [Cifap] [Strate] [Atelier Chardon Savard] [logo cours florent] [Hetic] [IESA] [IESA Multimédia] [LISAA] [Ecole Web School Factory] [Ecole de design graphique] [logo cifacom] [Logo ITM Paris],0.9,National,yes,quote found on page,2026-10-08T17:48:13Z
r007,Strate,LISAA,France,school,unknown,https://www.strate.design/ecole-design/reseau-studialis-galileo,[Bellecour Ecole] [CLCF] [Cifap] [Strate] [Atelier Chardon Savard] [logo cours florent] [Hetic] [IESA] [IESA Multimédia] [LISAA] [Ecole Web School Factory] [Ecole de design graphique] [logo cifacom] [Logo ITM Paris],0.9,National,yes,quote found on page,2026-10-08T17:48:13Z
r007,Strate,Ecole Web School Factory,France,school,unknown,https://www.strate.design/ecole-design/reseau-studialis-galileo,[Bellecour Ecole] [CLCF] [Cifap] [Strate] [Atelier Chardon Savard] [logo cours florent] [Hetic] [IESA] [IESA Multimédia] [LISAA] [Ecole Web School Factory] [Ecole de design graphique] [logo cifacom] [Logo ITM Paris],0.9,National,yes,quote found on page,2026-10-08T17:48:13Z
r007,Strate,Ecole de design graphique,France,school,unknown,https://www.strate.design/ecole-design/reseau-studialis-galileo,[Bellecour Ecole] [CLCF] [Cifap] [Strate] [Atelier Chardon Savard] [logo cours florent] [Hetic] [IESA] [IESA Multimédia] [LISAA] [Ecole Web School Factory] [Ecole de design graphique] [logo cifacom] [Logo ITM Paris],0.9,National,yes,quote found on page,2026-10-08T17:48:13Z
r007,Strate,Cifacom,France,school,unknown,https://www.strate.design/ecole-design/reseau-studialis-galileo,[Bellecour Ecole] [CLCF] [Cifap] [Strate] [Atelier Chardon Savard] [logo cours florent] [Hetic] [IESA] [IESA Multimédia] [LISAA] [Ecole Web School Factory] [Ecole de design graphique] [logo cifacom] [Logo ITM Paris],0.9,National,yes,quote found on page,2026-10-08T17:48:13Z
r007,Strate,ITM Paris,France,school,unknown,https://www.strate.design/ecole-design/reseau-studialis-galileo,[Bellecour Ecole] [CLCF] [Cifap] [Strate] [Atelier Chardon Savard] [logo cours florent] [Hetic] [IESA] [IESA Multimédia] [LISAA] [Ecole Web School Factory] [Ecole de design graphique] [logo cifacom] [Logo ITM Paris],0.9,National,yes,quote found on page,2026-10-08T17:48:13Z
r007,Strate,PSB,France,school,unknown,https://www.strate.design/ecole-design/reseau-studialis-galileo,[logo PSB] [école Narratiiv] [ESGCI] [ESG Finance] [ESGRH] [ESG Langues] [ESG Exectuive] [MBA ESG] [ESG Ecole de commerce] [Esarc Evolution],0.9,National,yes,quote found on page,2026-10-08T17:48:13Z
r007,Strate,Narratiiv,France,school,unknown,https://www.strate.design/ecole-design/reseau-studialis-galileo,[logo PSB] [école Narratiiv] [ESGCI] [ESG Finance] [ESGRH] [ESG Langues] [ESG Exectuive] [MBA ESG] [ESG Ecole de commerce] [Esarc Evolution],0.9,National,yes,quote found on page,2026-10-08T17:48:13Z
r007,Strate,ESGCI,France,school,unknown,https://www.strate.design/ecole-design/reseau-studialis-galileo,[logo PSB] [école Narratiiv] [ESGCI] [ESG Finance] [ESGRH] [ESG Langues] [ESG Exectuive] [MBA ESG] [ESG Ecole de commerce] [Esarc Evolution],0.9,National,yes,quote found on page,2026-10-08T17:48:13Z
r007,Strate,ESG Finance,France,school,unknown,https://www.strate.design/ecole-design/reseau-studialis-galileo,[logo PSB] [école Narratiiv] [ESGCI] [ESG Finance] [ESGRH] [ESG Langues] [ESG Exectuive] [MBA ESG] [ESG Ecole de commerce] [Esarc Evolution],0.9,National,yes,quote found on page,2026-10-08T17:48:13Z
r007,Strate,ESGRH,France,school,unknown,https://www.strate.design/ecole-design/reseau-studialis-galileo,[logo PSB] [école Narratiiv] [ESGCI] [ESG Finance] [ESGRH] [ESG Langues] [ESG Exectuive] [MBA ESG] [ESG Ecole de commerce] [Esarc Evolution],0.9,National,yes,quote found on page,2026-10-08T17:48:13Z
r007,Strate,ESG Langues,France,school,unknown,https://www.strate.design/ecole-design/reseau-studialis-galileo,[logo PSB] [école Narratiiv] [ESGCI] [ESG Finance] [ESGRH] [ESG Langues] [ESG Exectuive] [MBA ESG] [ESG Ecole de commerce] [Esarc Evolution],0.9,National,yes,quote found on page,2026-10-08T17:48:13Z
r007,Strate,ESG Exectuive,France,school,unknown,https://www.strate.design/ecole-design/reseau-studialis-galileo,[logo PSB] [école Narratiiv] [ESGCI] [ESG Finance] [ESGRH] [ESG Langues] [ESG Exectuive] [MBA ESG] [ESG Ecole de commerce] [Esarc Evolution],0.9,National,yes,quote found on page,2026-10-08T17:48:13Z
r007,Strate,MBA ESG,France,school,unknown,https://www.strate.design/ecole-design/reseau-studialis-galileo,[logo PSB] [école Narratiiv] [ESGCI] [ESG Finance] [ESGRH] [ESG Langues] [ESG Exectuive] [MBA ESG] [ESG Ecole de commerce] [Esarc Evolution],0.9,National,yes,quote found on page,2026-10-08T17:48:13Z
r007,Strate,ESG Ecole de commerce,France,school,unknown,https://www.strate.design/ecole-design/reseau-studialis-galileo,[logo PSB] [école Narratiiv] [ESGCI] [ESG Finance] [ESGRH] [ESG Langues] [ESG Exectuive] [MBA ESG] [ESG Ecole de commerce] [Esarc Evolution],0.9,National,yes,quote found on page,2026-10-08T17:48:13Z
r007,Strate,Esarc Evolution,France,school,unknown,https://www.strate.design/ecole-design/reseau-studialis-galileo,[logo PSB] [école Narratiiv] [ESGCI] [ESG Finance] [ESGRH] [ESG Langues] [ESG Exectuive] [MBA ESG] [ESG Ecole de commerce] [Esarc Evolution],0.9,National,yes,quote found on page,2026-10-08T17:48:13Z
r007,Strate,éva Santé,France,school,unknown,https://www.strate.design/ecole-design/reseau-studialis-galileo,[éva Santé logo],0.9,National,yes,quote found on page,2026-10-08T17:48:13Z
r008,Ecole Supérieure de Praxis Sociale,École normale supérieure,France,university,unknown,https://www.espci.psl.eu/en/about/the-campus-and-its-future/,"The project is based on a spiral-shaped reconfiguration of the site, progressing from the outside towards the heart of the block. It includes relocating the main entrance to Place Alfred-Kastler, opening the School up more fully to the city and to neighbouring PSL institutions, particularly the École normale supérieure – PSL.",0.9,National,no,cited page was not read by the fetcher (cannot check),2026-10-08T17:48:10Z
r008,Ecole Supérieure de Praxis Sociale,Université Paris Sciences & Lettres,France,university,unknown,https://www.espci.psl.eu/recrutement/offres-emploi/postdoctorant-en-synthese-et-mise-en-forme-de-reseaux-metallo-organiques-pour-les-batteries-thermiques-institut-des-materiaux-poreux-de-paris/,"L’établissement fait partie de l’Université Paris Sciences & Lettres. Numéro 1 du classement mondial des jeunes universités publié par le Times Higher Education, PSL figure également parmi les 50 meilleures universités mondiales dans plusieurs classements internationaux.",0.9,National,no,cited page was not read by the fetcher (cannot check),2026-10-08T17:48:10Z
r008,Ecole Supérieure de Praxis Sociale,CNRS,France,other,unknown,https://www.espci.psl.eu/recrutement/offres-emploi/postdoctorant-en-synthese-et-mise-en-forme-de-reseaux-metallo-organiques-pour-les-batteries-thermiques-institut-des-materiaux-poreux-de-paris/,"La personne recrutée rejoindra l’Institut des Matériaux Poreux de Paris, unité mixte de recherche associant le CNRS, l’École normale supérieure, l’ESPCI et l’Université PSL.",0.9,National,no,cited page was not read by the fetcher (cannot check),2026-10-08T17:48:10Z
r008,Ecole Supérieure de Praxis Sociale,Université PSL,France,university,unknown,https://www.espci.psl.eu/,Université PSL,0.9,National,no,cited page was not read by the fetcher (cannot check),2026-10-08T17:48:10Z
r008,Ecole Supérieure de Praxis Sociale,Net.Com,unknown,company,unknown,https://www.espci.psl.eu/,Réalisation © Net.Com,0.9,Unknown,no,cited page was not read by the fetcher (cannot check),2026-10-08T17:48:10Z
r008,Ecole Supérieure de Praxis Sociale,L’École normale supérieure,France,university,unknown,https://www.espci.psl.eu/presentation/futur-campus/,"Le projet repose sur une recomposition du site « en spirale », de l’extérieur vers le cœur d’îlot. Il prévoit le déplacement de l’entrée principale Place Alfred-Kastler, afin d’ouvrir davantage l’école sur la Ville et les institutions voisines de PSL, notamment L’École normale supérieure.",0.9,National,no,cited page was not read by the fetcher (cannot check),2026-10-08T17:48:10Z
r009,Institut Supérieur des Biotechnologies de Paris,Nelson Mandela Metropolitan University,SOUTH AFRICA,university,unknown,https://www.supbiotech.fr/international/partenaires/,Nelson Mandela Metropolitan University,0.9,International,no,cited page was not read by the fetcher (cannot check),2026-10-08T17:48:00Z
r009,Institut Supérieur des Biotechnologies de Paris,Stellenbosch University,SOUTH AFRICA,university,unknown,https://www.supbiotech.fr/international/partenaires/,Stellenbosch University,0.9,International,no,cited page was not read by the fetcher (cannot check),2026-10-08T17:48:00Z
r009,Institut Supérieur des Biotechnologies de Paris,Polytechnique Sousse,TUNISIA,university,unknown,https://www.supbiotech.fr/international/partenaires/,Polytechnique Sousse,0.9,International,no,cited page was not read by the fetcher (cannot check),2026-10-08T17:48:00Z
r009,Institut Supérieur des Biotechnologies de Paris,Université Libre de Tunis,TUNISIA,university,unknown,https://www.supbiotech.fr/international/partenaires/,Université Libre de Tunis,0.9,International,no,cited page was not read by the fetcher (cannot check),2026-10-08T17:48:00Z
r009,Institut Supérieur des Biotechnologies de Paris,Federal University of Ouro Preto,BRAZIL,university,unknown,https://www.supbiotech.fr/international/partenaires/,Federal University of Ouro Preto,0.9,International,no,cited page was not read by the fetcher (cannot check),2026-10-08T17:48:00Z
r009,Institut Supérieur des Biotechnologies de Paris,Universidade Federal de Mato Grosso,BRAZIL,university,unknown,https://www.supbiotech.fr/international/partenaires/,Universidade Federal de Mato Grosso,0.9,International,no,cited page was not read by the fetcher (cannot check),2026-10-08T17:48:00Z
r009,Institut Supérieur des Biotechnologies de Paris,"Instituto Federal de Educação, Ciência e Tecnologia do Rio de Janeiro",BRAZIL,university,unknown,https://www.supbiotech.fr/international/partenaires/,"Instituto Federal de Educação, Ciência e Tecnologia do Rio de Janeiro",0.9,International,no,cited page was not read by the fetcher (cannot check),2026-10-08T17:48:00Z
r009,Institut Supérieur des Biotechnologies de Paris,Universidade Federal do ABC,BRAZIL,university,unknown,https://www.supbiotech.fr/international/partenaires/,Universidade Federal do ABC,0.9,International,no,cited page was not read by the fetcher (cannot check),2026-10-08T17:48:00Z
r009,Institut Supérieur des Biotechnologies de Paris,University of Ribeirão Preto,BRAZIL,university,unknown,https://www.supbiotech.fr/international/partenaires/,University of Ribeirão Preto,0.9,International,no,cited page was not read by the fetcher (cannot check),2026-10-08T17:48:00Z
r009,Institut Supérieur des Biotechnologies de Paris,Pontifical Catholic University of Paraná,BRAZIL,university,unknown,https://www.supbiotech.fr/international/partenaires/,Pontifical Catholic University of Paraná,0.9,International,no,cited page was not read by the fetcher (cannot check),2026-10-08T17:48:00Z
r009,Institut Supérieur des Biotechnologies de Paris,Universidade Federal de Viçosa,BRAZIL,university,unknown,https://www.supbiotech.fr/international/partenaires/,Universidade Federal de Viçosa,0.9,International,no,cited page was not read by the fetcher (cannot check),2026-10-08T17:48:00Z
r009,Institut Supérieur des Biotechnologies de Paris,Algoma University,CANADA,university,unknown,https://www.supbiotech.fr/international/partenaires/,Algoma University,0.9,International,no,cited page was not read by the fetcher (cannot check),2026-10-08T17:48:00Z
r009,Institut Supérieur des Biotechnologies de Paris,Université de Montréal,CANADA,university,unknown,https://www.supbiotech.fr/international/partenaires/,Université de Montréal,0.9,International,no,cited page was not read by the fetcher (cannot check),2026-10-08T17:48:00Z
r009,Institut Supérieur des Biotechnologies de Paris,Laurentian University,CANADA,university,unknown,https://www.supbiotech.fr/international/partenaires/,Laurentian University,0.9,International,no,cited page was not read by the fetcher (cannot check),2026-10-08T17:48:00Z
r009,Institut Supérieur des Biotechnologies de Paris,York University,CANADA,university,unknown,https://www.supbiotech.fr/international/partenaires/,York University,0.9,International,no,cited page was not read by the fetcher (cannot check),2026-10-08T17:48:00Z
r009,Institut Supérieur des Biotechnologies de Paris,Boston University,ÉTATS-UNIS,university,unknown,https://www.supbiotech.fr/international/partenaires/,Boston University,0.9,International,no,cited page was not read by the fetcher (cannot check),2026-10-08T17:48:00Z
r009,Institut Supérieur des Biotechnologies de Paris,CSU Long Beach,UNITED STATES,university,unknown,https://www.supbiotech.fr/international/partenaires/,CSU Long Beach,0.9,International,no,cited page was not read by the fetcher (cannot check),2026-10-08T17:48:00Z
r009,Institut Supérieur des Biotechnologies de Paris,CSU Monterey Bay,UNITED STATES,university,unknown,https://www.supbiotech.fr/international/partenaires/,CSU Monterey Bay,0.9,International,no,cited page was not read by the fetcher (cannot check),2026-10-08T17:48:00Z
r009,Institut Supérieur des Biotechnologies de Paris,CSU San Marcos,UNITED STATES,university,unknown,https://www.supbiotech.fr/international/partenaires/,CSU San Marcos,0.9,International,no,cited page was not read by the fetcher (cannot check),2026-10-08T17:48:00Z
r009,Institut Supérieur des Biotechnologies de Paris,UC San Diego,UNITED STATES,university,unknown,https://www.supbiotech.fr/international/partenaires/,UC San Diego,0.9,International,no,cited page was not read by the fetcher (cannot check),2026-10-08T17:48:00Z
r009,Institut Supérieur des Biotechnologies de Paris,San Diego State University,UNITED STATES,university,unknown,https://www.supbiotech.fr/international/partenaires/,San Diego State University,0.9,International,no,cited page was not read by the fetcher (cannot check),2026-10-08T17:48:00Z
r009,Institut Supérieur des Biotechnologies de Paris,San Francisco State University,UNITED STATES,university,unknown,https://www.supbiotech.fr/international/partenaires/,San Francisco State University,0.9,International,no,cited page was not read by the fetcher (cannot check),2026-10-08T17:48:00Z
r009,Institut Supérieur des Biotechnologies de Paris,University of California Santa Barbara,UNITED STATES,university,unknown,https://www.supbiotech.fr/international/partenaires/,University of California Santa Barbara,0.9,International,no,cited page was not read by the fetcher (cannot check),2026-10-08T17:48:00Z
r009,Institut Supérieur des Biotechnologies de Paris,University of California,UNITED STATES,university,unknown,https://www.supbiotech.fr/international/partenaires/,University of California,0.9,International,no,cited page was not read by the fetcher (cannot check),2026-10-08T17:48:00Z
r009,Institut Supérieur des Biotechnologies de Paris,Tecnológico de Monterrey,MEXICO,university,unknown,https://www.supbiotech.fr/international/partenaires/,Tecnológico de Monterrey,0.9,International,no,cited page was not read by the fetcher (cannot check),2026-10-08T17:48:00Z
r009,Institut Supérieur des Biotechnologies de Paris,Universidad Autonoma de Baja California,MEXICO,university,unknown,https://www.supbiotech.fr/international/partenaires/,Universidad Autonoma de Baja California,0.9,International,no,cited page was not read by the fetcher (cannot check),2026-10-08T17:48:00Z
r009,Institut Supérieur des Biotechnologies de Paris,Universidad de Ingeniera y Tecnologia,PERU,university,unknown,https://www.supbiotech.fr/international/partenaires/,Universidad de Ingeniera y Tecnologia,0.9,International,no,cited page was not read by the fetcher (cannot check),2026-10-08T17:48:00Z
r009,Institut Supérieur des Biotechnologies de Paris,University of Puerto Rico,PUERTO RICO,university,unknown,https://www.supbiotech.fr/international/partenaires/,University of Puerto Rico,0.9,International,no,cited page was not read by the fetcher (cannot check),2026-10-08T17:48:00Z
r009,Institut Supérieur des Biotechnologies de Paris,Bangkok University,THAILAND,university,unknown,https://www.supbiotech.fr/international/partenaires/,Bangkok University,0.9,International,no,cited page was not read by the fetcher (cannot check),2026-10-08T17:48:00Z
r009,Institut Supérieur des Biotechnologies de Paris,Kasetsart University,THAILAND,university,unknown,https://www.supbiotech.fr/international/partenaires/,Kasetsart University,0.9,International,no,cited page was not read by the fetcher (cannot check),2026-10-08T17:48:00Z
r009,Institut Supérieur des Biotechnologies de Paris,Mahidol University,THAILAND,university,unknown,https://www.supbiotech.fr/international/partenaires/,Mahidol University,0.9,International,no,cited page was not read by the fetcher (cannot check),2026-10-08T17:48:00Z
r009,Institut Supérieur des Biotechnologies de Paris,Daffodil University,BANGLADESH,university,unknown,https://www.supbiotech.fr/international/partenaires/,Daffodil University,0.9,International,no,cited page was not read by the fetcher (cannot check),2026-10-08T17:48:00Z
r009,Institut Supérieur des Biotechnologies de Paris,Feng Chia University,CHINA,university,unknown,https://www.supbiotech.fr/international/partenaires/,Feng Chia University,0.9,International,no,cited page was not read by the fetcher (cannot check),2026-10-08T17:48:00Z
r009,Institut Supérieur des Biotechnologies de Paris,Guangdong Technion-Israel Institute of Technology,CHINA,university,unknown,https://www.supbiotech.fr/international/partenaires/,Guangdong Technion-Israel Institute of Technology,0.9,International,no,cited page was not read by the fetcher (cannot check),2026-10-08T17:48:00Z
r009,Institut Supérieur des Biotechnologies de Paris,Guizou University,CHINA,university,unknown,https://www.supbiotech.fr/international/partenaires/,Guizou University,0.9,International,no,cited page was not read by the fetcher (cannot check),2026-10-08T17:48:00Z
r009,Institut Supérieur des Biotechnologies de Paris,Chungnam National University,SOUTH KOREA,university,unknown,https://www.supbiotech.fr/international/partenaires/,Chungnam National University,0.9,International,no,cited page was not read by the fetcher (cannot check),2026-10-08T17:48:00Z
r009,Institut Supérieur des Biotechnologies de Paris,Inha University,SOUTH KOREA,university,unknown,https://www.supbiotech.fr/international/partenaires/,Inha University,0.9,International,no,cited page was not read by the fetcher (cannot check),2026-10-08T17:48:00Z
r009,Institut Supérieur des Biotechnologies de Paris,Keimyung University,SOUTH KOREA,university,unknown,https://www.supbiotech.fr/international/partenaires/,Keimyung University,0.9,International,no,cited page was not read by the fetcher (cannot check),2026-10-08T17:48:00Z
r009,Institut Supérieur des Biotechnologies de Paris,Korea University Sejong Campus,SOUTH KOREA,university,unknown,https://www.supbiotech.fr/international/partenaires/,Korea University Sejong Campus,0.9,International,no,cited page was not read by the fetcher (cannot check),2026-10-08T17:48:00Z
r009,Institut Supérieur des Biotechnologies de Paris,Sejong University,SOUTH KOREA,university,unknown,https://www.supbiotech.fr/international/partenaires/,Sejong University,0.9,International,no,cited page was not read by the fetcher (cannot check),2026-10-08T17:48:00Z
r009,Institut Supérieur des Biotechnologies de Paris,Sungkyunkwan University,SOUTH KOREA,university,unknown,https://www.supbiotech.fr/international/partenaires/,Sungkyunkwan University,0.9,International,no,cited page was not read by the fetcher (cannot check),2026-10-08T17:48:00Z
r009,Institut Supérieur des Biotechnologies de Paris,Amity University,INDIA,university,unknown,https://www.supbiotech.fr/international/partenaires/,Amity University,0.9,International,no,cited page was not read by the fetcher (cannot check),2026-10-08T17:48:00Z
r009,Institut Supérieur des Biotechnologies de Paris,Chandigarh University,INDIA,university,unknown,https://www.supbiotech.fr/international/partenaires/,Chandigarh University,0.9,International,no,cited page was not read by the fetcher (cannot check),2026-10-08T17:48:00Z
r009,Institut Supérieur des Biotechnologies de Paris,Chitkara University,INDIA,university,unknown,https://www.supbiotech.fr/international/partenaires/,Chitkara University,0.9,International,no,cited page was not read by the fetcher (cannot check),2026-10-08T17:48:00Z
r009,Institut Supérieur des Biotechnologies de Paris,Hindustan University,INDIA,university,unknown,https://www.supbiotech.fr/international/partenaires/,Hindustan University,0.9,International,no,cited page was not read by the fetcher (cannot check),2026-10-08T17:48:00Z
r009,Institut Supérieur des Biotechnologies de Paris,Lovely Professional University,INDIA,university,unknown,https://www.supbiotech.fr/international/partenaires/,Lovely Professional University,0.9,International,no,cited page was not read by the fetcher (cannot check),2026-10-08T17:48:00Z
r009,Institut Supérieur des Biotechnologies de Paris,Manipal University,INDIA,university,unknown,https://www.supbiotech.fr/international/partenaires/,Manipal University,0.9,International,no,cited page was not read by the fetcher (cannot check),2026-10-08T17:48:00Z
r009,Institut Supérieur des Biotechnologies de Paris,Indonesia International Institute for Life Sciences (i3L),INDONESIA,university,unknown,https://www.supbiotech.fr/international/partenaires/,Indonesia International Institute for Life Sciences (i3L),0.9,International,no,cited page was not read by the fetcher (cannot check),2026-10-08T17:48:00Z
r009,Institut Supérieur des Biotechnologies de Paris,Institut Teknologi Sepuluh Nopember,INDONESIA,university,unknown,https://www.supbiotech.fr/international/partenaires/,Institut Teknologi Sepuluh Nopember,0.9,International,no,cited page was not read by the fetcher (cannot check),2026-10-08T17:48:00Z
r009,Institut Supérieur des Biotechnologies de Paris,Institut Pertanian Bogor,INDONESIA,university,unknown,https://www.supbiotech.fr/international/partenaires/,Institut Pertanian Bogor,0.9,International,no,cited page was not read by the fetcher (cannot check),2026-10-08T17:48:00Z
r009,Institut Supérieur des Biotechnologies de Paris,Technion Institute of Technology,ISRAEL,university,unknown,https://www.supbiotech.fr/international/partenaires/,Technion Institute of Technology,0.9,International,no,cited page was not read by the fetcher (cannot check),2026-10-08T17:48:00Z
r009,Institut Supérieur des Biotechnologies de Paris,Kansai University,JAPAN,university,unknown,https://www.supbiotech.fr/international/partenaires/,Kansai University,0.9,International,no,cited page was not read by the fetcher (cannot check),2026-10-08T17:48:00Z
r009,Institut Supérieur des Biotechnologies de Paris,Swinburne University of Technology Sarawak Campus,MALAYSIA,university,unknown,https://www.supbiotech.fr/international/partenaires/,Swinburne University of Technology Sarawak Campus,0.9,International,no,cited page was not read by the fetcher (cannot check),2026-10-08T17:48:00Z
r009,Institut Supérieur des Biotechnologies de Paris,University of Kuala Lumpur,MALAYSIA,university,unknown,https://www.supbiotech.fr/international/partenaires/,University of Kuala Lumpur,0.9,International,no,cited page was not read by the fetcher (cannot check),2026-10-08T17:48:00Z
r009,Institut Supérieur des Biotechnologies de Paris,Universiti Putra Malaysia,MALAYSIA,university,unknown,https://www.supbiotech.fr/international/partenaires/,Universiti Putra Malaysia,0.9,International,no,cited page was not read by the fetcher (cannot check),2026-10-08T17:48:00Z
r009,Institut Supérieur des Biotechnologies de Paris,Universiti Sains Malaysia,MALAYSIA,university,unknown,https://www.supbiotech.fr/international/partenaires/,Universiti Sains Malaysia,0.9,International,no,cited page was not read by the fetcher (cannot check),2026-10-08T17:48:00Z
r009,Institut Supérieur des Biotechnologies de Paris,Singapore Institute of Technology,SINGAPORE,university,unknown,https://www.supbiotech.fr/international/partenaires/,Singapore Institute of Technology,0.9,International,no,cited page was not read by the fetcher (cannot check),2026-10-08T17:48:00Z
r009,Institut Supérieur des Biotechnologies de Paris,AIC American International Campus,SRI LANKA,university,unknown,https://www.supbiotech.fr/international/partenaires/,AIC American International Campus,0.9,International,no,cited page was not read by the fetcher (cannot check),2026-10-08T17:48:00Z
r009,Institut Supérieur des Biotechnologies de Paris,SLIIT University,SRI LANKA,university,unknown,https://www.supbiotech.fr/international/partenaires/,SLIIT University,0.9,International,no,cited page was not read by the fetcher (cannot check),2026-10-08T17:48:00Z
r009,Institut Supérieur des Biotechnologies de Paris,National Chiao Tung University,TAIWAN,university,unknown,https://www.supbiotech.fr/international/partenaires/,National Chiao Tung University,0.9,International,no,cited page was not read by the fetcher (cannot check),2026-10-08T17:48:00Z
r009,Institut Supérieur des Biotechnologies de Paris,University of Taipei,TAIWAN,university,unknown,https://www.supbiotech.fr/international/partenaires/,University of Taipei,0.9,International,no,cited page was not read by the fetcher (cannot check),2026-10-08T17:48:00Z
r009,Institut Supérieur des Biotechnologies de Paris,Koç University,TURKEY,university,unknown,https://www.supbiotech.fr/international/partenaires/,Koç University,0.9,International,no,cited page was not read by the fetcher (cannot check),2026-10-08T17:48:00Z
r009,Institut Supérieur des Biotechnologies de Paris,Sabanci University,TURKEY,university,unknown,https://www.supbiotech.fr/international/partenaires/,Sabanci University,0.9,International,no,cited page was not read by the fetcher (cannot check),2026-10-08T17:48:00Z
r009,Institut Supérieur des Biotechnologies de Paris,Management Center Innsbruck,AUSTRIA,university,unknown,https://www.supbiotech.fr/international/partenaires/,Management Center Innsbruck,0.9,International,no,cited page was not read by the fetcher (cannot check),2026-10-08T17:48:00Z
r009,Institut Supérieur des Biotechnologies de Paris,Haute École de la Province de Liège,BELGIUM,college,unknown,https://www.supbiotech.fr/international/partenaires/,Haute École de la Province de Liège,0.9,International,no,cited page was not read by the fetcher (cannot check),2026-10-08T17:48:00Z
r009,Institut Supérieur des Biotechnologies de Paris,Agricultural University Plovdiv – UNIgreen,BULGARIA,university,unknown,https://www.supbiotech.fr/international/partenaires/,Agricultural University Plovdiv – UNIgreen,0.9,International,no,cited page was not read by the fetcher (cannot check),2026-10-08T17:48:00Z
r009,Institut Supérieur des Biotechnologies de Paris,Aarhus university,DENMARK,university,unknown,https://www.supbiotech.fr/international/partenaires/,Aarhus university,0.9,International,no,cited page was not read by the fetcher (cannot check),2026-10-08T17:48:00Z
r009,Institut Supérieur des Biotechnologies de Paris,Röskilde University,DENMARK,university,unknown,https://www.supbiotech.fr/international/partenaires/,Röskilde University,0.9,International,no,cited page was not read by the fetcher (cannot check),2026-10-08T17:48:00Z
r009,Institut Supérieur des Biotechnologies de Paris,Centria University of Applied Sciences,FINLAND,university,unknown,https://www.supbiotech.fr/international/partenaires/,Centria University of Applied Sciences,0.9,International,no,cited page was not read by the fetcher (cannot check),2026-10-08T17:48:00Z
r009,Institut Supérieur des Biotechnologies de Paris,Turku University of Applied Sciences,FINLAND,university,unknown,https://www.supbiotech.fr/international/partenaires/,Turku University of Applied Sciences,0.9,International,no,cited page was not read by the fetcher (cannot check),2026-10-08T17:48:00Z
r009,Institut Supérieur des Biotechnologies de Paris,Hochschule Rhein-Waal,GERMANY,university,unknown,https://www.supbiotech.fr/international/partenaires/,Hochschule Rhein-Waal,0.9,International,no,cited page was not read by the fetcher (cannot check),2026-10-08T17:48:00Z
r009,Institut Supérieur des Biotechnologies de Paris,Kiel University,GERMANY,university,unknown,https://www.supbiotech.fr/international/partenaires/,Kiel University,0.9,International,no,cited page was not read by the fetcher (cannot check),2026-10-08T17:48:00Z
r009,Institut Supérieur des Biotechnologies de Paris,Universität Osnabrück,GERMANY,university,unknown,https://www.supbiotech.fr/international/partenaires/,Universität Osnabrück,0.9,International,no,cited page was not read by the fetcher (cannot check),2026-10-08T17:48:00Z
r009,Institut Supérieur des Biotechnologies de Paris,Agricultural University of Iceland – UNIgreen,ICELAND,university,unknown,https://www.supbiotech.fr/international/partenaires/,Agricultural University of Iceland – UNIgreen,0.9,International,no,cited page was not read by the fetcher (cannot check),2026-10-08T17:48:00Z
r009,Institut Supérieur des Biotechnologies de Paris,Dublin City University,IRELAND,university,unknown,https://www.supbiotech.fr/international/partenaires/,Dublin City University,0.9,International,no,cited page was not read by the fetcher (cannot check),2026-10-08T17:48:00Z
r009,Institut Supérieur des Biotechnologies de Paris,Dundalk Institute of Technology,IRELAND,college,unknown,https://www.supbiotech.fr/international/partenaires/,Dundalk Institute of Technology,0.9,International,no,cited page was not read by the fetcher (cannot check),2026-10-08T17:48:00Z
r009,Institut Supérieur des Biotechnologies de Paris,Institute of Technology Carlow,IRELAND,college,unknown,https://www.supbiotech.fr/international/partenaires/,Institute of Technology Carlow,0.9,International,no,cited page was not read by the fetcher (cannot check),2026-10-08T17:48:00Z
r009,Institut Supérieur des Biotechnologies de Paris,University di Ferrara,ITALY,university,unknown,https://www.supbiotech.fr/international/partenaires/,University di Ferrara,0.9,International,no,cited page was not read by the fetcher (cannot check),2026-10-08T17:48:00Z
r009,Institut Supérieur des Biotechnologies de Paris,Unimore (Università degli Studi di Modena e Reggio Emilia) – UNIgreen,ITALY,university,unknown,https://www.supbiotech.fr/international/partenaires/,Unimore (Università degli Studi di Modena e Reggio Emilia) – UNIgreen,0.9,International,no,cited page was not read by the fetcher (cannot check),2026-10-08T17:48:00Z
r009,Institut Supérieur des Biotechnologies de Paris,Vilnius Gediminas Technical University,LITHUANIA,university,unknown,https://www.supbiotech.fr/international/partenaires/,Vilnius Gediminas Technical University,0.9,International,no,cited page was not read by the fetcher (cannot check),2026-10-08T17:48:00Z
r009,Institut Supérieur des Biotechnologies de Paris,Radboud University Nijmegen,NETHERLANDS,university,unknown,https://www.supbiotech.fr/international/partenaires/,Radboud University Nijmegen,0.9,International,no,cited page was not read by the fetcher (cannot check),2026-10-08T17:48:00Z
r009,Institut Supérieur des Biotechnologies de Paris,Wageningen University,NETHERLANDS,university,unknown,https://www.supbiotech.fr/international/partenaires/,Wageningen University,0.9,International,no,cited page was not read by the fetcher (cannot check),2026-10-08T17:48:00Z
r009,Institut Supérieur des Biotechnologies de Paris,Nord University,NORWAY,university,unknown,https://www.supbiotech.fr/international/partenaires/,Nord University,0.9,International,no,cited page was not read by the fetcher (cannot check),2026-10-08T17:48:00Z
r009,Institut Supérieur des Biotechnologies de Paris,Adam Mickiewicz University,POLAND,university,unknown,https://www.supbiotech.fr/international/partenaires/,Adam Mickiewicz University,0.9,International,no,cited page was not read by the fetcher (cannot check),2026-10-08T17:48:00Z
r009,Institut Supérieur des Biotechnologies de Paris,Uniwersytet Rolniczy w Krakowie,POLAND,university,unknown,https://www.supbiotech.fr/international/partenaires/,Uniwersytet Rolniczy w Krakowie,0.9,International,no,cited page was not read by the fetcher (cannot check),2026-10-08T17:48:00Z
r009,Institut Supérieur des Biotechnologies de Paris,Warsaw University of Life Sciences – UNIgreen,POLAND,university,unknown,https://www.supbiotech.fr/international/partenaires/,Warsaw University of Life Sciences – UNIgreen,0.9,International,no,cited page was not read by the fetcher (cannot check),2026-10-08T17:48:00Z
r009,Institut Supérieur des Biotechnologies de Paris,Instituto Politécnico de Bragança,PORTUGAL,college,unknown,https://www.supbiotech.fr/international/partenaires/,Instituto Politécnico de Bragança,0.9,International,no,cited page was not read by the fetcher (cannot check),2026-10-08T17:48:00Z
r009,Institut Supérieur des Biotechnologies de Paris,Instituto Superior de Engenharia do Porto,PORTUGAL,college,unknown,https://www.supbiotech.fr/international/partenaires/,Instituto Superior de Engenharia do Porto,0.9,International,no,cited page was not read by the fetcher (cannot check),2026-10-08T17:48:00Z
r009,Institut Supérieur des Biotechnologies de Paris,Polytechnic institute of Coimbra – UNIgreen,PORTUGAL,college,unknown,https://www.supbiotech.fr/international/partenaires/,Polytechnic institute of Coimbra – UNIgreen,0.9,International,no,cited page was not read by the fetcher (cannot check),2026-10-08T17:48:00Z
r009,Institut Supérieur des Biotechnologies de Paris,Universidade Católica Portuguesa,PORTUGAL,university,unknown,https://www.supbiotech.fr/international/partenaires/,Universidade Católica Portuguesa,0.9,International,no,cited page was not read by the fetcher (cannot check),2026-10-08T17:48:00Z
r009,Institut Supérieur des Biotechnologies de Paris,Universidade do Algarve,PORTUGAL,university,unknown,https://www.supbiotech.fr/international/partenaires/,Universidade do Algarve,0.9,International,no,cited page was not read by the fetcher (cannot check),2026-10-08T17:48:00Z
r009,Institut Supérieur des Biotechnologies de Paris,Universidade dos Açores,PORTUGAL,university,unknown,https://www.supbiotech.fr/international/partenaires/,Universidade dos Açores,0.9,International,no,cited page was not read by the fetcher (cannot check),2026-10-08T17:48:00Z
r009,Institut Supérieur des Biotechnologies de Paris,ITMO Univeristy,RUSSIA,university,unknown,https://www.supbiotech.fr/international/partenaires/,ITMO Univeristy,0.9,International,no,cited page was not read by the fetcher (cannot check),2026-10-08T17:48:00Z
r009,Institut Supérieur des Biotechnologies de Paris,Universidad de Almería,SPAIN,university,unknown,https://www.supbiotech.fr/international/partenaires/,Universidad de Almería,0.9,International,no,cited page was not read by the fetcher (cannot check),2026-10-08T17:48:00Z
r009,Institut Supérieur des Biotechnologies de Paris,Universidad de Jaén,SPAIN,university,unknown,https://www.supbiotech.fr/international/partenaires/,Universidad de Jaén,0.9,International,no,cited page was not read by the fetcher (cannot check),2026-10-08T17:48:00Z
r009,Institut Supérieur des Biotechnologies de Paris,Universidad CEU San Pablo,SPAIN,university,unknown,https://www.supbiotech.fr/international/partenaires/,Universidad CEU San Pablo,0.9,International,no,cited page was not read by the fetcher (cannot check),2026-10-08T17:48:00Z
r009,Institut Supérieur des Biotechnologies de Paris,Universidad de Zaragoza,SPAIN,university,unknown,https://www.supbiotech.fr/international/partenaires/,Universidad de Zaragoza,0.9,International,no,cited page was not read by the fetcher (cannot check),2026-10-08T17:48:00Z
r009,Institut Supérieur des Biotechnologies de Paris,Universitat Rovira I Virgili,SPAIN,university,unknown,https://www.supbiotech.fr/international/partenaires/,Universitat Rovira I Virgili,0.9,International,no,cited page was not read by the fetcher (cannot check),2026-10-08T17:48:00Z
r009,Institut Supérieur des Biotechnologies de Paris,Bangor University,UNITED KINGDOM,university,unknown,https://www.supbiotech.fr/international/partenaires/,Bangor University,0.9,International,no,cited page was not read by the fetcher (cannot check),2026-10-08T17:48:00Z
r009,Institut Supérieur des Biotechnologies de Paris,Edinburgh Napier University,UNITED KINGDOM,university,unknown,https://www.supbiotech.fr/international/partenaires/,Edinburgh Napier University,0.9,International,no,cited page was not read by the fetcher (cannot check),2026-10-08T17:48:00Z
r009,Institut Supérieur des Biotechnologies de Paris,Heriot Watt,UNITED KINGDOM,university,unknown,https://www.supbiotech.fr/international/partenaires/,Heriot Watt,0.9,International,no,cited page was not read by the fetcher (cannot check),2026-10-08T17:48:00Z
r009,Institut Supérieur des Biotechnologies de Paris,Keele University,UNITED KINGDOM,university,unknown,https://www.supbiotech.fr/international/partenaires/,Keele University,0.9,International,no,cited page was not read by the fetcher (cannot check),2026-10-08T17:48:00Z
r009,Institut Supérieur des Biotechnologies de Paris,University of Dundee,UNITED KINGDOM,university,unknown,https://www.supbiotech.fr/international/partenaires/,University of Dundee,0.9,International,no,cited page was not read by the fetcher (cannot check),2026-10-08T17:48:00Z
r009,Institut Supérieur des Biotechnologies de Paris,University of East London,UNITED KINGDOM,university,unknown,https://www.supbiotech.fr/international/partenaires/,University of East London,0.9,International,no,cited page was not read by the fetcher (cannot check),2026-10-08T17:48:00Z
r009,Institut Supérieur des Biotechnologies de Paris,University of Essex,UNITED KINGDOM,university,unknown,https://www.supbiotech.fr/international/partenaires/,University of Essex,0.9,International,no,cited page was not read by the fetcher (cannot check),2026-10-08T17:48:00Z
r009,Institut Supérieur des Biotechnologies de Paris,University of Sussex,UNITED KINGDOM,university,unknown,https://www.supbiotech.fr/international/partenaires/,University of Sussex,0.9,International,no,cited page was not read by the fetcher (cannot check),2026-10-08T17:48:00Z
r009,Institut Supérieur des Biotechnologies de Paris,Auckland University of Technology,NEW-ZEALAND,university,unknown,https://www.supbiotech.fr/international/partenaires/,Auckland University of Technology,0.9,International,no,cited page was not read by the fetcher (cannot check),2026-10-08T17:48:00Z
r009,Institut Supérieur des Biotechnologies de Paris,Griffith University,AUSTRALIA,university,unknown,https://www.supbiotech.fr/international/partenaires/,Griffith University,0.9,International,no,cited page was not read by the fetcher (cannot check),2026-10-08T17:48:00Z
r009,Institut Supérieur des Biotechnologies de Paris,Macquarie University,AUSTRALIA,university,unknown,https://www.supbiotech.fr/international/partenaires/,Macquarie University,0.9,International,no,cited page was not read by the fetcher (cannot check),2026-10-08T17:48:00Z
r009,Institut Supérieur des Biotechnologies de Paris,Monash University,AUSTRALIA,university,unknown,https://www.supbiotech.fr/international/partenaires/,Monash University,0.9,International,no,cited page was not read by the fetcher (cannot check),2026-10-08T17:48:00Z
r009,Institut Supérieur des Biotechnologies de Paris,Royal Melbourne Institute of Technology,AUSTRALIA,university,unknown,https://www.supbiotech.fr/international/partenaires/,Royal Melbourne Institute of Technology,0.9,International,no,cited page was not read by the fetcher (cannot check),2026-10-08T17:48:00Z
r009,Institut Supérieur des Biotechnologies de Paris,Swinburne,AUSTRALIA,university,unknown,https://www.supbiotech.fr/international/partenaires/,Swinburne,0.9,International,no,cited page was not read by the fetcher (cannot check),2026-10-08T17:48:00Z
r009,Institut Supérieur des Biotechnologies de Paris,University of Queensland,AUSTRALIA,university,unknown,https://www.supbiotech.fr/international/partenaires/,[University of Queensland],0.9,International,no,cited page was not read by the fetcher (cannot check),2026-10-08T17:48:00Z
r009,Institut Supérieur des Biotechnologies de Paris,EPITA,,school,unknown,https://www.supbiotech.fr/,"Une formation de deux ans qui réconcilie nouvelles technologies et sciences de la vie ! Conçu 100 % en alternance et en partenariat avec l’EPITA et l’ESME, ce Master of Science, accessible après un bac+3, forme les futurs experts de la bio-informatique.",0.9,Unknown,no,cited page was not read by the fetcher (cannot check),2026-10-08T17:48:00Z
r009,Institut Supérieur des Biotechnologies de Paris,ESME,,school,unknown,https://www.supbiotech.fr/,"Une formation de deux ans qui réconcilie nouvelles technologies et sciences de la vie ! Conçu 100 % en alternance et en partenariat avec l’EPITA et l’ESME, ce Master of Science, accessible après un bac+3, forme les futurs experts de la bio-informatique.",0.9,Unknown,no,cited page was not read by the fetcher (cannot check),2026-10-08T17:48:00Z
r009,Institut Supérieur des Biotechnologies de Paris,unigreen,,network,unknown,https://www.supbiotech.fr/,[footer-logo-unigreen],0.9,International,no,cited page was not read by the fetcher (cannot check),2026-10-08T17:48:00Z
r009,Institut Supérieur des Biotechnologies de Paris,IONIS Education Group,,network,unknown,https://www.supbiotech.fr/,Établissement privé d’enseignement supérieur technique – Inscription au rectorat de Créteil – Sup’Biotech est membre de IONIS Education Group comme :,0.9,International,no,cited page was not read by the fetcher (cannot check),2026-10-08T17:48:00Z
r009,Institut Supérieur des Biotechnologies de Paris,Medicen Paris,,other,unknown,https://www.supbiotech.fr/ecole-ingenieurs-biotechnologies/paris/,"Depuis 2004, SupBiotech Paris est idéalement situé à Villejuif, au cœur de la Biotech Valley, une zone dédiée aux sciences de la vie. Ce cluster dynamique regroupe des entreprises, des laboratoires de recherche, et des institutions prestigieuses comme Medicen Paris, le Villejuif Bio Park, l’incubateur Creative Valley, ainsi que le Génopole d’Évry, leader en recherche génomique.",0.9,Unknown,no,cited page was not read by the fetcher (cannot check),2026-10-08T17:48:00Z
r009,Institut Supérieur des Biotechnologies de Paris,Villejuif Bio Park,,other,unknown,https://www.supbiotech.fr/ecole-ingenieurs-biotechnologies/paris/,"Depuis 2004, SupBiotech Paris est idéalement situé à Villejuif, au cœur de la Biotech Valley, une zone dédiée aux sciences de la vie. Ce cluster dynamique regroupe des entreprises, des laboratoires de recherche, et des institutions prestigieuses comme Medicen Paris, le Villejuif Bio Park, l’incubateur Creative Valley, ainsi que le Génopole d’Évry, leader en recherche génomique.",0.9,Unknown,no,cited page was not read by the fetcher (cannot check),2026-10-08T17:48:00Z
r009,Institut Supérieur des Biotechnologies de Paris,Creative Valley,,other,unknown,https://www.supbiotech.fr/ecole-ingenieurs-biotechnologies/paris/,"Depuis 2004, SupBiotech Paris est idéalement situé à Villejuif, au cœur de la Biotech Valley, une zone dédiée aux sciences de la vie. Ce cluster dynamique regroupe des entreprises, des laboratoires de recherche, et des institutions prestigieuses comme Medicen Paris, le Villejuif Bio Park, l’incubateur Creative Valley, ainsi que le Génopole d’Évry, leader en recherche génomique.",0.9,Unknown,no,cited page was not read by the fetcher (cannot check),2026-10-08T17:48:00Z
r009,Institut Supérieur des Biotechnologies de Paris,Génopole d’Évry,,other,unknown,https://www.supbiotech.fr/ecole-ingenieurs-biotechnologies/paris/,"Depuis 2004, SupBiotech Paris est idéalement situé à Villejuif, au cœur de la Biotech Valley, une zone dédiée aux sciences de la vie. Ce cluster dynamique regroupe des entreprises, des laboratoires de recherche, et des institutions prestigieuses comme Medicen Paris, le Villejuif Bio Park, l’incubateur Creative Valley, ainsi que le Génopole d’Évry, leader en recherche génomique.",0.9,Unknown,no,cited page was not read by the fetcher (cannot check),2026-10-08T17:48:00Z
r009,Institut Supérieur des Biotechnologies de Paris,Innov’Heat,,school,unknown,https://www.supbiotech.fr/ecole-ingenieurs-biotechnologies/paris/,"La vie associative de SupBiotech Paris offre aux étudiants de nombreuses opportunités de s’engager. Avec des associations allant du sport et des arts à l’innovation alimentaire (Innov’Heat) ou à l’écologie (BioCampus), chaque étudiant peut développer des compétences essentielles, comme le leadership et le sens des responsabilités, tout en enrichissant son parcours personnel.",0.9,Unknown,no,cited page was not read by the fetcher (cannot check),2026-10-08T17:48:00Z
r009,Institut Supérieur des Biotechnologies de Paris,BioCampus,,school,unknown,https://www.supbiotech.fr/ecole-ingenieurs-biotechnologies/paris/,"La vie associative de SupBiotech Paris offre aux étudiants de nombreuses opportunités de s’engager. Avec des associations allant du sport et des arts à l’innovation alimentaire (Innov’Heat) ou à l’écologie (BioCampus), chaque étudiant peut développer des compétences essentielles, comme le leadership et le sens des responsabilités, tout en enrichissant son parcours personnel.",0.9,Unknown,no,cited page was not read by the fetcher (cannot check),2026-10-08T17:48:00Z
r009,Institut Supérieur des Biotechnologies de Paris,Université de Technologie de Compiègne,,university,unknown,https://www.supbiotech.fr/ecole-ingenieurs-biotechnologies/equipe/,Docteur en Biochimie de l’Université de Technologie de Compiègne (UTC),0.9,Unknown,no,cited page was not read by the fetcher (cannot check),2026-10-08T17:48:00Z
r009,Institut Supérieur des Biotechnologies de Paris,Université Joseph Fourier,,university,unknown,https://www.supbiotech.fr/ecole-ingenieurs-biotechnologies/equipe/,Docteur en Physiopathologie de l’Université Joseph Fourier (Grenoble),0.9,Unknown,no,cited page was not read by the fetcher (cannot check),2026-10-08T17:48:00Z
r009,Institut Supérieur des Biotechnologies de Paris,INSA,,school,unknown,https://www.supbiotech.fr/ecole-ingenieurs-biotechnologies/equipe/,"Docteur en Biochimie Université Paris 11, ingénieur INSA",0.9,Unknown,no,cited page was not read by the fetcher (cannot check),2026-10-08T17:48:00Z
r009,Institut Supérieur des Biotechnologies de Paris,Université Pierre et Marie Curie,,university,unknown,https://www.supbiotech.fr/ecole-ingenieurs-biotechnologies/equipe/,"Docteur en sciences, DEA physiopathologie cellulaire et moléculaire de l’Université Pierre et Marie Curie (Paris)",0.9,Unknown,no,cited page was not read by the fetcher (cannot check),2026-10-08T17:48:00Z
r009,Institut Supérieur des Biotechnologies de Paris,CEA-SEPIA,,company,unknown,https://www.supbiotech.fr/ecole-ingenieurs-biotechnologies/equipe/,Responsable du Laboratoire partenarial CellTechs SupBiotech / CEA-SEPIA,0.9,Unknown,no,cited page was not read by the fetcher (cannot check),2026-10-08T17:48:00Z
r010,VELEUCILISTE S PRAVOM JAVNOSTI BALTAZAR ZAPRESIC,University School Mediterrani,Spain,university,study,https://www.bak.hr/iskustva-s-erasmusa/semestar-u-suncanoj-spanjolskoj-zahvaljujuci-erasmus-studentskoj-mobilnosti/,"Student Projektnog menadžmenta Adriano Bojko imao je priliku provesti ljetni semestar na University School Mediterrani u Španjolskoj u sklopu Erasmus+ studentske mobilnosti. Nakon povratka, Adriano s velikim entuzijazmom dijeli svoje dojmove o prvom međunarodnom iskustvu:",0.9,International,no,cited page was not read by the fetcher (cannot check),2026-10-08T17:47:41Z
r010,VELEUCILISTE S PRAVOM JAVNOSTI BALTAZAR ZAPRESIC,Fakultet za poslovnu ekonomiju i pravo u Baru,Montenegro,university,unknown,https://www.bak.hr/medunarodna-suradnja/erasmus-iskustva/,"Gostovanje prof. Dafne Vidanec na Fakultetu za poslovnu ekonomiju i pravo u Baru, Crna Gora",0.9,International,no,cited page was not read by the fetcher (cannot check),2026-10-08T17:47:41Z
r010,VELEUCILISTE S PRAVOM JAVNOSTI BALTAZAR ZAPRESIC,Fakultet masovnih medija i komunikacija,Slovakia,university,unknown,https://www.bak.hr/medunarodna-suradnja/erasmus-iskustva/,Voditeljica studija Informacijske tehnologije dr. sc. Alisa Bilal Zorić posjetila Fakultet masovnih medija i komunikacija u Slovačkoj,0.9,International,no,cited page was not read by the fetcher (cannot check),2026-10-08T17:47:41Z
r012,"Codarts, University for the Arts","Arab Academy for Science, Technology and Maritime Transport (AASTMT)",Egypt,university,unknown,https://cityu.ac.cy/home/erasmus/erasmus-mobility/outgoing-staff/,"Egypt | Arab Academy for Science, Technology and Maritime Transport (AASTMT) | 2020-2022 | 2 | 2 |",0.9,International,no,cited page was not read by the fetcher (cannot check),2026-10-08T17:47:49Z
r012,"Codarts, University for the Arts",Universal Business School,India,university,unknown,https://cityu.ac.cy/home/erasmus/erasmus-mobility/outgoing-staff/,India | Universal Business School | 2020-2022 | 1 | 1 |,0.9,International,no,cited page was not read by the fetcher (cannot check),2026-10-08T17:47:49Z
r012,"Codarts, University for the Arts",Modern University for Business and Science,Lebanon,university,unknown,https://cityu.ac.cy/home/erasmus/erasmus-mobility/outgoing-staff/,Lebanon | Modern University for Business and Science | 2020-2022 | 2 | 2 |,0.9,International,no,cited page was not read by the fetcher (cannot check),2026-10-08T17:47:49Z
r012,"Codarts, University for the Arts",HOTEL SCHOOL hotel Management College,Latvia,college,unknown,https://cityu.ac.cy/home/erasmus/erasmus-key-action-ii/,"Together with our partners HOTEL SCHOOL hotel Management College (Latvia), Dania Academy (Denmark), DigitalGuest APS (Sweden), INERCIA DIGITAL SL (Spain) and Italian Hospitality School SRL (Italy) we are currently working on creating unique learning and teaching tools for sustainable hospitality digitalisation.",0.9,International,no,cited page was not read by the fetcher (cannot check),2026-10-08T17:47:49Z
r012,"Codarts, University for the Arts",Dania Academy,Denmark,college,unknown,https://cityu.ac.cy/home/erasmus/erasmus-key-action-ii/,"Together with our partners HOTEL SCHOOL hotel Management College (Latvia), Dania Academy (Denmark), DigitalGuest APS (Sweden), INERCIA DIGITAL SL (Spain) and Italian Hospitality School SRL (Italy) we are currently working on creating unique learning and teaching tools for sustainable hospitality digitalisation.",0.9,International,no,cited page was not read by the fetcher (cannot check),2026-10-08T17:47:49Z
r012,"Codarts, University for the Arts",DigitalGuest APS,Sweden,company,unknown,https://cityu.ac.cy/home/erasmus/erasmus-key-action-ii/,"Together with our partners HOTEL SCHOOL hotel Management College (Latvia), Dania Academy (Denmark), DigitalGuest APS (Sweden), INERCIA DIGITAL SL (Spain) and Italian Hospitality School SRL (Italy) we are currently working on creating unique learning and teaching tools for sustainable hospitality digitalisation.",0.9,International,no,cited page was not read by the fetcher (cannot check),2026-10-08T17:47:49Z
r012,"Codarts, University for the Arts",INERCIA DIGITAL SL,Spain,company,unknown,https://cityu.ac.cy/home/erasmus/erasmus-key-action-ii/,"Together with our partners HOTEL SCHOOL hotel Management College (Latvia), Dania Academy (Denmark), DigitalGuest APS (Sweden), INERCIA DIGITAL SL (Spain) and Italian Hospitality School SRL (Italy) we are currently working on creating unique learning and teaching tools for sustainable hospitality digitalisation.",0.9,International,no,cited page was not read by the fetcher (cannot check),2026-10-08T17:47:49Z
r012,"Codarts, University for the Arts",Italian Hospitality School SRL,Italy,school,unknown,https://cityu.ac.cy/home/erasmus/erasmus-key-action-ii/,"Together with our partners HOTEL SCHOOL hotel Management College (Latvia), Dania Academy (Denmark), DigitalGuest APS (Sweden), INERCIA DIGITAL SL (Spain) and Italian Hospitality School SRL (Italy) we are currently working on creating unique learning and teaching tools for sustainable hospitality digitalisation.",0.9,International,no,cited page was not read by the fetcher (cannot check),2026-10-08T17:47:49Z
r012,"Codarts, University for the Arts",Cardiff Met,unknown,university,unknown,https://cityu.ac.cy/,BA (Hons) in Business and Management (Cardiff Met),0.9,Unknown,no,cited page was not read by the fetcher (cannot check),2026-10-08T17:47:49Z
r012,"Codarts, University for the Arts",Varna Free University,unknown,university,unknown,https://cityu.ac.cy/,"Η απόκτηση ενός Μεταπτυχιακού στη Διοίκηση Επιχειρήσεων ήταν προσωπικός στόχος, από τότε που αποφοίτησα από το Varna Free University (BSc: Engineer in Fire Safety and Population Protection). Ένας από τους κύριους λόγους που με έκαναν να επιλέξω το MBA του Cardiff Metropolitan University, ήταν η ευελιξία που μου παρείχε να μπορώ να σπουδάζω και να εργάζομαι παράλληλα ως εκπρόσωπος Τύπου της Πυροσβεστικής Υπηρεσίας Κύπρου. Όταν ξεκίνησα το MBA, είχα ήδη μια σημαντική εργασιακή θέση και εμπειρια. Τ",0.9,Unknown,no,cited page was not read by the fetcher (cannot check),2026-10-08T17:47:49Z
r012,"Codarts, University for the Arts",Cardiff Metropolitan University,unknown,university,unknown,https://cityu.ac.cy/,"Η απόκτηση ενός Μεταπτυχιακού στη Διοίκηση Επιχειρήσεων ήταν προσωπικός στόχος, από τότε που αποφοίτησα από το Varna Free University (BSc: Engineer in Fire Safety and Population Protection). Ένας από τους κύριους λόγους που με έκαναν να επιλέξω το MBA του Cardiff Metropolitan University, ήταν η ευελιξία που μου παρείχε να μπορώ να σπουδάζω και να εργάζομαι παράλληλα ως εκπρόσωπος Τύπου της Πυροσβεστικής Υπηρεσίας Κύπρου. Όταν ξεκίνησα το MBA, είχα ήδη μια σημαντική εργασιακή θέση και εμπειρια. Τ",0.9,Unknown,no,cited page was not read by the fetcher (cannot check),2026-10-08T17:47:49Z
r013,Tomori Pal College,VIVES Univerity of Applied Sciences,Belgium,university,unknown,https://tpfk.hu/erasmus/partnerintezmenyek/,VIVES Univerity of Applied Sciences,0.9,International,no,cited page was not read by the fetcher (cannot check),2026-10-08T17:49:00Z
r013,Tomori Pal College,Brno University of Technology,Czech Republic,university,unknown,https://tpfk.hu/erasmus/partnerintezmenyek/,Brno University of Technology,0.9,International,no,cited page was not read by the fetcher (cannot check),2026-10-08T17:49:00Z
r013,Tomori Pal College,University of Economics and Management Prague,Czech Republic,university,unknown,https://tpfk.hu/erasmus/partnerintezmenyek/,University of Economics and Management Prague,0.9,International,no,cited page was not read by the fetcher (cannot check),2026-10-08T17:49:00Z
r013,Tomori Pal College,Eklya School of Business,France,school,unknown,https://tpfk.hu/erasmus/partnerintezmenyek/,Eklya School of Business,0.9,International,no,cited page was not read by the fetcher (cannot check),2026-10-08T17:49:00Z
r013,Tomori Pal College,Alexander Technological Educational Institute of Thessaloniki,Greece,university,unknown,https://tpfk.hu/erasmus/partnerintezmenyek/,Alexander Technological Educational Institute of Thessaloniki​,0.9,International,no,cited page was not read by the fetcher (cannot check),2026-10-08T17:49:00Z
r013,Tomori Pal College,Polytechnic Institute of Santarém,Portugal,university,unknown,https://tpfk.hu/erasmus/partnerintezmenyek/,Polytechnic Institute of Santarém​,0.9,International,no,cited page was not read by the fetcher (cannot check),2026-10-08T17:49:00Z
r013,Tomori Pal College,State Higher Vocational School in Nowy Sacz,Poland,college,unknown,https://tpfk.hu/erasmus/partnerintezmenyek/,State Higher Vocational School in Nowy Sacz​,0.9,International,no,cited page was not read by the fetcher (cannot check),2026-10-08T17:49:00Z
r013,Tomori Pal College,State Higher Vocational School in Raciborz,Poland,college,unknown,https://tpfk.hu/erasmus/partnerintezmenyek/,State Higher Vocational School in Raciborz,0.9,International,no,cited page was not read by the fetcher (cannot check),2026-10-08T17:49:00Z
r013,Tomori Pal College,Alexandru Ioan Cuza University of Iasi,Romania,university,unknown,https://tpfk.hu/erasmus/partnerintezmenyek/,Alexandru Ioan Cuza University of Iasi​,0.9,International,no,cited page was not read by the fetcher (cannot check),2026-10-08T17:49:00Z
r013,Tomori Pal College,Partium Christian University,Romania,university,unknown,https://tpfk.hu/erasmus/partnerintezmenyek/,Partium Christian University,0.9,International,no,cited page was not read by the fetcher (cannot check),2026-10-08T17:49:00Z
r013,Tomori Pal College,West University of Timisora,Romania,university,unknown,https://tpfk.hu/erasmus/partnerintezmenyek/,West University of Timisora,0.9,International,no,cited page was not read by the fetcher (cannot check),2026-10-08T17:49:00Z
r013,Tomori Pal College,Banat's University of Agricultural Science and Veterinary Medicine King Michael I of Romania of Timisora,Romania,university,unknown,https://tpfk.hu/erasmus/partnerintezmenyek/,"Banat's University of Agricultural Science and Veterinary Medicine ""King Michael I of Romania"" of Timisora",0.9,International,no,cited page was not read by the fetcher (cannot check),2026-10-08T17:49:00Z
r013,Tomori Pal College,Ibrahim Cecen University of Agri,Turkey,university,unknown,https://tpfk.hu/erasmus/partnerintezmenyek/,Ibrahim Cecen University of Agri,0.9,International,no,cited page was not read by the fetcher (cannot check),2026-10-08T17:49:00Z
r013,Tomori Pal College,Atatürk University,Turkey,university,unknown,https://tpfk.hu/erasmus/partnerintezmenyek/,Atatürk University​,0.9,International,no,cited page was not read by the fetcher (cannot check),2026-10-08T17:49:00Z
r013,Tomori Pal College,Okan University,Turkey,university,unknown,https://tpfk.hu/erasmus/partnerintezmenyek/,Okan University,0.9,International,no,cited page was not read by the fetcher (cannot check),2026-10-08T17:49:00Z
r013,Tomori Pal College,Istanbul Aydin University,Turkey,university,unknown,https://tpfk.hu/erasmus/partnerintezmenyek/,Istanbul Aydin University,0.9,International,no,cited page was not read by the fetcher (cannot check),2026-10-08T17:49:00Z
r013,Tomori Pal College,Beykoz University,Turkey,university,unknown,https://tpfk.hu/erasmus/partnerintezmenyek/,Beykoz University,0.9,International,no,cited page was not read by the fetcher (cannot check),2026-10-08T17:49:00Z
r013,Tomori Pal College,Istanbul Topkapi University (Istanbul Ayvansaray University),Turkey,university,unknown,https://tpfk.hu/erasmus/partnerintezmenyek/,Istanbul Topkapi University (Istanbul Ayvansaray University),0.9,International,no,cited page was not read by the fetcher (cannot check),2026-10-08T17:49:00Z
r013,Tomori Pal College,Ondokuz Mayis University,Turkey,university,unknown,https://tpfk.hu/erasmus/partnerintezmenyek/,Ondokuz Mayis University,0.9,International,no,cited page was not read by the fetcher (cannot check),2026-10-08T17:49:00Z
r013,Tomori Pal College,University of Presov,Slovakia,university,unknown,https://tpfk.hu/erasmus/partnerintezmenyek/,University of Presov,0.9,International,no,cited page was not read by the fetcher (cannot check),2026-10-08T17:49:00Z
r013,Tomori Pal College,College of Applied Sciences 'Lavoslav Ruzick' in Vukovar,Croatia,college,unknown,https://tpfk.hu/erasmus/partnerintezmenyek/,College of Applied Sciences 'Lavoslav Ruzick' in Vukovar,0.9,International,no,cited page was not read by the fetcher (cannot check),2026-10-08T17:49:00Z
r013,Tomori Pal College,Çankırı Karatekin University,Turkey,university,unknown,https://tpfk.hu/erasmus/partnerintezmenyek/,Çankırı Karatekin University,0.9,International,no,cited page was not read by the fetcher (cannot check),2026-10-08T17:49:00Z
r013,Tomori Pal College,Hasan Kalyoncu University,Turkey,university,unknown,https://tpfk.hu/erasmus/partnerintezmenyek/,Hasan Kalyoncu University,0.9,International,no,cited page was not read by the fetcher (cannot check),2026-10-08T17:49:00Z
r013,Tomori Pal College,Kocaeli University,Turkey,university,unknown,https://tpfk.hu/erasmus/partnerintezmenyek/,Kocaeli University,0.9,International,no,cited page was not read by the fetcher (cannot check),2026-10-08T17:49:00Z
r013,Tomori Pal College,International University of Sarajevo,Bosnia and Herzegovina,university,unknown,https://tpfk.hu/erasmus/partnerintezmenyek/,International University of Sarajevo,0.9,International,no,cited page was not read by the fetcher (cannot check),2026-10-08T17:49:00Z
r013,Tomori Pal College,"Banat's University of Agricultural Science and Veterinary Medicine ""King Michael I of Romania"" of Timisora",Romania,university,unknown,https://tpfk.hu/erasmus/partnerintezmenyek/,"Banat's University of Agricultural Science and Veterinary Medicine ""King Michael I of Romania"" of Timisora",0.9,International,no,cited page was not read by the fetcher (cannot check),2026-10-08T17:49:00Z
r014,IPAC,L'armée de l'air,France,other,unknown,https://www.ipac-france.com/,"L'IPAC et l'armée de l'air, un partenariat engagé",0.9,National,no,cited page was not read by the fetcher (cannot check),2026-10-08T17:50:54Z
r014,IPAC,ILSC Greystone Collège,Canada,college,unknown,https://www.ipac-france.com/universites-partenaires,"ILSC Greystone Collège, Vancouver",0.9,International,no,cited page was not read by the fetcher (cannot check),2026-10-08T17:50:54Z
r014,IPAC,ULACIT,Costa Rica,university,unknown,https://www.ipac-france.com/universites-partenaires,"ULACIT, San José",0.9,International,no,cited page was not read by the fetcher (cannot check),2026-10-08T17:50:54Z
r014,IPAC,Anahuac,Mexique,university,unknown,https://www.ipac-france.com/universites-partenaires,"Anahuac, Cancun",0.9,International,no,cited page was not read by the fetcher (cannot check),2026-10-08T17:50:54Z
r014,IPAC,Universidad de Leon,Mexique,university,unknown,https://www.ipac-france.com/universites-partenaires,"Universidad de Leon, Leon",0.9,International,no,cited page was not read by the fetcher (cannot check),2026-10-08T17:50:54Z
r014,IPAC,MIM Manhattan institute of management,USA,college,unknown,https://www.ipac-france.com/universites-partenaires,"MIM Manhattan institute of management, New York",0.9,International,no,cited page was not read by the fetcher (cannot check),2026-10-08T17:50:54Z
r014,IPAC,Hillsborough Community College,USA,college,unknown,https://www.ipac-france.com/universites-partenaires,"Hillsborough Community College, Tampa",0.9,International,no,cited page was not read by the fetcher (cannot check),2026-10-08T17:50:54Z
r014,IPAC,Santa Barbara city College,USA,college,unknown,https://www.ipac-france.com/universites-partenaires,"Santa Barbara city College, Santa Barbara",0.9,International,no,cited page was not read by the fetcher (cannot check),2026-10-08T17:50:54Z
r014,IPAC,Fullerton California state uni,USA,university,unknown,https://www.ipac-france.com/universites-partenaires,"Fullerton California state uni, Fullerton",0.9,International,no,cited page was not read by the fetcher (cannot check),2026-10-08T17:50:54Z
r014,IPAC,Berkeley College,USA,college,unknown,https://www.ipac-france.com/universites-partenaires,"Berkeley College, New York",0.9,International,no,cited page was not read by the fetcher (cannot check),2026-10-08T17:50:54Z
r014,IPAC,San Francisco State University,USA,university,unknown,https://www.ipac-france.com/universites-partenaires,"San Francisco State University, San Francisco",0.9,International,no,cited page was not read by the fetcher (cannot check),2026-10-08T17:50:54Z
r014,IPAC,San Diego State,USA,university,unknown,https://www.ipac-france.com/universites-partenaires,"San Diego State, San Diego",0.9,International,no,cited page was not read by the fetcher (cannot check),2026-10-08T17:50:54Z
r014,IPAC,Solbridge Business School,Corée,college,unknown,https://www.ipac-france.com/universites-partenaires,"Solbridge Business School, Deajeon",0.9,International,no,cited page was not read by the fetcher (cannot check),2026-10-08T17:50:54Z
r014,IPAC,Endicott Collège of International Studies,Corée,college,unknown,https://www.ipac-france.com/universites-partenaires,"Endicott Collège of International Studies, Deajeon",0.9,International,no,cited page was not read by the fetcher (cannot check),2026-10-08T17:50:54Z
r014,IPAC,Hankuk University of Foreign Studies,Corée,university,unknown,https://www.ipac-france.com/universites-partenaires,"Hankuk University of Foreign Studies, Seoul",0.9,International,no,cited page was not read by the fetcher (cannot check),2026-10-08T17:50:54Z
r014,IPAC,Temple University,Japon,university,unknown,https://www.ipac-france.com/universites-partenaires,"Temple University, Tokyo",0.9,International,no,cited page was not read by the fetcher (cannot check),2026-10-08T17:50:54Z
r014,IPAC,Unika Atma Jaya,Indonesie,university,unknown,https://www.ipac-france.com/universites-partenaires,"Unika Atma Jaya, Jakarta",0.9,International,no,cited page was not read by the fetcher (cannot check),2026-10-08T17:50:54Z
r014,IPAC,Kasetsart Uni,Thaïlande,university,unknown,https://www.ipac-france.com/universites-partenaires,"Kasetsart Uni, Bangkok",0.9,International,no,cited page was not read by the fetcher (cannot check),2026-10-08T17:50:54Z
r014,IPAC,Hochschule Kempten,Allemagne,university,unknown,https://www.ipac-france.com/universites-partenaires,"Hochschule Kempten, Kempten",0.9,International,no,cited page was not read by the fetcher (cannot check),2026-10-08T17:50:54Z
r014,IPAC,American University of Richmond,Angleterre,university,unknown,https://www.ipac-france.com/universites-partenaires,"American University of Richmond, Londres",0.9,International,no,cited page was not read by the fetcher (cannot check),2026-10-08T17:50:54Z
r014,IPAC,UCB,Angleterre,university,unknown,https://www.ipac-france.com/universites-partenaires,"UCB, Birmingham",0.9,International,no,cited page was not read by the fetcher (cannot check),2026-10-08T17:50:54Z
r014,IPAC,Coventry University,Angleterre,university,unknown,https://www.ipac-france.com/universites-partenaires,"Coventry University, Coventry",0.9,International,no,cited page was not read by the fetcher (cannot check),2026-10-08T17:50:54Z
r014,IPAC,IMC,Autriche,university,unknown,https://www.ipac-france.com/universites-partenaires,"IMC, Krems",0.9,International,no,cited page was not read by the fetcher (cannot check),2026-10-08T17:50:54Z
r014,IPAC,FH Kufstein Tirol,Autriche,university,unknown,https://www.ipac-france.com/universites-partenaires,"FH Kufstein Tirol, Kufstein",0.9,International,no,cited page was not read by the fetcher (cannot check),2026-10-08T17:50:54Z
r014,IPAC,HSSE,Bulgarie,university,unknown,https://www.ipac-france.com/universites-partenaires,"HSSE, Plovdiv",0.9,International,no,cited page was not read by the fetcher (cannot check),2026-10-08T17:50:54Z
r014,IPAC,Neapolis University Paphos,Chypre,university,unknown,https://www.ipac-france.com/universites-partenaires,"Neapolis University Paphos, Paphos",0.9,International,no,cited page was not read by the fetcher (cannot check),2026-10-08T17:50:54Z
r014,IPAC,Uni Huelva,Espagne,university,unknown,https://www.ipac-france.com/universites-partenaires,"Uni Huelva, Huelva",0.9,International,no,cited page was not read by the fetcher (cannot check),2026-10-08T17:50:54Z
r014,IPAC,Uvic,Espagne,university,unknown,https://www.ipac-france.com/universites-partenaires,"Uvic, Barcelone",0.9,International,no,cited page was not read by the fetcher (cannot check),2026-10-08T17:50:54Z
r014,IPAC,HAMK University,Finlande,university,unknown,https://www.ipac-france.com/universites-partenaires,"HAMK University, Valkeaoski",0.9,International,no,cited page was not read by the fetcher (cannot check),2026-10-08T17:50:54Z
r014,IPAC,IBSU,Géorgie,university,unknown,https://www.ipac-france.com/universites-partenaires,"IBSU, Tbilisi",0.9,International,no,cited page was not read by the fetcher (cannot check),2026-10-08T17:50:54Z
r014,IPAC,IBS,Hongrie,university,unknown,https://www.ipac-france.com/universites-partenaires,"IBS, Budapest",0.9,International,no,cited page was not read by the fetcher (cannot check),2026-10-08T17:50:54Z
r014,IPAC,American College,Irlande,college,unknown,https://www.ipac-france.com/universites-partenaires,"American College, Dublin",0.9,International,no,cited page was not read by the fetcher (cannot check),2026-10-08T17:50:54Z
r014,IPAC,Griffith College,Irlande,college,unknown,https://www.ipac-france.com/universites-partenaires,"Griffith College, Dublin",0.9,International,no,cited page was not read by the fetcher (cannot check),2026-10-08T17:50:54Z
r014,IPAC,MTU Kerry,Irlande,university,unknown,https://www.ipac-france.com/universites-partenaires,"MTU Kerry, Tralee",0.9,International,no,cited page was not read by the fetcher (cannot check),2026-10-08T17:50:54Z
r014,IPAC,Università Carlo Cattaneo LIUC,Italie,university,unknown,https://www.ipac-france.com/universites-partenaires,"Università Carlo Cattaneo LIUC, Castellanza",0.9,International,no,cited page was not read by the fetcher (cannot check),2026-10-08T17:50:54Z
r014,IPAC,International University,Italie,university,unknown,https://www.ipac-france.com/universites-partenaires,"International University, Rome",0.9,International,no,cited page was not read by the fetcher (cannot check),2026-10-08T17:50:54Z
r014,IPAC,LUMSA Università,Italie,university,unknown,https://www.ipac-france.com/universites-partenaires,"LUMSA Università, Rome",0.9,International,no,cited page was not read by the fetcher (cannot check),2026-10-08T17:50:54Z
r014,IPAC,Kauno Kolegija,Lituanie,college,unknown,https://www.ipac-france.com/universites-partenaires,"Kauno Kolegija, Kaunas",0.9,International,no,cited page was not read by the fetcher (cannot check),2026-10-08T17:50:54Z
r014,IPAC,INN,Norvège,university,unknown,https://www.ipac-france.com/universites-partenaires,"INN, Lillehammer",0.9,International,no,cited page was not read by the fetcher (cannot check),2026-10-08T17:50:54Z
r014,IPAC,Hanze Hogeschool,Pays-Bas,university,unknown,https://www.ipac-france.com/universites-partenaires,"Hanze Hogeschool, Groningen",0.9,International,no,cited page was not read by the fetcher (cannot check),2026-10-08T17:50:54Z
r014,IPAC,Universidade Europeia,Portugal,university,unknown,https://www.ipac-france.com/universites-partenaires,"Universidade Europeia, Lisbonne",0.9,International,no,cited page was not read by the fetcher (cannot check),2026-10-08T17:50:54Z
r014,IPAC,IPP,Portugal,university,unknown,https://www.ipac-france.com/universites-partenaires,"IPP, Porto",0.9,International,no,cited page was not read by the fetcher (cannot check),2026-10-08T17:50:54Z
r014,IPAC,IPS,Portugal,university,unknown,https://www.ipac-france.com/universites-partenaires,"IPS, Setubal",0.9,International,no,cited page was not read by the fetcher (cannot check),2026-10-08T17:50:54Z
r014,IPAC,Vysoká Škola Finančí a Správní,République Tchèque,university,unknown,https://www.ipac-france.com/universites-partenaires,"Vysoká Škola Finančí a Správní, Prague",0.9,International,no,cited page was not read by the fetcher (cannot check),2026-10-08T17:50:54Z
r014,IPAC,CEVRO University,République Tchèque,university,unknown,https://www.ipac-france.com/universites-partenaires,"CEVRO University, Prague",0.9,International,no,cited page was not read by the fetcher (cannot check),2026-10-08T17:50:54Z
r014,IPAC,University of New York in Prague,République Tchèque,university,unknown,https://www.ipac-france.com/universites-partenaires,"University of New York in Prague, Prague",0.9,International,no,cited page was not read by the fetcher (cannot check),2026-10-08T17:50:54Z
r014,IPAC,Charles University Faculty of Physical Education and Sport,République Tchèque,university,unknown,https://www.ipac-france.com/universites-partenaires,"Charles University Faculty of Physical Education and Sport , Prague",0.9,International,no,cited page was not read by the fetcher (cannot check),2026-10-08T17:50:54Z
r014,IPAC,Edith Cowan University,Australie,university,unknown,https://www.ipac-france.com/universites-partenaires,"Edith Cowan University, Perth",0.9,International,no,cited page was not read by the fetcher (cannot check),2026-10-08T17:50:54Z
r014,IPAC,Alliance Eduservices,France,network,unknown,https://www.ipac-france.com/ecoles-du-groupe-eduservices,L'alliance Eduservices,0.9,National,no,cited page was not read by the fetcher (cannot check),2026-10-08T17:50:54Z
r014,IPAC,escadrille air jeunesse,,other,unknown,https://www.ipac-france.com/,L'IPAC accueille la première rentrée de l'escadrille air jeunesse à Chambéry,0.9,Unknown,no,cited page was not read by the fetcher (cannot check),2026-10-08T17:50:54Z
r014,IPAC,Maped,,company,unknown,https://www.ipac-france.com/,[Logo_Maped],0.9,Unknown,no,cited page was not read by the fetcher (cannot check),2026-10-08T17:50:54Z
r014,IPAC,Decathlon,,company,unknown,https://www.ipac-france.com/,[Logo_Decathlon],0.9,Unknown,no,cited page was not read by the fetcher (cannot check),2026-10-08T17:50:54Z
r014,IPAC,Ministère de l'Armée,,other,unknown,https://www.ipac-france.com/,[Logo_MinistèreArmée],0.9,Unknown,no,cited page was not read by the fetcher (cannot check),2026-10-08T17:50:54Z
r014,IPAC,UTMB,,other,unknown,https://www.ipac-france.com/,[Logo_UTMB],0.9,Unknown,no,cited page was not read by the fetcher (cannot check),2026-10-08T17:50:54Z
r014,IPAC,NTN,,company,unknown,https://www.ipac-france.com/,[Logo_NTN],0.9,Unknown,no,cited page was not read by the fetcher (cannot check),2026-10-08T17:50:54Z
r014,IPAC,Salomon,,company,unknown,https://www.ipac-france.com/,[Logo_Salomon],0.9,Unknown,no,cited page was not read by the fetcher (cannot check),2026-10-08T17:50:54Z
r014,IPAC,Somfy,,company,unknown,https://www.ipac-france.com/,[Logo_Somfy],0.9,Unknown,no,cited page was not read by the fetcher (cannot check),2026-10-08T17:50:54Z
r014,IPAC,Migros,,company,unknown,https://www.ipac-france.com/,[Logo_Migros],0.9,Unknown,no,cited page was not read by the fetcher (cannot check),2026-10-08T17:50:54Z
r014,IPAC,Foncia,,company,unknown,https://www.ipac-france.com/,[Logo_Foncia],0.9,Unknown,no,cited page was not read by the fetcher (cannot check),2026-10-08T17:50:54Z
r014,IPAC,Fournier,,company,unknown,https://www.ipac-france.com/,[Logo_Fournier],0.9,Unknown,no,cited page was not read by the fetcher (cannot check),2026-10-08T17:50:54Z
r014,IPAC,Baouw,France,company,unknown,https://www.ipac-france.com/tous-les-partenaires,RESPONSABLE E-COMMERCE & MARKETING DIGITAL CHEZ BAOUW,0.9,National,no,cited page was not read by the fetcher (cannot check),2026-10-08T17:50:54Z
r014,IPAC,Cimalpes,France,company,unknown,https://www.ipac-france.com/tous-les-partenaires,DIRECTRICE DES RESSOURCES HUMAINES CHEZ CIMALPES,0.9,National,no,cited page was not read by the fetcher (cannot check),2026-10-08T17:50:54Z
r014,IPAC,Netdev,France,company,unknown,https://www.ipac-france.com/tous-les-partenaires,ALUMNI ET CHEFFE DE PROJET CHEZ NETDEV,0.9,National,no,cited page was not read by the fetcher (cannot check),2026-10-08T17:50:54Z
r014,IPAC,Allianz,France,company,unknown,https://www.ipac-france.com/tous-les-partenaires,[Logo_Allianz],0.9,National,no,cited page was not read by the fetcher (cannot check),2026-10-08T17:50:54Z
r014,IPAC,Arkema,France,company,unknown,https://www.ipac-france.com/tous-les-partenaires,[Logo_Arkema],0.9,National,no,cited page was not read by the fetcher (cannot check),2026-10-08T17:50:54Z
r014,IPAC,ATMB,France,company,unknown,https://www.ipac-france.com/tous-les-partenaires,[Logo_ATMB],0.9,National,no,cited page was not read by the fetcher (cannot check),2026-10-08T17:50:54Z
r014,IPAC,Aubert,France,company,unknown,https://www.ipac-france.com/tous-les-partenaires,[Logo_Aubert],0.9,National,no,cited page was not read by the fetcher (cannot check),2026-10-08T17:50:54Z
r014,IPAC,Auchan,France,company,unknown,https://www.ipac-france.com/tous-les-partenaires,[Logo_Auchan],0.9,National,no,cited page was not read by the fetcher (cannot check),2026-10-08T17:50:54Z
r014,IPAC,Bayer,France,company,unknown,https://www.ipac-france.com/tous-les-partenaires,[Logo_Bayer],0.9,National,no,cited page was not read by the fetcher (cannot check),2026-10-08T17:50:54Z
r014,IPAC,Biocop,France,company,unknown,https://www.ipac-france.com/tous-les-partenaires,[Logo_Biocop],0.9,National,no,cited page was not read by the fetcher (cannot check),2026-10-08T17:50:54Z
r014,IPAC,Botanic,France,company,unknown,https://www.ipac-france.com/tous-les-partenaires,[Logo_Botanic],0.9,National,no,cited page was not read by the fetcher (cannot check),2026-10-08T17:50:54Z
r014,IPAC,Boulanger,France,company,unknown,https://www.ipac-france.com/tous-les-partenaires,[Logo_Boulanger],0.9,National,no,cited page was not read by the fetcher (cannot check),2026-10-08T17:50:54Z
r014,IPAC,BurgerKing,France,company,unknown,https://www.ipac-france.com/tous-les-partenaires,[Logo_BurgerKing],0.9,National,no,cited page was not read by the fetcher (cannot check),2026-10-08T17:50:54Z
r014,IPAC,CNOSF,France,company,unknown,https://www.ipac-france.com/tous-les-partenaires,[Logo_CNOSF],0.9,National,no,cited page was not read by the fetcher (cannot check),2026-10-08T17:50:54Z
r014,IPAC,Courir,France,company,unknown,https://www.ipac-france.com/tous-les-partenaires,[Logo_Courir],0.9,National,no,cited page was not read by the fetcher (cannot check),2026-10-08T17:50:54Z
r014,IPAC,CPAM,France,company,unknown,https://www.ipac-france.com/tous-les-partenaires,[Logo_CPAM],0.9,National,no,cited page was not read by the fetcher (cannot check),2026-10-08T17:50:54Z
r014,IPAC,CreditAgricole,France,company,unknown,https://www.ipac-france.com/tous-les-partenaires,[Logo_CreditAgricole],0.9,National,no,cited page was not read by the fetcher (cannot check),2026-10-08T17:50:54Z
r014,IPAC,DHL,France,company,unknown,https://www.ipac-france.com/tous-les-partenaires,[Logo_DHL],0.9,National,no,cited page was not read by the fetcher (cannot check),2026-10-08T17:50:54Z
r014,IPAC,electrodepot,France,company,unknown,https://www.ipac-france.com/tous-les-partenaires,[Logo_electrodepot],0.9,National,no,cited page was not read by the fetcher (cannot check),2026-10-08T17:50:54Z
r014,IPAC,Enedis,France,company,unknown,https://www.ipac-france.com/tous-les-partenaires,[Logo_Enedis],0.9,National,no,cited page was not read by the fetcher (cannot check),2026-10-08T17:50:54Z
r014,IPAC,Etam,France,company,unknown,https://www.ipac-france.com/tous-les-partenaires,[Logo_Etam],0.9,National,no,cited page was not read by the fetcher (cannot check),2026-10-08T17:50:54Z
r014,IPAC,Fnac,France,company,unknown,https://www.ipac-france.com/tous-les-partenaires,[Logo_Fnac],0.9,National,no,cited page was not read by the fetcher (cannot check),2026-10-08T17:50:54Z
r014,IPAC,FNAnnecy,France,company,unknown,https://www.ipac-france.com/tous-les-partenaires,[Logo_FNAnnecy],0.9,National,no,cited page was not read by the fetcher (cannot check),2026-10-08T17:50:54Z
r014,IPAC,Fusalp,France,company,unknown,https://www.ipac-france.com/tous-les-partenaires,[Logo_Fusalp],0.9,National,no,cited page was not read by the fetcher (cannot check),2026-10-08T17:50:54Z
r014,IPAC,GrandAnnecy,France,company,unknown,https://www.ipac-france.com/tous-les-partenaires,[Logo_GrandAnnecy],0.9,National,no,cited page was not read by the fetcher (cannot check),2026-10-08T17:50:54Z
r014,IPAC,GreenWeezz,France,company,unknown,https://www.ipac-france.com/tous-les-partenaires,[Logo_GreenWeezz],0.9,National,no,cited page was not read by the fetcher (cannot check),2026-10-08T17:50:54Z
r014,IPAC,Groupama,France,company,unknown,https://www.ipac-france.com/tous-les-partenaires,[Logo_Groupama],0.9,National,no,cited page was not read by the fetcher (cannot check),2026-10-08T17:50:54Z
r014,IPAC,Intersport,France,company,unknown,https://www.ipac-france.com/tous-les-partenaires,[Logo_Intersport],0.9,National,no,cited page was not read by the fetcher (cannot check),2026-10-08T17:50:54Z
r014,IPAC,LaFolieDouce,France,company,unknown,https://www.ipac-france.com/tous-les-partenaires,[Logo_LaFolieDouce],0.9,National,no,cited page was not read by the fetcher (cannot check),2026-10-08T17:50:54Z
r014,IPAC,LaPoste,France,company,unknown,https://www.ipac-france.com/tous-les-partenaires,[Logo_LaPoste],0.9,National,no,cited page was not read by the fetcher (cannot check),2026-10-08T17:50:54Z
r014,IPAC,Leclerc,France,company,unknown,https://www.ipac-france.com/tous-les-partenaires,[Logo_Leclerc],0.9,National,no,cited page was not read by the fetcher (cannot check),2026-10-08T17:50:54Z
r014,IPAC,LeGrandBornand,France,company,unknown,https://www.ipac-france.com/tous-les-partenaires,[Logo_LeGrandBornand],0.9,National,no,cited page was not read by the fetcher (cannot check),2026-10-08T17:50:54Z
r014,IPAC,LeroyMerlin,France,company,unknown,https://www.ipac-france.com/tous-les-partenaires,[Logo_LeroyMerlin],0.9,National,no,cited page was not read by the fetcher (cannot check),2026-10-08T17:50:54Z
r014,IPAC,MaisonDuMonde,France,company,unknown,https://www.ipac-france.com/tous-les-partenaires,[Logo_MaisonDuMonde],0.9,National,no,cited page was not read by the fetcher (cannot check),2026-10-08T17:50:54Z
r014,IPAC,Manpower,France,company,unknown,https://www.ipac-france.com/tous-les-partenaires,[Logo_Manpower],0.9,National,no,cited page was not read by the fetcher (cannot check),2026-10-08T17:50:54Z
r014,IPAC,McDonalds,France,company,unknown,https://www.ipac-france.com/tous-les-partenaires,[Logo_McDonalds],0.9,National,no,cited page was not read by the fetcher (cannot check),2026-10-08T17:50:54Z
r014,IPAC,Mecalac,France,company,unknown,https://www.ipac-france.com/tous-les-partenaires,[Logo_Mecalac],0.9,National,no,cited page was not read by the fetcher (cannot check),2026-10-08T17:50:54Z
r014,IPAC,MercureHotels,France,company,unknown,https://www.ipac-france.com/tous-les-partenaires,[Logo_MercureHotels],0.9,National,no,cited page was not read by the fetcher (cannot check),2026-10-08T17:50:54Z
r014,IPAC,YvesRocher,France,company,unknown,https://www.ipac-france.com/tous-les-partenaires,[Logo_YvesRocher],0.9,National,no,cited page was not read by the fetcher (cannot check),2026-10-08T17:50:54Z
r014,IPAC,Orange,France,company,unknown,https://www.ipac-france.com/tous-les-partenaires,[Logo_Orange],0.9,National,no,cited page was not read by the fetcher (cannot check),2026-10-08T17:50:54Z
r014,IPAC,Peugeot,France,company,unknown,https://www.ipac-france.com/tous-les-partenaires,[Logo_Peugeot],0.9,National,no,cited page was not read by the fetcher (cannot check),2026-10-08T17:50:54Z
r014,IPAC,schneider,France,company,unknown,https://www.ipac-france.com/tous-les-partenaires,[Logo_schneider],0.9,National,no,cited page was not read by the fetcher (cannot check),2026-10-08T17:50:54Z
r014,IPAC,SNCF,France,company,unknown,https://www.ipac-france.com/tous-les-partenaires,[Logo_SNCF],0.9,National,no,cited page was not read by the fetcher (cannot check),2026-10-08T17:50:54Z
r014,IPAC,Staubli,France,company,unknown,https://www.ipac-france.com/tous-les-partenaires,[Logo_Staubli],0.9,National,no,cited page was not read by the fetcher (cannot check),2026-10-08T17:50:54Z
r014,IPAC,ThomasLePrince,France,company,unknown,https://www.ipac-france.com/tous-les-partenaires,[Logo_ThomasLePrince],0.9,National,no,cited page was not read by the fetcher (cannot check),2026-10-08T17:50:54Z
r017,"Vysoka skola financni a spravni, a.s./University of Finance and Administration",City University of Seattle,,university,unknown,https://www.vsfs.cz/univerzita/partneri,[City University of Seattle],0.9,Unknown,no,cited page was not read by the fetcher (cannot check),2026-10-08T17:50:10Z
r017,"Vysoka skola financni a spravni, a.s./University of Finance and Administration",CETYS University,,university,unknown,https://www.vsfs.cz/univerzita/partneri,[CETYS University],0.9,Unknown,no,cited page was not read by the fetcher (cannot check),2026-10-08T17:50:10Z
r017,"Vysoka skola financni a spravni, a.s./University of Finance and Administration",China Jiliang University,,university,unknown,https://www.vsfs.cz/univerzita/partneri,[China Jiliang University],0.9,Unknown,no,cited page was not read by the fetcher (cannot check),2026-10-08T17:50:10Z
r017,"Vysoka skola financni a spravni, a.s./University of Finance and Administration",Konfuciův institut,,other,unknown,https://www.vsfs.cz/univerzita/partneri,[Konfuciův institut],0.9,Unknown,no,cited page was not read by the fetcher (cannot check),2026-10-08T17:50:10Z
r017,"Vysoka skola financni a spravni, a.s./University of Finance and Administration",Česká unie sportu,,other,unknown,https://www.vsfs.cz/univerzita/partneri,[Česká unie sportu],0.9,Unknown,no,cited page was not read by the fetcher (cannot check),2026-10-08T17:50:10Z
r017,"Vysoka skola financni a spravni, a.s./University of Finance and Administration",monitora,,company,unknown,https://www.vsfs.cz/univerzita/partneri,[monitora],0.9,Unknown,no,cited page was not read by the fetcher (cannot check),2026-10-08T17:50:10Z
r017,"Vysoka skola financni a spravni, a.s./University of Finance and Administration",Logos Info,,company,unknown,https://www.vsfs.cz/univerzita/partneri,[Logos Info],0.9,Unknown,no,cited page was not read by the fetcher (cannot check),2026-10-08T17:50:10Z
r017,"Vysoka skola financni a spravni, a.s./University of Finance and Administration",Šachový klub DPP,,other,unknown,https://www.vsfs.cz/univerzita/partneri,[Šachový klub DPP],0.9,Unknown,no,cited page was not read by the fetcher (cannot check),2026-10-08T17:50:10Z
r017,"Vysoka skola financni a spravni, a.s./University of Finance and Administration",Pražská čokoláda,,company,unknown,https://www.vsfs.cz/univerzita/partneri,[Pražská čokoláda],0.9,Unknown,no,cited page was not read by the fetcher (cannot check),2026-10-08T17:50:10Z
r017,"Vysoka skola financni a spravni, a.s./University of Finance and Administration",Bohemians Praha 1905,,other,unknown,https://www.vsfs.cz/univerzita/partneri,[Bohemians Praha 1905],0.9,Unknown,no,cited page was not read by the fetcher (cannot check),2026-10-08T17:50:10Z
r017,"Vysoka skola financni a spravni, a.s./University of Finance and Administration",KŘP Středočeského kraje,,other,unknown,https://www.vsfs.cz/univerzita/partneri,[KŘP Středočeského kraje],0.9,Unknown,no,cited page was not read by the fetcher (cannot check),2026-10-08T17:50:10Z
r017,"Vysoka skola financni a spravni, a.s./University of Finance and Administration",Tatran Střešovice,,other,unknown,https://www.vsfs.cz/univerzita/partneri,[Tatran Střešovice],0.9,Unknown,no,cited page was not read by the fetcher (cannot check),2026-10-08T17:50:10Z
r017,"Vysoka skola financni a spravni, a.s./University of Finance and Administration",Statutární město Most,,other,unknown,https://www.vsfs.cz/univerzita/partneri,[Statutární město Most],0.9,Unknown,no,cited page was not read by the fetcher (cannot check),2026-10-08T17:50:10Z
r017,"Vysoka skola financni a spravni, a.s./University of Finance and Administration",Statutární město Karlovy Vary,,other,unknown,https://www.vsfs.cz/univerzita/partneri,[Statutární město Karlovy Vary],0.9,Unknown,no,cited page was not read by the fetcher (cannot check),2026-10-08T17:50:10Z
r017,"Vysoka skola financni a spravni, a.s./University of Finance and Administration",KŘP Karlovarského kraje,,other,unknown,https://www.vsfs.cz/univerzita/partneri,[KŘP Karlovarského kraje],0.9,Unknown,no,cited page was not read by the fetcher (cannot check),2026-10-08T17:50:10Z
r017,"Vysoka skola financni a spravni, a.s./University of Finance and Administration",m2c,,company,unknown,https://www.vsfs.cz/univerzita/partneri,[m2c],0.9,Unknown,no,cited page was not read by the fetcher (cannot check),2026-10-08T17:50:10Z
r017,"Vysoka skola financni a spravni, a.s./University of Finance and Administration",Diamant Absolventský klub VŠFS,,other,unknown,https://www.vsfs.cz/univerzita/partneri,[Diamant Absolventský klub VŠFS],0.9,Unknown,no,cited page was not read by the fetcher (cannot check),2026-10-08T17:50:10Z
r017,"Vysoka skola financni a spravni, a.s./University of Finance and Administration",Gymnázium Kodaňská,,school,unknown,https://www.vsfs.cz/univerzita/partneri,[Gymnázium Kodaňská],0.9,Unknown,no,cited page was not read by the fetcher (cannot check),2026-10-08T17:50:10Z
r017,"Vysoka skola financni a spravni, a.s./University of Finance and Administration",Kouzelné školy,,school,unknown,https://www.vsfs.cz/univerzita/partneri,[Kouzelné školy],0.9,Unknown,no,cited page was not read by the fetcher (cannot check),2026-10-08T17:50:10Z
r017,"Vysoka skola financni a spravni, a.s./University of Finance and Administration",Česká národní banka,,company,unknown,https://www.vsfs.cz/univerzita/partneri,[Česká národní banka],0.9,Unknown,no,cited page was not read by the fetcher (cannot check),2026-10-08T17:50:10Z
r017,"Vysoka skola financni a spravni, a.s./University of Finance and Administration",ČSOB,,company,unknown,https://www.vsfs.cz/univerzita/partneri,[ČSOB],0.9,Unknown,no,cited page was not read by the fetcher (cannot check),2026-10-08T17:50:10Z
r017,"Vysoka skola financni a spravni, a.s./University of Finance and Administration",J&T Banka,,company,unknown,https://www.vsfs.cz/univerzita/partneri,[J&T Banka],0.9,Unknown,no,cited page was not read by the fetcher (cannot check),2026-10-08T17:50:10Z
r017,"Vysoka skola financni a spravni, a.s./University of Finance and Administration",APOGEO,,company,unknown,https://www.vsfs.cz/univerzita/partneri,[APOGEO],0.9,Unknown,no,cited page was not read by the fetcher (cannot check),2026-10-08T17:50:10Z
r017,"Vysoka skola financni a spravni, a.s./University of Finance and Administration",Pojišťovna VZP,,company,unknown,https://www.vsfs.cz/univerzita/partneri,[Pojišťovna VZP],0.9,Unknown,no,cited page was not read by the fetcher (cannot check),2026-10-08T17:50:10Z
r017,"Vysoka skola financni a spravni, a.s./University of Finance and Administration",Česká podnikatelská pojišťovna,,company,unknown,https://www.vsfs.cz/univerzita/partneri,[Česká podnikatelská pojišťovna],0.9,Unknown,no,cited page was not read by the fetcher (cannot check),2026-10-08T17:50:10Z
r017,"Vysoka skola financni a spravni, a.s./University of Finance and Administration","Kooperativa pojišťovna, a.s., Vienna Insurance Group",,company,unknown,https://www.vsfs.cz/univerzita/partneri,"[Kooperativa pojišťovna, a.s., Vienna Insurance Group]",0.9,Unknown,no,cited page was not read by the fetcher (cannot check),2026-10-08T17:50:10Z
r017,"Vysoka skola financni a spravni, a.s./University of Finance and Administration",OVB,,company,unknown,https://www.vsfs.cz/univerzita/partneri,[OVB],0.9,Unknown,no,cited page was not read by the fetcher (cannot check),2026-10-08T17:50:10Z
r017,"Vysoka skola financni a spravni, a.s./University of Finance and Administration",Broker Consulting,,company,unknown,https://www.vsfs.cz/univerzita/partneri,[Broker Consulting],0.9,Unknown,no,cited page was not read by the fetcher (cannot check),2026-10-08T17:50:10Z
r017,"Vysoka skola financni a spravni, a.s./University of Finance and Administration",ABRA,,company,unknown,https://www.vsfs.cz/univerzita/partneri,[ABRA],0.9,Unknown,no,cited page was not read by the fetcher (cannot check),2026-10-08T17:50:10Z
r017,"Vysoka skola financni a spravni, a.s./University of Finance and Administration",Swiss Life Select a.s,,company,unknown,https://www.vsfs.cz/univerzita/partneri,[Swiss Life Select a.s],0.9,Unknown,no,cited page was not read by the fetcher (cannot check),2026-10-08T17:50:10Z
r017,"Vysoka skola financni a spravni, a.s./University of Finance and Administration",Dell,,company,unknown,https://www.vsfs.cz/univerzita/partneri,[Dell],0.9,Unknown,no,cited page was not read by the fetcher (cannot check),2026-10-08T17:50:10Z
r017,"Vysoka skola financni a spravni, a.s./University of Finance and Administration",ČASF,,other,unknown,https://www.vsfs.cz/univerzita/partneri,[ČASF],0.9,Unknown,no,cited page was not read by the fetcher (cannot check),2026-10-08T17:50:10Z
r017,"Vysoka skola financni a spravni, a.s./University of Finance and Administration",Dun & Bradstreet,,company,unknown,https://www.vsfs.cz/univerzita/partneri,[Dun & Bradstreet],0.9,Unknown,no,cited page was not read by the fetcher (cannot check),2026-10-08T17:50:10Z
r017,"Vysoka skola financni a spravni, a.s./University of Finance and Administration",MF Dnes,,other,unknown,https://www.vsfs.cz/univerzita/partneri,[MF Dnes],0.9,Unknown,no,cited page was not read by the fetcher (cannot check),2026-10-08T17:50:10Z
r017,"Vysoka skola financni a spravni, a.s./University of Finance and Administration",e15,,other,unknown,https://www.vsfs.cz/univerzita/partneri,[e15],0.9,Unknown,no,cited page was not read by the fetcher (cannot check),2026-10-08T17:50:10Z
r017,"Vysoka skola financni a spravni, a.s./University of Finance and Administration",Bankovnictví,,other,unknown,https://www.vsfs.cz/univerzita/partneri,[Bankovnictví],0.9,Unknown,no,cited page was not read by the fetcher (cannot check),2026-10-08T17:50:10Z
r017,"Vysoka skola financni a spravni, a.s./University of Finance and Administration",Rádio Impuls - Ráááádio,,other,unknown,https://www.vsfs.cz/univerzita/partneri,[Rádio Impuls - Ráááádio],0.9,Unknown,no,cited page was not read by the fetcher (cannot check),2026-10-08T17:50:10Z
r017,"Vysoka skola financni a spravni, a.s./University of Finance and Administration",Evropa 2,,other,unknown,https://www.vsfs.cz/univerzita/partneri,[Evropa 2],0.9,Unknown,no,cited page was not read by the fetcher (cannot check),2026-10-08T17:50:10Z
r017,"Vysoka skola financni a spravni, a.s./University of Finance and Administration",VŠE,,university,unknown,https://www.vsfs.cz/univerzita/partneri/oceneni-partneri-vsfs,"Ocenění pro VŠE převzal doc. Ing. Petr Dvořák, Ph.D., rektor VŠE",0.9,Unknown,no,cited page was not read by the fetcher (cannot check),2026-10-08T17:50:10Z
r017,"Vysoka skola financni a spravni, a.s./University of Finance and Administration",UPOL,,university,unknown,https://www.vsfs.cz/univerzita/partneri/oceneni-partneri-vsfs,"Ocenění pro UPOL převzal doc. Mgr. Pavel Zahrádka, Ph.D., docent Filozofické fakulty UPOL",0.9,Unknown,no,cited page was not read by the fetcher (cannot check),2026-10-08T17:50:10Z
r017,"Vysoka skola financni a spravni, a.s./University of Finance and Administration",CityU of Seattle,United States,university,study,https://www.vsfs.cz/,CityU of Seattle,0.9,International,no,cited page was not read by the fetcher (cannot check),2026-10-08T17:50:10Z
r017,"Vysoka skola financni a spravni, a.s./University of Finance and Administration",Společenství škol,,network,unknown,https://www.vsfs.cz/,[Společenství škol],0.9,International,no,cited page was not read by the fetcher (cannot check),2026-10-08T17:50:10Z
r018,TECHNISCHE HOCHSCHULE WILDAU,WH Zwickau,Germany,university,unknown,https://www.th-wildau.de/,Hochschulübergreifende Kooperation für Mobilität der Zukunft: TH Wildau und WH Zwickau erweitern Angebot des Verkehrswissenschaftlichen Kolloquium,0.9,National,no,cited page was not read by the fetcher (cannot check),2026-10-08T17:50:59Z
r018,TECHNISCHE HOCHSCHULE WILDAU,UCTM Sofia,Bulgaria,university,unknown,https://www.th-wildau.de/hochschule/zentrale-einrichtungen/zentrum-fuer-internationale-angelegenheiten/international-office,Erfolgsmodell europäischer Zusammenarbeit: Kooperation der TH Wildau und der UCTM Sofia,0.9,International,no,cited page was not read by the fetcher (cannot check),2026-10-08T17:50:59Z
r018,TECHNISCHE HOCHSCHULE WILDAU,Initiative FDM-BB,Germany,network,unknown,https://www.th-wildau.de/forschung-und-transfer/beratung-und-foerderung/forschungsdatenmanagement,Landesinitiative FDM-BB,0.9,National,no,cited page was not read by the fetcher (cannot check),2026-10-08T17:50:59Z
r018,TECHNISCHE HOCHSCHULE WILDAU,FDM-BB,Germany,network,unknown,https://www.th-wildau.de/forschung-und-transfer/beratung-und-foerderung/forschungsdatenmanagement,Die TH Wildau ist gemeinsam mit weiteren brandenburger Hochschulen Mitglied der Initiative FDM-BB(Forschungsdatenmanagement in Brandenburg). Die Webseite der Initiative bietet eine Übersicht über die Aufgaben und Erfolge der Initiative sowie hilfreicher Tools und Materialien.,0.9,National,no,cited page was not read by the fetcher (cannot check),2026-10-08T17:50:59Z
r018,TECHNISCHE HOCHSCHULE WILDAU,VBB,Germany,other,unknown,https://www.th-wildau.de/kontakt-anfahrt,Fahrplanauskunft des VBB,0.9,National,no,cited page was not read by the fetcher (cannot check),2026-10-08T17:50:59Z
r018,TECHNISCHE HOCHSCHULE WILDAU,Deutsche Bahn,Germany,company,unknown,https://www.th-wildau.de/kontakt-anfahrt,Fahrplanauskunft der Deutschen Bahn,0.9,National,no,cited page was not read by the fetcher (cannot check),2026-10-08T17:50:59Z
r019,Panevezio kolegija,Charles University Institute for Language and Preparatory Studies,Czech Republic,university,staff,https://panko.lt/2026/10/05/erasmus-mobilumas-prahoje/,Rugsėjo 21–25 d. kolegijos komanda dalyvavo Charles University Institute for Language and Preparatory Studies organizuotuose mokymuose „Practical English for Academic Staff – Staff Training Week“ Prahoje.,0.9,International,no,cited page was not read by the fetcher (cannot check),2026-10-08T17:50:32Z
r019,Panevezio kolegija,Daugavpils University,Latvia,university,staff,https://panko.lt/en/2026/05/06/erasmus-staff-visit-to-panevezio-kolegija-state-higher-education-institution-international-experience-and-strengthening-of-cooperation/,"Representatives from Daugavpils University: Anita Kiričuka, Jolanta Semjonova, Matīss Ruskulis and Andrejs Zaičenko arrived at Panevėžio kolegija/State Higher Education Institution. All of them participated in staff training activities, which were focused on improving the quality of studies, applying innovative teaching methods and developing internationality. Andrejs Zaičenko, representing the field of preschool education, also conducted teaching sessions for BIP program students, where he shar",0.9,International,no,cited page was not read by the fetcher (cannot check),2026-10-08T17:50:32Z
r019,Panevezio kolegija,University of Latvia,Latvia,university,staff,https://panko.lt/en/2026/05/06/erasmus-staff-visit-to-panevezio-kolegija-state-higher-education-institution-international-experience-and-strengthening-of-cooperation/,"Karlis Valtins from the University of Latvia also participated in the visit, the researcher actively participated in training activities, discussions and strengthening of academic ties.",0.9,International,no,cited page was not read by the fetcher (cannot check),2026-10-08T17:50:32Z
r019,Panevezio kolegija,State University of Applied Sciences in Wloclawek,Poland,university,study,https://panko.lt/en/2025/06/06/international-cooperation-provides-broad-mutual-erasmus-mobility-opportunities/,"The cooperation with the State University of Applied Sciences in Wloclawek in Poland and Inonu University in Turkey, which has been going on for several years, provides broad mutual Erasmus+ mobility opportunities. Employees from Poland were introduced to the higher education institution, its changes, and the available study base, and further cooperation plans were discussed. Students from Turkey arrived for a short-term practice Erasmus+ mobility, during which Domilė Augulė, Head of Physiothera",0.9,International,no,cited page was not read by the fetcher (cannot check),2026-10-08T17:50:32Z
r019,Panevezio kolegija,Inonu University,Turkey,university,study,https://panko.lt/en/2025/06/06/international-cooperation-provides-broad-mutual-erasmus-mobility-opportunities/,"The cooperation with the State University of Applied Sciences in Wloclawek in Poland and Inonu University in Turkey, which has been going on for several years, provides broad mutual Erasmus+ mobility opportunities. Employees from Poland were introduced to the higher education institution, its changes, and the available study base, and further cooperation plans were discussed. Students from Turkey arrived for a short-term practice Erasmus+ mobility, during which Domilė Augulė, Head of Physiothera",0.9,International,no,cited page was not read by the fetcher (cannot check),2026-10-08T17:50:32Z
r019,Panevezio kolegija,UAB “GOD Lithuania”,Lithuania,company,unknown,https://panko.lt/en/international-relations/erasmus/,[UAB “GOD Lithuania”],0.9,National,no,cited page was not read by the fetcher (cannot check),2026-10-08T17:50:32Z
r021,ESA Saint-Luc Liège,HELMo – Haute École Libre Mosane,Belgium,college,unknown,https://www.saint-luc.be/lecole/partenaires/,HELMo – Haute École Libre Mosane ;,0.9,National,no,cited page was not read by the fetcher (cannot check),2026-10-08T17:50:52Z
r021,ESA Saint-Luc Liège,Faculté d’Architecture de l’Université de Liège,Belgium,university,unknown,https://www.saint-luc.be/lecole/partenaires/,Faculté d’Architecture de l’Université de Liège ;,0.9,National,no,cited page was not read by the fetcher (cannot check),2026-10-08T17:50:52Z
r021,ESA Saint-Luc Liège,Centre Européen d’Archéométrie – Université de Liège,Belgium,university,unknown,https://www.saint-luc.be/lecole/partenaires/,Le Centre Européen d’Archéométrie – Université de Liège.,0.9,National,no,cited page was not read by the fetcher (cannot check),2026-10-08T17:50:52Z
r021,ESA Saint-Luc Liège,Université du Québec à Montréal (UQAM),Canada,university,unknown,https://www.saint-luc.be/mission-academique-et-ministerielle-2026-au-canada-au-dela-de-la-mission-academique-un-voyage-pour-faire-reseau/,"À Montréal, les rencontres organisées avec les Cégeps, l’Université du Québec à Montréal (UQAM), le Cégep Marie-Victorin, le Cégep Dawson et l’Université de Montréal ont permis d’aborder les enjeux de mobilité étudiante et enseignante, les pratiques pédagogiques, la recherche-création, ainsi que les possibilités de collaborations futures. Ces échanges ont confirmé l’intérêt croissant des partenaires canadiens pour les établissements de la Fédération Wallonie-Bruxelles et mis en lumière plusieurs",0.9,International,no,cited page was not read by the fetcher (cannot check),2026-10-08T17:50:52Z
r021,ESA Saint-Luc Liège,Cégep Marie-Victorin,Canada,college,unknown,https://www.saint-luc.be/mission-academique-et-ministerielle-2026-au-canada-au-dela-de-la-mission-academique-un-voyage-pour-faire-reseau/,"À Montréal, les rencontres organisées avec les Cégeps, l’Université du Québec à Montréal (UQAM), le Cégep Marie-Victorin, le Cégep Dawson et l’Université de Montréal ont permis d’aborder les enjeux de mobilité étudiante et enseignante, les pratiques pédagogiques, la recherche-création, ainsi que les possibilités de collaborations futures. Ces échanges ont confirmé l’intérêt croissant des partenaires canadiens pour les établissements de la Fédération Wallonie-Bruxelles et mis en lumière plusieurs",0.9,International,no,cited page was not read by the fetcher (cannot check),2026-10-08T17:50:52Z
r021,ESA Saint-Luc Liège,Cégep Dawson,Canada,college,unknown,https://www.saint-luc.be/mission-academique-et-ministerielle-2026-au-canada-au-dela-de-la-mission-academique-un-voyage-pour-faire-reseau/,"À Montréal, les rencontres organisées avec les Cégeps, l’Université du Québec à Montréal (UQAM), le Cégep Marie-Victorin, le Cégep Dawson et l’Université de Montréal ont permis d’aborder les enjeux de mobilité étudiante et enseignante, les pratiques pédagogiques, la recherche-création, ainsi que les possibilités de collaborations futures. Ces échanges ont confirmé l’intérêt croissant des partenaires canadiens pour les établissements de la Fédération Wallonie-Bruxelles et mis en lumière plusieurs",0.9,International,no,cited page was not read by the fetcher (cannot check),2026-10-08T17:50:52Z
r021,ESA Saint-Luc Liège,Université de Montréal,Canada,university,unknown,https://www.saint-luc.be/mission-academique-et-ministerielle-2026-au-canada-au-dela-de-la-mission-academique-un-voyage-pour-faire-reseau/,"À Montréal, les rencontres organisées avec les Cégeps, l’Université du Québec à Montréal (UQAM), le Cégep Marie-Victorin, le Cégep Dawson et l’Université de Montréal ont permis d’aborder les enjeux de mobilité étudiante et enseignante, les pratiques pédagogiques, la recherche-création, ainsi que les possibilités de collaborations futures. Ces échanges ont confirmé l’intérêt croissant des partenaires canadiens pour les établissements de la Fédération Wallonie-Bruxelles et mis en lumière plusieurs",0.9,International,no,cited page was not read by the fetcher (cannot check),2026-10-08T17:50:52Z
r021,ESA Saint-Luc Liège,École nationale du cirque de Montréal,Canada,school,unknown,https://www.saint-luc.be/mission-academique-et-ministerielle-2026-au-canada-au-dela-de-la-mission-academique-un-voyage-pour-faire-reseau/,"La visite de l’École nationale du cirque de Montréal a également ouvert des perspectives intéressantes pour la scénographie, tandis que plusieurs moments de réseautage organisés par Wallonie-Bruxelles International, l’ARES et la Délégation générale Wallonie-Bruxelles au Canada ont favorisé les échanges avec les autres Écoles supérieures des Arts de la Fédération Wallonie-Bruxelles ainsi qu’avec les acteurs culturels et institutionnels locaux.",0.9,International,no,cited page was not read by the fetcher (cannot check),2026-10-08T17:50:52Z
r021,ESA Saint-Luc Liège,Université du Québec en Outaouais (UQO),Canada,university,unknown,https://www.saint-luc.be/mission-academique-et-ministerielle-2026-au-canada-au-dela-de-la-mission-academique-un-voyage-pour-faire-reseau/,"À Ottawa et Gatineau, la délégation a été accueillie à l’École des arts et cultures de l’Université du Québec en Outaouais (UQO), seul établissement canadien proposant une formation en bande dessinée. Les discussions ont porté sur les contenus pédagogiques, la recherche, les projets internationaux et les collaborations potentielles en bande dessinée, communication visuelle et design social. La qualité des échanges ainsi que la forte complémentarité entre les deux institutions laissent entrevoir ",0.9,International,no,cited page was not read by the fetcher (cannot check),2026-10-08T17:50:52Z
r021,ESA Saint-Luc Liège,Ontario College of Art and Design (OCAD University),Canada,university,unknown,https://www.saint-luc.be/mission-academique-et-ministerielle-2026-au-canada-au-dela-de-la-mission-academique-un-voyage-pour-faire-reseau/,"À Toronto, la visite de l’Ontario College of Art and Design (OCAD University), principale école d’art du Canada anglophone, a permis de poursuivre le dialogue autour de l’internationalisation des formations, de l’illustration, de la bande dessinée et des projets collaboratifs. Les échanges ont mis en évidence des intérêts communs malgré des approches institutionnelles parfois différentes, tout en soulignant le potentiel de développement de nouveaux partenariats.",0.9,International,no,cited page was not read by the fetcher (cannot check),2026-10-08T17:50:52Z
r021,ESA Saint-Luc Liège,Instituts Saint-Luc en Fédération Wallonie-Bruxelles,Belgium,school,unknown,https://www.saint-luc.be/lecole/partenaires/,Les autres Instituts Saint-Luc en Fédération Wallonie-Bruxelles ;,0.9,National,no,cited page was not read by the fetcher (cannot check),2026-10-08T17:50:52Z
r021,ESA Saint-Luc Liège,Pôle Liège-Luxembourg,Belgium,network,unknown,https://www.saint-luc.be/lecole/partenaires/,Le Pôle Liège-Luxembourg.,0.9,National,no,cited page was not read by the fetcher (cannot check),2026-10-08T17:50:52Z
r021,ESA Saint-Luc Liège,Cefen – Centre interfacultaire de formation des enseignants de l’Université de Liège,Belgium,university,unknown,https://www.saint-luc.be/lecole/partenaires/,Le Cefen – Centre interfacultaire de formation des enseignants de l’Université de Liège ;,0.9,National,no,cited page was not read by the fetcher (cannot check),2026-10-08T17:50:52Z
r021,ESA Saint-Luc Liège,Ceroart,unknown,other,unknown,https://www.saint-luc.be/lecole/partenaires/,"Ceroart : revue et plateforme en ligne traitant de la Conservation, exposition et Restauration d’Objets d’Art ;",0.9,Unknown,no,cited page was not read by the fetcher (cannot check),2026-10-08T17:50:52Z
r021,ESA Saint-Luc Liège,CICRP – Belle de Mai,France,other,unknown,https://www.saint-luc.be/lecole/partenaires/,Le CICRP – Belle de Mai (Marseille) : Centre interrégional de conservation et restauration du patrimoine ;,0.9,International,no,cited page was not read by the fetcher (cannot check),2026-10-08T17:50:52Z
r021,ESA Saint-Luc Liège,HEC Liège : Ecole de gestion de l’Université de Liège,Belgium,university,unknown,https://www.saint-luc.be/lecole/partenaires/,HEC Liège : Ecole de gestion de l’Université de Liège ;,0.9,National,no,cited page was not read by the fetcher (cannot check),2026-10-08T17:50:52Z
r021,ESA Saint-Luc Liège,Abbaye de Stavelot,Belgium,other,unknown,https://www.saint-luc.be/lecole/partenaires/,L’Abbaye de Stavelot ;,0.9,National,no,cited page was not read by the fetcher (cannot check),2026-10-08T17:50:52Z
r021,ESA Saint-Luc Liège,ACA – Accompagnement des compétences audiovisuelles,Belgium,other,unknown,https://www.saint-luc.be/lecole/partenaires/,ACA – Accompagnement des compétences audiovisuelles ;,0.9,National,no,cited page was not read by the fetcher (cannot check),2026-10-08T17:50:52Z
r021,ESA Saint-Luc Liège,Aquarium – muséum de Liège,Belgium,other,unknown,https://www.saint-luc.be/lecole/partenaires/,Aquarium – muséum de Liège ;,0.9,National,no,cited page was not read by the fetcher (cannot check),2026-10-08T17:50:52Z
r021,ESA Saint-Luc Liège,Atelier Graffiti,Belgium,other,unknown,https://www.saint-luc.be/lecole/partenaires/,Atelier Graffiti ;,0.9,National,no,cited page was not read by the fetcher (cannot check),2026-10-08T17:50:52Z
r021,ESA Saint-Luc Liège,BIP – Biennale de l’Image Possible,Belgium,other,unknown,https://www.saint-luc.be/lecole/partenaires/,BIP – Biennale de l’Image Possible ;,0.9,National,no,cited page was not read by the fetcher (cannot check),2026-10-08T17:50:52Z
r021,ESA Saint-Luc Liège,Centre culturel de Chênée,Belgium,other,unknown,https://www.saint-luc.be/lecole/partenaires/,Centre culturel de Chênée ;,0.9,National,no,cited page was not read by the fetcher (cannot check),2026-10-08T17:50:52Z
r021,ESA Saint-Luc Liège,Centre culturel Les Chiroux,Belgium,other,unknown,https://www.saint-luc.be/lecole/partenaires/,Centre culturel Les Chiroux ;,0.9,National,no,cited page was not read by the fetcher (cannot check),2026-10-08T17:50:52Z
r021,ESA Saint-Luc Liège,Espace Opéra de l’Université de Liège,Belgium,university,unknown,https://www.saint-luc.be/lecole/partenaires/,Espace Opéra de l’Université de Liège ;,0.9,National,no,cited page was not read by the fetcher (cannot check),2026-10-08T17:50:52Z
r021,ESA Saint-Luc Liège,Festival Connexions Urbaines,Belgium,other,unknown,https://www.saint-luc.be/lecole/partenaires/,Festival Connexions Urbaines ;,0.9,National,no,cited page was not read by the fetcher (cannot check),2026-10-08T17:50:52Z
r021,ESA Saint-Luc Liège,Festival de Liège,Belgium,other,unknown,https://www.saint-luc.be/lecole/partenaires/,Festival de Liège ;,0.9,National,no,cited page was not read by the fetcher (cannot check),2026-10-08T17:50:52Z
r021,ESA Saint-Luc Liège,Festival Voix de Femmes,Belgium,other,unknown,https://www.saint-luc.be/lecole/partenaires/,Festival Voix de Femmes ;,0.9,National,no,cited page was not read by the fetcher (cannot check),2026-10-08T17:50:52Z
r021,ESA Saint-Luc Liège,Le Fig.,Belgium,other,unknown,https://www.saint-luc.be/lecole/partenaires/,Le Fig. ;,0.9,National,no,cited page was not read by the fetcher (cannot check),2026-10-08T17:50:52Z
r021,ESA Saint-Luc Liège,La Galerie de la Société Libre d’Émulation,Belgium,other,unknown,https://www.saint-luc.be/lecole/partenaires/,La Galerie de la Société Libre d’Émulation ;,0.9,National,no,cited page was not read by the fetcher (cannot check),2026-10-08T17:50:52Z
r021,ESA Saint-Luc Liège,La Galerie de Wégimont,Belgium,other,unknown,https://www.saint-luc.be/lecole/partenaires/,La Galerie de Wégimont ;,0.9,National,no,cited page was not read by the fetcher (cannot check),2026-10-08T17:50:52Z
r021,ESA Saint-Luc Liège,La Gare des Guillemins,Belgium,other,unknown,https://www.saint-luc.be/lecole/partenaires/,La Gare des Guillemins ;,0.9,National,no,cited page was not read by the fetcher (cannot check),2026-10-08T17:50:52Z
r021,ESA Saint-Luc Liège,Les Grignoux,Belgium,other,unknown,https://www.saint-luc.be/lecole/partenaires/,Les Grignoux ;,0.9,National,no,cited page was not read by the fetcher (cannot check),2026-10-08T17:50:52Z
r021,ESA Saint-Luc Liège,Les Journées du Patrimoine – Liège,Belgium,other,unknown,https://www.saint-luc.be/lecole/partenaires/,Les Journées du Patrimoine – Liège ;,0.9,National,no,cited page was not read by the fetcher (cannot check),2026-10-08T17:50:52Z
r021,ESA Saint-Luc Liège,Le MAD Musée,Belgium,other,unknown,https://www.saint-luc.be/lecole/partenaires/,Le MAD Musée ;,0.9,National,no,cited page was not read by the fetcher (cannot check),2026-10-08T17:50:52Z
r021,ESA Saint-Luc Liège,Le Musée Royal de l’Afrique Centrale,Belgium,other,unknown,https://www.saint-luc.be/lecole/partenaires/,Le Musée Royal de l’Afrique Centrale ;,0.9,National,no,cited page was not read by the fetcher (cannot check),2026-10-08T17:50:52Z
r021,ESA Saint-Luc Liège,Les Musées de la Ville de Liège,Belgium,other,unknown,https://www.saint-luc.be/lecole/partenaires/,Les Musées de la Ville de Liège ;,0.9,National,no,cited page was not read by the fetcher (cannot check),2026-10-08T17:50:52Z
r021,ESA Saint-Luc Liège,Opéra Royal de Wallonie-Liège,Belgium,other,unknown,https://www.saint-luc.be/lecole/partenaires/,Opéra Royal de Wallonie-Liège ;,0.9,National,no,cited page was not read by the fetcher (cannot check),2026-10-08T17:50:52Z
r021,ESA Saint-Luc Liège,Le Pôle Image de Liège,Belgium,other,unknown,https://www.saint-luc.be/lecole/partenaires/,Le Pôle Image de Liège ;,0.9,National,no,cited page was not read by the fetcher (cannot check),2026-10-08T17:50:52Z
r021,ESA Saint-Luc Liège,Les Presses Universitaires de Liège,Belgium,university,unknown,https://www.saint-luc.be/lecole/partenaires/,Les Presses Universitaires de Liège ;,0.9,National,no,cited page was not read by the fetcher (cannot check),2026-10-08T17:50:52Z
r021,ESA Saint-Luc Liège,La Province de Liège,Belgium,other,unknown,https://www.saint-luc.be/lecole/partenaires/,La Province de Liège ;,0.9,National,no,cited page was not read by the fetcher (cannot check),2026-10-08T17:50:52Z
r021,ESA Saint-Luc Liège,RAVI – Résidences – Ateliers Vivegnis International,Belgium,other,unknown,https://www.saint-luc.be/lecole/partenaires/,RAVI – Résidences – Ateliers Vivegnis International ;,0.9,National,no,cited page was not read by the fetcher (cannot check),2026-10-08T17:50:52Z
r021,ESA Saint-Luc Liège,Reciprocity Design Liège,Belgium,other,unknown,https://www.saint-luc.be/lecole/partenaires/,Reciprocity Design Liège ;,0.9,National,no,cited page was not read by the fetcher (cannot check),2026-10-08T17:50:52Z
r021,ESA Saint-Luc Liège,Sur la Pointe du Pinceau,Belgium,other,unknown,https://www.saint-luc.be/lecole/partenaires/,Sur la Pointe du Pinceau ;,0.9,National,no,cited page was not read by the fetcher (cannot check),2026-10-08T17:50:52Z
r021,ESA Saint-Luc Liège,Le Théâtre de Liège,Belgium,other,unknown,https://www.saint-luc.be/lecole/partenaires/,Le Théâtre de Liège ;,0.9,National,no,cited page was not read by the fetcher (cannot check),2026-10-08T17:50:52Z
r021,ESA Saint-Luc Liège,La Ville de Liège,Belgium,other,unknown,https://www.saint-luc.be/lecole/partenaires/,La Ville de Liège ;,0.9,National,no,cited page was not read by the fetcher (cannot check),2026-10-08T17:50:52Z
r021,ESA Saint-Luc Liège,Wallonie Design,Belgium,other,unknown,https://www.saint-luc.be/lecole/partenaires/,Wallonie Design.,0.9,National,no,cited page was not read by the fetcher (cannot check),2026-10-08T17:50:52Z
r022,Haute Ecole Francisco Ferrer,La Ville de Bruxelles,Belgium,other,unknown,https://www.he-ferrer.eu/partenaires,La Ville de Bruxelles,0.9,National,no,cited page was not read by the fetcher (cannot check),2026-10-08T17:51:00Z
r022,Haute Ecole Francisco Ferrer,Ferrer Formations,Belgium,other,unknown,https://www.he-ferrer.eu/partenaires,Ferrer Formations,0.9,National,no,cited page was not read by the fetcher (cannot check),2026-10-08T17:51:00Z
r022,Haute Ecole Francisco Ferrer,Campus Numérique,Belgium,other,unknown,https://www.he-ferrer.eu/partenaires,Campus Numérique,0.9,National,no,cited page was not read by the fetcher (cannot check),2026-10-08T17:51:00Z
r022,Haute Ecole Francisco Ferrer,Pôle bruxellois,Belgium,network,unknown,https://www.he-ferrer.eu/partenaires,Pôle bruxellois,0.9,National,no,cited page was not read by the fetcher (cannot check),2026-10-08T17:51:00Z
r023,Haute Ecole de la Communauté française Albert Jacquard,Université de sciences appliquées de Darmstadt (Hochschule Darmstadt),Allemagne,university,unknown,https://www.heaj.be/fr/int/partenaires-par-departement/,Université de sciences appliquées de Darmstadt (Hochschule Darmstadt),0.9,International,no,cited page was not read by the fetcher (cannot check),2026-10-08T17:53:00Z
r023,Haute Ecole de la Communauté française Albert Jacquard,Armenian State University of Economics,Arménie,university,unknown,https://www.heaj.be/fr/int/partenaires-par-departement/,Armenian State University of Economics,0.9,International,no,cited page was not read by the fetcher (cannot check),2026-10-08T17:53:00Z
r023,Haute Ecole de la Communauté française Albert Jacquard,Haute Ecole pédagogique V.Frankl,Autriche,college,unknown,https://www.heaj.be/fr/int/partenaires-par-departement/,"Haute Ecole pédagogique V.Frankl, à Klagenfurt",0.9,International,no,cited page was not read by the fetcher (cannot check),2026-10-08T17:53:00Z
r023,Haute Ecole de la Communauté française Albert Jacquard,AHS-OstBelgien,Belgique,college,unknown,https://www.heaj.be/fr/int/partenaires-par-departement/,"L’AHS-OstBelgien, à Eupen",0.9,National,no,cited page was not read by the fetcher (cannot check),2026-10-08T17:53:00Z
r023,Haute Ecole de la Communauté française Albert Jacquard,Hogeschool West-Vlaanderen,Belgique,college,unknown,https://www.heaj.be/fr/int/partenaires-par-departement/,"Hogeschool West-Vlaanderen, à Kortrijk",0.9,National,no,cited page was not read by the fetcher (cannot check),2026-10-08T17:53:00Z
r023,Haute Ecole de la Communauté française Albert Jacquard,Katholieke Hogeschool Limburg,Belgique,college,unknown,https://www.heaj.be/fr/int/partenaires-par-departement/,"Katholieke Hogeschool Limburg, à Hasselt",0.9,National,no,cited page was not read by the fetcher (cannot check),2026-10-08T17:53:00Z
r023,Haute Ecole de la Communauté française Albert Jacquard,Artesis Plantijn Hogeschool,Belgique,college,unknown,https://www.heaj.be/fr/int/partenaires-par-departement/,"L’ Artesis Plantijn Hogeschool, à Anvers",0.9,National,no,cited page was not read by the fetcher (cannot check),2026-10-08T17:53:00Z
r023,Haute Ecole de la Communauté française Albert Jacquard,European University Cyprus,Chypre,university,unknown,https://www.heaj.be/fr/int/partenaires-par-departement/,"European University Cyprus, Nicosie",0.9,International,no,cited page was not read by the fetcher (cannot check),2026-10-08T17:53:00Z
r023,Haute Ecole de la Communauté française Albert Jacquard,VERN University of Applied Sciences,Croatie,university,unknown,https://www.heaj.be/fr/int/partenaires-par-departement/,"VERN University of Applied Sciences, Zagreb",0.9,International,no,cited page was not read by the fetcher (cannot check),2026-10-08T17:53:00Z
r023,Haute Ecole de la Communauté française Albert Jacquard,"The university college, South Denmark",Danemark,college,unknown,https://www.heaj.be/fr/int/partenaires-par-departement/,"The university college, South Denmark",0.9,International,no,cited page was not read by the fetcher (cannot check),2026-10-08T17:53:00Z
r023,Haute Ecole de la Communauté française Albert Jacquard,The IT University of Copenhagen,Danemark,university,unknown,https://www.heaj.be/fr/int/partenaires-par-departement/,The IT University of Copenhagen,0.9,International,no,cited page was not read by the fetcher (cannot check),2026-10-08T17:53:00Z
r023,Haute Ecole de la Communauté française Albert Jacquard,U-TAD,Espagne,university,unknown,https://www.heaj.be/fr/int/partenaires-par-departement/,L’U-TAD à Madrid,0.9,International,no,cited page was not read by the fetcher (cannot check),2026-10-08T17:53:00Z
r023,Haute Ecole de la Communauté française Albert Jacquard,UNIE,Espagne,university,unknown,https://www.heaj.be/fr/int/partenaires-par-departement/,L’UNIE à Madrid,0.9,International,no,cited page was not read by the fetcher (cannot check),2026-10-08T17:53:00Z
r023,Haute Ecole de la Communauté française Albert Jacquard,Université d’Alméría,Espagne,university,unknown,https://www.heaj.be/fr/int/partenaires-par-departement/,Université d’Alméría,0.9,International,no,cited page was not read by the fetcher (cannot check),2026-10-08T17:53:00Z
r023,Haute Ecole de la Communauté française Albert Jacquard,Université de Salamanque,Espagne,university,unknown,https://www.heaj.be/fr/int/partenaires-par-departement/,Université de Salamanque,0.9,International,no,cited page was not read by the fetcher (cannot check),2026-10-08T17:53:00Z
r023,Haute Ecole de la Communauté française Albert Jacquard,Université d’Alicante,Espagne,university,unknown,https://www.heaj.be/fr/int/partenaires-par-departement/,Université d’Alicante,0.9,International,no,cited page was not read by the fetcher (cannot check),2026-10-08T17:53:00Z
r023,Haute Ecole de la Communauté française Albert Jacquard,Escola d’Art i superior de disseny Pau Gargallo,Espagne,college,unknown,https://www.heaj.be/fr/int/partenaires-par-departement/,"Escola d’Art i superior de disseny Pau Gargallo, Badalona",0.9,International,no,cited page was not read by the fetcher (cannot check),2026-10-08T17:53:00Z
r023,Haute Ecole de la Communauté française Albert Jacquard,Université de Gérone,Espagne,university,unknown,https://www.heaj.be/fr/int/partenaires-par-departement/,Université de Gérone,0.9,International,no,cited page was not read by the fetcher (cannot check),2026-10-08T17:53:00Z
r023,Haute Ecole de la Communauté française Albert Jacquard,Université de Murcie,Espagne,university,unknown,https://www.heaj.be/fr/int/partenaires-par-departement/,Université de Murcie – Cartagena’s campus,0.9,International,no,cited page was not read by the fetcher (cannot check),2026-10-08T17:53:00Z
r023,Haute Ecole de la Communauté française Albert Jacquard,Université de Cadíz,Espagne,university,unknown,https://www.heaj.be/fr/int/partenaires-par-departement/,Université de Cadíz,0.9,International,no,cited page was not read by the fetcher (cannot check),2026-10-08T17:53:00Z
r023,Haute Ecole de la Communauté française Albert Jacquard,Université de León,Espagne,university,unknown,https://www.heaj.be/fr/int/partenaires-par-departement/,Université de León,0.9,International,no,cited page was not read by the fetcher (cannot check),2026-10-08T17:53:00Z
r023,Haute Ecole de la Communauté française Albert Jacquard,TecnoCampus,Espagne,university,unknown,https://www.heaj.be/fr/int/partenaires-par-departement/,TecnoCampus à Barcelone,0.9,International,no,cited page was not read by the fetcher (cannot check),2026-10-08T17:53:00Z
r023,Haute Ecole de la Communauté française Albert Jacquard,Escuela Universitaria de Osuna,Espagne,university,unknown,https://www.heaj.be/fr/int/partenaires-par-departement/,Escuela Universitaria de Osuna,0.9,International,no,cited page was not read by the fetcher (cannot check),2026-10-08T17:53:00Z
r023,Haute Ecole de la Communauté française Albert Jacquard,iDEM,France,college,unknown,https://www.heaj.be/fr/int/partenaires-par-departement/,L’iDEM à Perpignan et Barcelone,0.9,International,no,cited page was not read by the fetcher (cannot check),2026-10-08T17:53:00Z
r023,Haute Ecole de la Communauté française Albert Jacquard,ESAAT,France,college,unknown,https://www.heaj.be/fr/int/partenaires-par-departement/,L’ESAAT (Ecole supérieure des arts appliqués et du textile) de Roubaix,0.9,International,no,cited page was not read by the fetcher (cannot check),2026-10-08T17:53:00Z
r023,Haute Ecole de la Communauté française Albert Jacquard,ENSIIE,France,university,unknown,https://www.heaj.be/fr/int/partenaires-par-departement/,L’ENSIIE (Ecole nationale supérieure d’informatique pour l’industrie et l’entreprise) d’Evry (Paris),0.9,International,no,cited page was not read by the fetcher (cannot check),2026-10-08T17:53:00Z
r023,Haute Ecole de la Communauté française Albert Jacquard,Université de Toulon,France,university,unknown,https://www.heaj.be/fr/int/partenaires-par-departement/,Université de Toulon,0.9,International,no,cited page was not read by the fetcher (cannot check),2026-10-08T17:53:00Z
r023,Haute Ecole de la Communauté française Albert Jacquard,ECV Paris,France,college,unknown,https://www.heaj.be/fr/int/partenaires-par-departement/,"ECV Paris – Ecole de Design, Animation, Game, Digital",0.9,International,no,cited page was not read by the fetcher (cannot check),2026-10-08T17:53:00Z
r023,Haute Ecole de la Communauté française Albert Jacquard,Université de Bordeaux,France,university,unknown,https://www.heaj.be/fr/int/partenaires-par-departement/,Université de Bordeaux,0.9,International,no,cited page was not read by the fetcher (cannot check),2026-10-08T17:53:00Z
r023,Haute Ecole de la Communauté française Albert Jacquard,Université de Bordeaux-Montaigne,France,university,unknown,https://www.heaj.be/fr/int/partenaires-par-departement/,Université de Bordeaux-Montaigne à Bordeaux,0.9,International,no,cited page was not read by the fetcher (cannot check),2026-10-08T17:53:00Z
r023,Haute Ecole de la Communauté française Albert Jacquard,École Brassart,France,college,unknown,https://www.heaj.be/fr/int/partenaires-par-departement/,École Brassart,0.9,International,no,cited page was not read by the fetcher (cannot check),2026-10-08T17:53:00Z
r023,Haute Ecole de la Communauté française Albert Jacquard,Université Grenoble Alpes,France,university,unknown,https://www.heaj.be/fr/int/partenaires-par-departement/,Université Grenoble Alpes (Chambéry),0.9,International,no,cited page was not read by the fetcher (cannot check),2026-10-08T17:53:00Z
r023,Haute Ecole de la Communauté française Albert Jacquard,Université de Versailles ST-Quentin en Yvelines,France,university,unknown,https://www.heaj.be/fr/int/partenaires-par-departement/,Université de Versailles ST-Quentin en Yvelines (groupe Paris-Saclay),0.9,International,no,cited page was not read by the fetcher (cannot check),2026-10-08T17:53:00Z
r023,Haute Ecole de la Communauté française Albert Jacquard,Université Paul Valéry de Montpellier III,France,university,unknown,https://www.heaj.be/fr/int/partenaires-par-departement/,Université Paul Valéry de Montpellier III,0.9,International,no,cited page was not read by the fetcher (cannot check),2026-10-08T17:53:00Z
r023,Haute Ecole de la Communauté française Albert Jacquard,Université Aix-Marseille,France,university,unknown,https://www.heaj.be/fr/int/partenaires-par-departement/,Université Aix-Marseille,0.9,International,no,cited page was not read by the fetcher (cannot check),2026-10-08T17:53:00Z
r023,Haute Ecole de la Communauté française Albert Jacquard,Université des Antilles,France,university,unknown,https://www.heaj.be/fr/int/partenaires-par-departement/,Université des Antilles,0.9,International,no,cited page was not read by the fetcher (cannot check),2026-10-08T17:53:00Z
r023,Haute Ecole de la Communauté française Albert Jacquard,Université de Caen,France,university,unknown,https://www.heaj.be/fr/int/partenaires-par-departement/,Université de Caen,0.9,International,no,cited page was not read by the fetcher (cannot check),2026-10-08T17:53:00Z
r023,Haute Ecole de la Communauté française Albert Jacquard,Ecole Emile Cohl Lyon,France,college,unknown,https://www.heaj.be/fr/int/partenaires-par-departement/,Ecole Emile Cohl Lyon,0.9,International,no,cited page was not read by the fetcher (cannot check),2026-10-08T17:53:00Z
r023,Haute Ecole de la Communauté française Albert Jacquard,Université de Ioannina,Grèce,university,unknown,https://www.heaj.be/fr/int/partenaires-par-departement/,Université de Ioannina,0.9,International,no,cited page was not read by the fetcher (cannot check),2026-10-08T17:53:00Z
r023,Haute Ecole de la Communauté française Albert Jacquard,Kodolanyi College,Hongrie,college,unknown,https://www.heaj.be/fr/int/partenaires-par-departement/,"Le Kodolanyi College, Szekesfehervar",0.9,International,no,cited page was not read by the fetcher (cannot check),2026-10-08T17:53:00Z
r023,Haute Ecole de la Communauté française Albert Jacquard,College of Dunaujvaros,Hongrie,college,unknown,https://www.heaj.be/fr/int/partenaires-par-departement/,Le College of Dunaujvaros,0.9,International,no,cited page was not read by the fetcher (cannot check),2026-10-08T17:53:00Z
r023,Haute Ecole de la Communauté française Albert Jacquard,Université dell’Insubria,Italie,university,unknown,https://www.heaj.be/fr/int/partenaires-par-departement/,"L’Université dell’Insubria, à Varese",0.9,International,no,cited page was not read by the fetcher (cannot check),2026-10-08T17:53:00Z
r023,Haute Ecole de la Communauté française Albert Jacquard,Institut Panthéon,Italie,college,unknown,https://www.heaj.be/fr/int/partenaires-par-departement/,"L’Institut Panthéon, à Rome",0.9,International,no,cited page was not read by the fetcher (cannot check),2026-10-08T17:53:00Z
r023,Haute Ecole de la Communauté française Albert Jacquard,"The school of business administration, Turiba",Lettonie,college,unknown,https://www.heaj.be/fr/int/partenaires-par-departement/,"The school of business administration, Turiba",0.9,International,no,cited page was not read by the fetcher (cannot check),2026-10-08T17:53:00Z
r023,Haute Ecole de la Communauté française Albert Jacquard,Kauno Kolegija,Lituanie,college,unknown,https://www.heaj.be/fr/int/partenaires-par-departement/,"Le Kauno Kolegija, à Kaunas",0.9,International,no,cited page was not read by the fetcher (cannot check),2026-10-08T17:53:00Z
r023,Haute Ecole de la Communauté française Albert Jacquard,LTAM,Luxembourg,college,unknown,https://www.heaj.be/fr/int/partenaires-par-departement/,Le LTAM à Luxembourg,0.9,International,no,cited page was not read by the fetcher (cannot check),2026-10-08T17:53:00Z
r023,Haute Ecole de la Communauté française Albert Jacquard,Université du Luxembourg,Luxembourg,university,unknown,https://www.heaj.be/fr/int/partenaires-par-departement/,L’Université du Luxembourg,0.9,International,no,cited page was not read by the fetcher (cannot check),2026-10-08T17:53:00Z
r023,Haute Ecole de la Communauté française Albert Jacquard,Instituto politecnico de Santarèm,Portugal,college,unknown,https://www.heaj.be/fr/int/partenaires-par-departement/,L’Instituto politecnico de Santarèm,0.9,International,no,cited page was not read by the fetcher (cannot check),2026-10-08T17:53:00Z
r023,Haute Ecole de la Communauté française Albert Jacquard,Universitatea Babes-Bolyai Cluj-Napoca,Roumanie,university,unknown,https://www.heaj.be/fr/int/partenaires-par-departement/,Universitatea Babes-Bolyai Cluj-Napoca,0.9,International,no,cited page was not read by the fetcher (cannot check),2026-10-08T17:53:00Z
r023,Haute Ecole de la Communauté française Albert Jacquard,National University of Science and Technology MISIS,Russie,university,unknown,https://www.heaj.be/fr/int/partenaires-par-departement/,National University of Science and Technology MISIS de Moscou,0.9,International,no,cited page was not read by the fetcher (cannot check),2026-10-08T17:53:00Z
r023,Haute Ecole de la Communauté française Albert Jacquard,University of the West of Scotland,Royaume-Uni,university,unknown,https://www.heaj.be/fr/int/partenaires-par-departement/,University of the West of Scotland,0.9,International,no,cited page was not read by the fetcher (cannot check),2026-10-08T17:53:00Z
r023,Haute Ecole de la Communauté française Albert Jacquard,SUPSI,Suisse,university,unknown,https://www.heaj.be/fr/int/partenaires-par-departement/,"La SUPSI (Scuola universitaria professionale della Svizzera italiana), à Lugano",0.9,International,no,cited page was not read by the fetcher (cannot check),2026-10-08T17:53:00Z
r023,Haute Ecole de la Communauté française Albert Jacquard,Université de Fribourg,Suisse,university,unknown,https://www.heaj.be/fr/int/partenaires-par-departement/,L’Université de Fribourg,0.9,International,no,cited page was not read by the fetcher (cannot check),2026-10-08T17:53:00Z
r023,Haute Ecole de la Communauté française Albert Jacquard,Uskudar University,Turquie,university,unknown,https://www.heaj.be/fr/int/partenaires-par-departement/,"Uskudar University, Istanbul",0.9,International,no,cited page was not read by the fetcher (cannot check),2026-10-08T17:53:00Z
r023,Haute Ecole de la Communauté française Albert Jacquard,Université Laval,Canada,university,unknown,https://www.heaj.be/fr/int/partenaires-par-departement/,"L’Université Laval, à Québec",0.9,International,no,cited page was not read by the fetcher (cannot check),2026-10-08T17:53:00Z
r023,Haute Ecole de la Communauté française Albert Jacquard,Cégep de Ste-Foy,Canada,college,unknown,https://www.heaj.be/fr/int/partenaires-par-departement/,"Le Cégep de Ste-Foy, à Québec",0.9,International,no,cited page was not read by the fetcher (cannot check),2026-10-08T17:53:00Z
r023,Haute Ecole de la Communauté française Albert Jacquard,La Cité collégiale,Canada,college,unknown,https://www.heaj.be/fr/int/partenaires-par-departement/,"La Cité collégiale, à Ottawa",0.9,International,no,cited page was not read by the fetcher (cannot check),2026-10-08T17:53:00Z
r023,Haute Ecole de la Communauté française Albert Jacquard,Cégep de l’Outaouais,Canada,college,unknown,https://www.heaj.be/fr/int/partenaires-par-departement/,"Le Cégep de l’Outaouais, à Québec",0.9,International,no,cited page was not read by the fetcher (cannot check),2026-10-08T17:53:00Z
r023,Haute Ecole de la Communauté française Albert Jacquard,Université du Québec,Canada,university,unknown,https://www.heaj.be/fr/int/partenaires-par-departement/,"Université du Québec, à Chicoutimi",0.9,International,no,cited page was not read by the fetcher (cannot check),2026-10-08T17:53:00Z
r023,Haute Ecole de la Communauté française Albert Jacquard,"Cegep, à Chicoutimi",Canada,college,unknown,https://www.heaj.be/fr/int/partenaires-par-departement/,"Cegep, à Chicoutimi",0.9,International,no,cited page was not read by the fetcher (cannot check),2026-10-08T17:53:00Z
r023,Haute Ecole de la Communauté française Albert Jacquard,Collège Ahuntsic,Canada,college,unknown,https://www.heaj.be/fr/int/partenaires-par-departement/,"Le Collège Ahuntsic, à Montréal",0.9,International,no,cited page was not read by the fetcher (cannot check),2026-10-08T17:53:00Z
r023,Haute Ecole de la Communauté française Albert Jacquard,Université de Regina,Canada,university,unknown,https://www.heaj.be/fr/int/partenaires-par-departement/,"L’Université de Regina, à Regina",0.9,International,no,cited page was not read by the fetcher (cannot check),2026-10-08T17:53:00Z
r023,Haute Ecole de la Communauté française Albert Jacquard,Cégep de Matane,Canada,college,unknown,https://www.heaj.be/fr/int/partenaires-par-departement/,Cégep de Matane à Québec,0.9,International,no,cited page was not read by the fetcher (cannot check),2026-10-08T17:53:00Z
r023,Haute Ecole de la Communauté française Albert Jacquard,Université Concordia,Canada,university,unknown,https://www.heaj.be/fr/int/partenaires-par-departement/,Université Concordia de Montréal,0.9,International,no,cited page was not read by the fetcher (cannot check),2026-10-08T17:53:00Z
r023,Haute Ecole de la Communauté française Albert Jacquard,Universidad Autonoma de Guadalajara,Mexique,university,unknown,https://www.heaj.be/fr/int/partenaires-par-departement/,"L’Universidad Autonoma de Guadalajara, à Guadalajara",0.9,International,no,cited page was not read by the fetcher (cannot check),2026-10-08T17:53:00Z
r023,Haute Ecole de la Communauté française Albert Jacquard,Universidad nacional del Sur,Argentine,university,unknown,https://www.heaj.be/fr/int/partenaires-par-departement/,"Universidad nacional del Sur, Bahia Blanca",0.9,International,no,cited page was not read by the fetcher (cannot check),2026-10-08T17:53:00Z
r023,Haute Ecole de la Communauté française Albert Jacquard,PONTIFÍCIA UNIVERSIDADE CATÓLICA DO PARANÁ,Brésil,university,unknown,https://www.heaj.be/fr/int/partenaires-par-departement/,PONTIFÍCIA UNIVERSIDADE CATÓLICA DO PARANÁ,0.9,International,no,cited page was not read by the fetcher (cannot check),2026-10-08T17:53:00Z
r023,Haute Ecole de la Communauté française Albert Jacquard,Pontificia Universidad catolica de Santiago,Chili,university,unknown,https://www.heaj.be/fr/int/partenaires-par-departement/,Pontificia Universidad catolica de Santiago,0.9,International,no,cited page was not read by the fetcher (cannot check),2026-10-08T17:53:00Z
r023,Haute Ecole de la Communauté française Albert Jacquard,Université San Martin de Porres,Pérou,university,unknown,https://www.heaj.be/fr/int/partenaires-par-departement/,"Université San Martin de Porres, Lima",0.9,International,no,cited page was not read by the fetcher (cannot check),2026-10-08T17:53:00Z
r023,Haute Ecole de la Communauté française Albert Jacquard,Université libanaise,Liban,university,unknown,https://www.heaj.be/fr/int/partenaires-par-departement/,"L’Université libanaise, Beyrout",0.9,International,no,cited page was not read by the fetcher (cannot check),2026-10-08T17:53:00Z
r023,Haute Ecole de la Communauté française Albert Jacquard,Suqian University,Chine,university,unknown,https://www.heaj.be/fr/int/partenaires-par-departement/,"Suqian University, (https://enisae.squ.edu.cn/)",0.9,International,no,cited page was not read by the fetcher (cannot check),2026-10-08T17:53:00Z
r023,Haute Ecole de la Communauté française Albert Jacquard,Université Nationale de Kongju,Corée du Sud,university,unknown,https://www.heaj.be/fr/int/partenaires-par-departement/,"Université Nationale de Kongju, Kongju",0.9,International,no,cited page was not read by the fetcher (cannot check),2026-10-08T17:53:00Z
r023,Haute Ecole de la Communauté française Albert Jacquard,Université STMIK AMIKON,Indonésie,university,unknown,https://www.heaj.be/fr/int/partenaires-par-departement/,"Université STMIK AMIKON, Yogyakarta",0.9,International,no,cited page was not read by the fetcher (cannot check),2026-10-08T17:53:00Z
r023,Haute Ecole de la Communauté française Albert Jacquard,ECC Computer College,Japon,college,unknown,https://www.heaj.be/fr/int/partenaires-par-departement/,ECC Computer College à Osaka,0.9,International,no,cited page was not read by the fetcher (cannot check),2026-10-08T17:53:00Z
r023,Haute Ecole de la Communauté française Albert Jacquard,INTI : International University and Colleges,Malaisie,university,unknown,https://www.heaj.be/fr/int/partenaires-par-departement/,INTI : International University and Colleges,0.9,International,no,cited page was not read by the fetcher (cannot check),2026-10-08T17:53:00Z
r023,Haute Ecole de la Communauté française Albert Jacquard,Université Phan Thiet,Vietnam,university,unknown,https://www.heaj.be/fr/int/partenaires-par-departement/,Université Phan Thiet,0.9,International,no,cited page was not read by the fetcher (cannot check),2026-10-08T17:53:00Z
r023,Haute Ecole de la Communauté française Albert Jacquard,HEC Rabat Business School,Maroc,college,unknown,https://www.heaj.be/fr/int/partenaires-par-departement/,HEC Rabat Business School,0.9,International,no,cited page was not read by the fetcher (cannot check),2026-10-08T17:53:00Z
r023,Haute Ecole de la Communauté française Albert Jacquard,Académie de Saint-Louis,Sénégal,college,unknown,https://www.heaj.be/fr/int/partenaires-par-departement/,Académie de Saint-Louis,0.9,International,no,cited page was not read by the fetcher (cannot check),2026-10-08T17:53:00Z
r023,Haute Ecole de la Communauté française Albert Jacquard,Le BIEFOR,unknown,other,unknown,https://www.heaj.be/fr/int/partenaires-par-departement/,Le BIEFOR – Bureau International en Education et Formation,0.9,Unknown,no,cited page was not read by the fetcher (cannot check),2026-10-08T17:53:00Z
r023,Haute Ecole de la Communauté française Albert Jacquard,Cultural Vistas,Etats-Unis,other,unknown,https://www.heaj.be/fr/int/partenaires-par-departement/,"Cultural Vistas, Etats-Unis",0.9,International,no,cited page was not read by the fetcher (cannot check),2026-10-08T17:53:00Z
r023,Haute Ecole de la Communauté française Albert Jacquard,NEW – (Namur Europe Wallonie),Belgique,other,unknown,https://www.heaj.be/fr/int/partenaires-par-departement/,NEW – (Namur Europe Wallonie) Organisme de promotion de la Ville de Namur,0.9,National,no,cited page was not read by the fetcher (cannot check),2026-10-08T17:53:00Z
r023,Haute Ecole de la Communauté française Albert Jacquard,EuropeDirect,Belgique,network,unknown,https://www.heaj.be/fr/int/partenaires-par-departement/,EuropeDirect – Réseau européen d’information en Province de Namur,0.9,National,no,cited page was not read by the fetcher (cannot check),2026-10-08T17:53:00Z
r023,Haute Ecole de la Communauté française Albert Jacquard,Le Bureau économique de la Province de Namur – (BEP),Belgique,other,unknown,https://www.heaj.be/fr/int/partenaires-par-departement/,Le Bureau économique de la Province de Namur – (BEP),0.9,National,no,cited page was not read by the fetcher (cannot check),2026-10-08T17:53:00Z
r023,Haute Ecole de la Communauté française Albert Jacquard,La Fédération Wallonie-Bruxelles,Belgique,other,unknown,https://www.heaj.be/fr/int/partenaires-par-departement/,La Fédération Wallonie-Bruxelles,0.9,National,no,cited page was not read by the fetcher (cannot check),2026-10-08T17:53:00Z
r023,Haute Ecole de la Communauté française Albert Jacquard,le WBI- Wallonie-Bruxelles international,Belgique,other,unknown,https://www.heaj.be/fr/int/partenaires-par-departement/,le WBI- Wallonie-Bruxelles international,0.9,National,no,cited page was not read by the fetcher (cannot check),2026-10-08T17:53:00Z
r023,Haute Ecole de la Communauté française Albert Jacquard,L’AGEFA mobilité,unknown,network,unknown,https://www.heaj.be/fr/int/partenaires-par-departement/,"L’AGEFA mobilité, réseau d’entreprises partenaires",0.9,International,no,cited page was not read by the fetcher (cannot check),2026-10-08T17:53:00Z
r023,Haute Ecole de la Communauté française Albert Jacquard,le BIJ (Bureau International Jeunesse),Belgique,other,unknown,https://www.heaj.be/fr/int/partenaires-par-departement/,le BIJ (Bureau International Jeunesse),0.9,National,no,cited page was not read by the fetcher (cannot check),2026-10-08T17:53:00Z
r023,Haute Ecole de la Communauté française Albert Jacquard,Erasmus+,unknown,network,unknown,https://www.heaj.be/fr/int/mobilite-etudiante/,"Un des principaux objectifs de la Cellule Relations Internationales est naturellement d’encourager la mobilité des étudiants. Dans cette optique, les étudiants peuvent bénéficier de bourses Erasmus+ pour leur séjour d’étude ou leur stage. Toutes les informations pratiques concernant ces bourses se trouvent dans la rubrique « étudiants sortants » mais vous pouvez également consulter le document « foire aux questions » rassemblant les questions les plus fréquentes sur la mobilité Erasmus+.",0.9,International,no,cited page was not read by the fetcher (cannot check),2026-10-08T17:53:00Z
r023,Haute Ecole de la Communauté française Albert Jacquard,AEF,unknown,other,unknown,https://www.heaj.be/fr/int/mobilite-etudiante/,"L’AEF propose un prêt Erasmus+ pour les Masters (Student Loan Guarantee Facility). Pour rappel, Erasmus+ offre la possibilité aux étudiants de demander un prêt pour suivre des études de master à l’étranger. Ces prêts sont proposés par les banques et les agences de prêts participant au projet, à des conditions intéressantes: les taux d’intérêt sont plus avantageux que ceux du marché et les prêts sont remboursables en deux ans, pour permettre aux diplômés de trouver un emploi avant de commencer à ",0.9,Unknown,no,cited page was not read by the fetcher (cannot check),2026-10-08T17:53:00Z
r023,Haute Ecole de la Communauté française Albert Jacquard,URegina,Canada,university,unknown,https://www.heaj.be/fr/int/partenaires-par-departement/,"Description détaillée pour les partenaires suivants : URegina (Canada), INTI (Malaysie), USMP (Pérou), ASUE (Arménie), Uskudar (Turquie) : pdf",0.9,International,no,cited page was not read by the fetcher (cannot check),2026-10-08T17:53:00Z
r023,Haute Ecole de la Communauté française Albert Jacquard,INTI,Malaysie,university,unknown,https://www.heaj.be/fr/int/partenaires-par-departement/,"Description détaillée pour les partenaires suivants : URegina (Canada), INTI (Malaysie), USMP (Pérou), ASUE (Arménie), Uskudar (Turquie) : pdf",0.9,International,no,cited page was not read by the fetcher (cannot check),2026-10-08T17:53:00Z
r023,Haute Ecole de la Communauté française Albert Jacquard,USMP,Pérou,university,unknown,https://www.heaj.be/fr/int/partenaires-par-departement/,"Description détaillée pour les partenaires suivants : URegina (Canada), INTI (Malaysie), USMP (Pérou), ASUE (Arménie), Uskudar (Turquie) : pdf",0.9,International,no,cited page was not read by the fetcher (cannot check),2026-10-08T17:53:00Z
r023,Haute Ecole de la Communauté française Albert Jacquard,ASUE,Arménie,university,unknown,https://www.heaj.be/fr/int/partenaires-par-departement/,"Description détaillée pour les partenaires suivants : URegina (Canada), INTI (Malaysie), USMP (Pérou), ASUE (Arménie), Uskudar (Turquie) : pdf",0.9,International,no,cited page was not read by the fetcher (cannot check),2026-10-08T17:53:00Z
r023,Haute Ecole de la Communauté française Albert Jacquard,Uskudar,Turquie,university,unknown,https://www.heaj.be/fr/int/partenaires-par-departement/,"Description détaillée pour les partenaires suivants : URegina (Canada), INTI (Malaysie), USMP (Pérou), ASUE (Arménie), Uskudar (Turquie) : pdf",0.9,International,no,cited page was not read by the fetcher (cannot check),2026-10-08T17:53:00Z
r023,Haute Ecole de la Communauté française Albert Jacquard,ESAAT (Ecole supérieure des arts appliqués et du textile),France,school,unknown,https://www.heaj.be/fr/int/partenaires-par-departement/,L’ESAAT (Ecole supérieure des arts appliqués et du textile) de Roubaix,0.9,International,no,cited page was not read by the fetcher (cannot check),2026-10-08T17:53:00Z
r023,Haute Ecole de la Communauté française Albert Jacquard,ENSIIE (Ecole nationale supérieure d’informatique pour l’industrie et l’entreprise),France,school,unknown,https://www.heaj.be/fr/int/partenaires-par-departement/,L’ENSIIE (Ecole nationale supérieure d’informatique pour l’industrie et l’entreprise) d’Evry (Paris),0.9,International,no,cited page was not read by the fetcher (cannot check),2026-10-08T17:53:00Z
r023,Haute Ecole de la Communauté française Albert Jacquard,Le Kodolanyi College,Hongrie,college,unknown,https://www.heaj.be/fr/int/partenaires-par-departement/,"Le Kodolanyi College, Szekesfehervar",0.9,International,no,cited page was not read by the fetcher (cannot check),2026-10-08T17:53:00Z
r023,Haute Ecole de la Communauté française Albert Jacquard,Le College of Dunaujvaros,Hongrie,college,unknown,https://www.heaj.be/fr/int/partenaires-par-departement/,Le College of Dunaujvaros,0.9,International,no,cited page was not read by the fetcher (cannot check),2026-10-08T17:53:00Z
r023,Haute Ecole de la Communauté française Albert Jacquard,L’Université dell’Insubria,Italie,university,unknown,https://www.heaj.be/fr/int/partenaires-par-departement/,"L’Université dell’Insubria, à Varese",0.9,International,no,cited page was not read by the fetcher (cannot check),2026-10-08T17:53:00Z
r023,Haute Ecole de la Communauté française Albert Jacquard,L’Institut Panthéon,Italie,other,unknown,https://www.heaj.be/fr/int/partenaires-par-departement/,"L’Institut Panthéon, à Rome",0.9,International,no,cited page was not read by the fetcher (cannot check),2026-10-08T17:53:00Z
r023,Haute Ecole de la Communauté française Albert Jacquard,Le Kauno Kolegija,Lituanie,college,unknown,https://www.heaj.be/fr/int/partenaires-par-departement/,"Le Kauno Kolegija, à Kaunas",0.9,International,no,cited page was not read by the fetcher (cannot check),2026-10-08T17:53:00Z
r023,Haute Ecole de la Communauté française Albert Jacquard,Le LTAM,Luxembourg,other,unknown,https://www.heaj.be/fr/int/partenaires-par-departement/,Le LTAM à Luxembourg,0.9,International,no,cited page was not read by the fetcher (cannot check),2026-10-08T17:53:00Z
r023,Haute Ecole de la Communauté française Albert Jacquard,L’Université du Luxembourg,Luxembourg,university,unknown,https://www.heaj.be/fr/int/partenaires-par-departement/,L’Université du Luxembourg,0.9,International,no,cited page was not read by the fetcher (cannot check),2026-10-08T17:53:00Z
r023,Haute Ecole de la Communauté française Albert Jacquard,L’Instituto politecnico de Santarèm,Portugal,other,unknown,https://www.heaj.be/fr/int/partenaires-par-departement/,L’Instituto politecnico de Santarèm,0.9,International,no,cited page was not read by the fetcher (cannot check),2026-10-08T17:53:00Z
r023,Haute Ecole de la Communauté française Albert Jacquard,National University of Science and Technology MISIS de Moscou,Russie,university,unknown,https://www.heaj.be/fr/int/partenaires-par-departement/,National University of Science and Technology MISIS de Moscou,0.9,International,no,cited page was not read by the fetcher (cannot check),2026-10-08T17:53:00Z
r023,Haute Ecole de la Communauté française Albert Jacquard,La SUPSI (Scuola universitaria professionale della Svizzera italiana),Suisse,university,unknown,https://www.heaj.be/fr/int/partenaires-par-departement/,"La SUPSI (Scuola universitaria professionale della Svizzera italiana), à Lugano",0.9,International,no,cited page was not read by the fetcher (cannot check),2026-10-08T17:53:00Z
r023,Haute Ecole de la Communauté française Albert Jacquard,L’Université de Fribourg,Suisse,university,unknown,https://www.heaj.be/fr/int/partenaires-par-departement/,L’Université de Fribourg,0.9,International,no,cited page was not read by the fetcher (cannot check),2026-10-08T17:53:00Z
r023,Haute Ecole de la Communauté française Albert Jacquard,L’Université Laval,Canada,university,unknown,https://www.heaj.be/fr/int/partenaires-par-departement/,"L’Université Laval, à Québec",0.9,International,no,cited page was not read by the fetcher (cannot check),2026-10-08T17:53:00Z
r023,Haute Ecole de la Communauté française Albert Jacquard,Le Cégep de Ste-Foy,Canada,college,unknown,https://www.heaj.be/fr/int/partenaires-par-departement/,"Le Cégep de Ste-Foy, à Québec",0.9,International,no,cited page was not read by the fetcher (cannot check),2026-10-08T17:53:00Z
r023,Haute Ecole de la Communauté française Albert Jacquard,Le Cégep de l’Outaouais,Canada,college,unknown,https://www.heaj.be/fr/int/partenaires-par-departement/,"Le Cégep de l’Outaouais, à Québec",0.9,International,no,cited page was not read by the fetcher (cannot check),2026-10-08T17:53:00Z
r023,Haute Ecole de la Communauté française Albert Jacquard,Cegep,Canada,college,unknown,https://www.heaj.be/fr/int/partenaires-par-departement/,"Cegep, à Chicoutimi",0.9,International,no,cited page was not read by the fetcher (cannot check),2026-10-08T17:53:00Z
r023,Haute Ecole de la Communauté française Albert Jacquard,Le Collège Ahuntsic,Canada,college,unknown,https://www.heaj.be/fr/int/partenaires-par-departement/,"Le Collège Ahuntsic, à Montréal",0.9,International,no,cited page was not read by the fetcher (cannot check),2026-10-08T17:53:00Z
r023,Haute Ecole de la Communauté française Albert Jacquard,L’Université de Regina,Canada,university,unknown,https://www.heaj.be/fr/int/partenaires-par-departement/,"L’Université de Regina, à Regina",0.9,International,no,cited page was not read by the fetcher (cannot check),2026-10-08T17:53:00Z
r023,Haute Ecole de la Communauté française Albert Jacquard,L’Universidad Autonoma de Guadalajara,Mexique,university,unknown,https://www.heaj.be/fr/int/partenaires-par-departement/,"L’Universidad Autonoma de Guadalajara, à Guadalajara",0.9,International,no,cited page was not read by the fetcher (cannot check),2026-10-08T17:53:00Z
r023,Haute Ecole de la Communauté française Albert Jacquard,L’Université libanaise,Liban,university,unknown,https://www.heaj.be/fr/int/partenaires-par-departement/,"L’Université libanaise, Beyrout",0.9,International,no,cited page was not read by the fetcher (cannot check),2026-10-08T17:53:00Z
r023,Haute Ecole de la Communauté française Albert Jacquard,Le BIEFOR – Bureau International en Education et Formation,unknown,other,unknown,https://www.heaj.be/fr/int/partenaires-par-departement/,Le BIEFOR – Bureau International en Education et Formation,0.9,Unknown,no,cited page was not read by the fetcher (cannot check),2026-10-08T17:53:00Z
r025,Duale Hochschule Baden-Württemberg Lörrach,Université de Haute Alsace – UHA,France,university,study,https://dhbw-loerrach.de/ibm/studieninhalte-profil,"Der Studiengang International Business Management (IBM) Trinational vermittelt betriebswirtschaftliche und interkulturelle Kompetenzen. Ein besonderes Merkmal des Studiengangs stellt das grenzüberschreitende Konzept dar. Das heißt, das mehrsprachige Studium wird gemeinsam mit den beiden Partnerhochschulen Université de Haute Alsace – UHA in Colmar (Frankreich) und der Fachhochschule Nordwestschweiz – FHNW in Basel (Schweiz) durchgeführt.",0.9,International,no,cited page was not read by the fetcher (cannot check),2026-10-08T17:51:25Z
r025,Duale Hochschule Baden-Württemberg Lörrach,Fachhochschule Nordwestschweiz – FHNW,Switzerland,university,study,https://dhbw-loerrach.de/ibm/studieninhalte-profil,"Der Studiengang International Business Management (IBM) Trinational vermittelt betriebswirtschaftliche und interkulturelle Kompetenzen. Ein besonderes Merkmal des Studiengangs stellt das grenzüberschreitende Konzept dar. Das heißt, das mehrsprachige Studium wird gemeinsam mit den beiden Partnerhochschulen Université de Haute Alsace – UHA in Colmar (Frankreich) und der Fachhochschule Nordwestschweiz – FHNW in Basel (Schweiz) durchgeführt.",0.9,International,no,cited page was not read by the fetcher (cannot check),2026-10-08T17:51:25Z
r025,Duale Hochschule Baden-Württemberg Lörrach,Deutsch-Französische Hochschule (DFH),France/Germany,network,unknown,https://dhbw-loerrach.de/forschung/wissenstransfer-kooperationen,Deutsch-Französische Hochschule (DFH),0.9,International,no,cited page was not read by the fetcher (cannot check),2026-10-08T17:51:25Z
r027,INSTITUTE OF TECHNOLOGY SLIGO - ITS,World Technology Universities Network (WTUN),unknown,network,unknown,https://noneuapply.atu.ie/,Two PhD students from Atlantic Technological University achieved first place in the prestigious World Technology Universities Network (WTUN) Student Competition 2025.,0.9,International,no,cited page was not read by the fetcher (cannot check),2026-10-08T17:51:59Z
r027,INSTITUTE OF TECHNOLOGY SLIGO - ITS,Global Sustainable Tourism Council (GSTC),unknown,other,unknown,https://noneuapply.atu.ie/,"County Clare has become the first county in Ireland to achieve full certification as a sustainable tourism destination, marking a significant milestone in the evolution of Irish tourism. The certification, awarded by EarthCheck and aligned with the Global Sustainable Tourism Council (GSTC) standards, positions Clare as a global leader in responsible travel and destination management.",0.9,Unknown,no,cited page was not read by the fetcher (cannot check),2026-10-08T17:51:59Z
r027,INSTITUTE OF TECHNOLOGY SLIGO - ITS,Texas A&M University,United States,university,unknown,https://noneuapply.atu.ie/,"Atlantic Technological University announces that the Irish team, IRIS, has been selected among the six finalist teams for IFTP 2025. The team will compete at Texas A&M University, College Station next week, from April 15–18, for the title of Global Champion.",0.9,International,no,cited page was not read by the fetcher (cannot check),2026-10-08T17:51:59Z
r027,INSTITUTE OF TECHNOLOGY SLIGO - ITS,Bright Kids Uganda (BKU),Uganda,other,unknown,https://noneuapply.atu.ie/,"Since 2017, Atlantic Technological University (ATU) St Angelas has supported NGO Bright Kids Uganda (BKU) through various humanitarian initiatives. Since then, a formal Erasmus+ partnership has been established which offers students and staff a truly life-changing experience though community engagement projects in the Entebbe region of the country.",0.9,International,no,cited page was not read by the fetcher (cannot check),2026-10-08T17:51:59Z
r027,INSTITUTE OF TECHNOLOGY SLIGO - ITS,EarthCheck,unknown,other,unknown,https://noneuapply.atu.ie/,"County Clare has become the first county in Ireland to achieve full certification as a sustainable tourism destination, marking a significant milestone in the evolution of Irish tourism. The certification, awarded by EarthCheck and aligned with the Global Sustainable Tourism Council (GSTC) standards, positions Clare as a global leader in responsible travel and destination management.",0.9,Unknown,no,cited page was not read by the fetcher (cannot check),2026-10-08T17:51:59Z
